accession,number,date,title,url,extractedCount,pdfPath,textPath,text
ML26245A104,2026090,2026-08-31,PALISADES NUCLEAR PLANT - NRC INSPECTION REPORT 05000255/2026090,https://www.nrc.gov/docs/ML2624/ML26245A104.pdf,2,archive/reports/ML26245A104/5eace489af390fdd70e3c14a96cdec153fbb8eab416154a857484db9743c8c9b.pdf,archive/reports/ML26245A104/5eace489af390fdd70e3c14a96cdec153fbb8eab416154a857484db9743c8c9b.txt,"                                        August 31, 2026

Michael Schultheis
Site Vice President
Palisades Energy, LLC
Palisades Nuclear Plant
27780 Blue Star Memorial Hwy
Covert MI 49043-9530

SUBJECT:      PALISADES NUCLEAR PLANT - NRC INSPECTION REPORT
              05000255/2026090

Dear Michael Schultheis:

On March 20, 2026, the U.S. Nuclear Regulatory Commission (NRC) completed an inspection
at Palisades Nuclear Plant. On August 12, 2026, the NRC inspectors discussed the results of
this inspection with you and other members of your staff. The results of this inspection are
documented in the enclosed report.

Two findings of very low safety significance (Green) are documented in this report. Two of these
findings involved violations of NRC requirements. We are treating these violations as
non-cited violations (NCVs) consistent with Section 2.3.2 of the Enforcement Policy.

If you contest the violations or the significance or severity of the violations documented
in this inspection report, you should provide a response within 30 days of the date of this
inspection report, with the basis for your denial, to the U.S. Nuclear Regulatory Commission,
ATTN: Document Control Desk, Washington, DC 20555 0001; with copies to the Regional
Administrator, Region III; 2056 Westings Avenue, Suite 400, Naperville, IL 60563; the Director,
Division of Reactor Projects; and NRC Resident Inspector at Palisades Nuclear Plant.

If you disagree with a cross-cutting area assignment in this report, you should provide a
response within 30 days of the date of this inspection report, with the basis for your
disagreement, to the U.S. Nuclear Regulatory Commission, ATTN: Document Control
Desk, Washington, DC 20555 0001; with copies to the Regional Administrator, Region III;
2056 Westings Avenue, Suite 400, Naperville, IL 60563; the Director, Division of Reactor
Projects; and the NRC Resident Inspector at Palisades Nuclear Plant.
M. Schultheis                                   2


This letter, its enclosure, and your response (if any) will be made available for public inspection
and copying at http://www.nrc.gov/reading-rm/adams.html and at the NRC Public Document
Room in accordance with Title 10 of the Code of Federal Regulations 2.390, “Public Inspections,
Exemptions, Requests for Withholding.”

                                             Sincerely,


                                                               Signed by April Nguyen Signing on behalf of
                                             Michael Ziolkowski on 08/31/26



                                             Michael E. Ziolkowski, Chief
                                             Division of Reactor Safety
                                             Plant Support Branch
                                             Region III

Docket No. 05000255

License No. DPR-20

Enclosure:
As stated

cc: w/ encl: distribution via digital
 communications platform
M. Schultheis                                 3


Letter to Michael Schultheis from Michael E. Ziolkowski dated August 31, 2026.

SUBJECT:        PALISADES NUCLEAR PLANT - NRC INSPECTION REPORT
                05000255/2026090

DISTRIBUTION:
Eric Stamm
RidsNrrPMPalisades Resource
RidsNrrDlp1Orlb3
RidsNrrDroIrib Resource
Mohammed Shuaibi
Diana Betancourt-Roldan
Deborah Piskura
All-CNRI-R3DRS-Staff
All-CNRI-R3DRP-Staff




ADAMS Accession Number: ML26245A104
PKG: ML26243A262
e-Concurrence case: 20260831-02186
                     U.S. NUCLEAR REGULATORY COMMISSION
                                Inspection Report



Docket Number:           05000255


License Number:          DPR-20


Report Number:           05000255/2026090


Enterprise Identifier:   I-2026-090-0007


Licensee:                Palisades Energy, LLC


Facility:                Palisades Nuclear Plant


Location:                Covert, MI


Inspection Dates:        February 23, 2026 to March 20, 2026


Inspectors:              J. Cassidy, Senior Health Physicist
                         V. Myers, Senior Health Physicist
                         S. Orth, Senior Health Physicist


Approved By:             Michael E. Ziolkowski, Chief
                         Division of Reactor Safety
                         Plant Support Branch
                         Region III




                                                               Enclosure
                                             SUMMARY

The U.S. Nuclear Regulatory Commission (NRC) continued monitoring the licensee's
performance by conducting an inspection at Palisades Nuclear Plant, in accordance with the
Reactor Oversight Process. The Reactor Oversight Process is the NRC's program for
overseeing the safe operation of commercial nuclear power reactors. Refer to
https://www.nrc.gov/reactors/operating/oversight.html for more information.

                                List of Findings and Violations

 Failure to implement the radiation protection program for work activities with high alpha
 contamination levels
 Cornerstone           Significance                          Cross-Cutting         Report Section
                                                             Area
 Occupational          Green                                 Problem               71124.01
 Radiation Safety      NCV 05000255/2026090-01               Identification and
                       Open/Closed                           Resolution
 The inspectors identified a Green Finding and associated Non-Cited Violations (NCVs) of
 T.S 5.4.1, 10 CFR 20.1501, 10 CFR 20.1702, 10 CFR 20.1902 and 10 CFR 20.1101 when the
 licensee failed to implement its radiation protection program for work activities with high alpha
 contamination levels.


 Failure to Monitor Internal Dose
 Cornerstone           Significance                          Cross-Cutting        Report Section
                                                             Area
 Occupational        Green                                   Human               71124.04
 Radiation Safety    NCV 05000255/2026090-02                 Performance
                     Open/Closed
 The NRC identified a Green finding and associated Non-Cited Violation (NCV) of 10 CFR
 20.1502 when the licensee failed to assess internal dose for various individuals in elevated
 airborne areas.


                                      Additional Tracking Items



None.




                                                 2
PLANT STATUS

On August 25, 2025, Palisades notified the NRC that they rescinded their Title 10 of the Code of
Federal Regulations (10 CFR) 50.82(a)(1) certification, which removed the prohibition on
operation and emplacement of fuel in the reactor. Palisades also implemented the set of
licensing actions to support reimplementation of their operational licensing basis. On August 25,
2025, the NRC transitioned oversight of Palisades to the Reactor Oversight Process (ROP).

The NRC is conducting inspections to evaluate and assess the licensee’s activities for
restoration to an operating status. The resident inspectors, as well as supplemental inspectors,
continue to provide daily oversight of the restart activities occurring at the site.

The unit ended the inspection period in a defueled status.

INSPECTION SCOPES

Inspections were conducted using the appropriate portions of the inspection procedures (IPs) in
effect at the beginning of the inspection unless otherwise noted. Currently approved IPs with
their attached revision histories are located on the public website at http://www.nrc.gov/reading-
rm/doc-collections/insp-manual/inspection-procedure/index.html. Samples were declared
complete when the IP requirements most appropriate to the inspection activity were met
consistent with Inspection Manual Chapter (IMC) 2515, “Light-Water Reactor Inspection
Program - Operations Phase.” The inspectors reviewed selected procedures and records,
observed activities, and interviewed personnel to assess licensee performance and compliance
with Commission rules and regulations, license conditions, site procedures, and standards.

RADIATION SAFETY

71124.01 - Radiological Hazard Assessment and Exposure Controls

Radiological Hazard Assessment (IP Section 03.01) (1 Sample)

    (1)    The inspectors evaluated how the licensee identifies the magnitude and extent of
           radiation levels, identifies the concentrations and quantities of radioactive materials,
           and assesses radiological hazards.

Instructions to Workers (IP Section 03.02) (1 Sample)

    (1)    The inspectors evaluated how the licensee instructs workers on plant-related
           radiological hazards and the radiation protection requirements intended to protect
           workers from those hazards.

Contamination and Radioactive Material Control (IP Section 03.03) (2 Samples)

The inspectors observed/evaluated the following licensee processes for monitoring and
controlling contamination and radioactive material:



    (1)    licensee surveys of potentially contaminated material leaving the radiologically
           controlled area


                                                3
    (2)    workers exiting the radiologically controlled area

Radiological Hazards Control and Work Coverage (IP Section 03.04) (3 Samples)

The inspectors evaluated the licensee's control of radiological hazards for the following
radiological work:

    (1)    tilt pit work activities: During review of tilt pit work activities, the inspectors identified
           elevated airborne radioactivity levels. Per IMC 0309, “Reactive Inspection Decision
           Basis for Power Reactors,” the NRC considered whether this inspection sample should
           be the subject of a reactive inspection and determined that a reactive inspection was
           not necessary, as documented in ADAMS Nos. ML26063A512 and ML26110A280.
    (2)    shutdown cooling heat exchanger work activities: During review of shutdown cooling
           heat exchanger work activities, the inspectors identified elevated airborne radioactivity
           levels. Per IMC 0309, “Reactive Inspection Decision Basis for Power Reactors,” the
           NRC considered whether this inspection sample should be the subject of a reactive
           inspection and determined that a reactive inspection was not necessary, as
           documented in ADAMS Nos. ML26063A512 and ML26110A280.
    (3)    preparation for primary system passivation

High Radiation Area and Very High Radiation Area Controls (IP Section 03.05) (3 Samples)

The inspectors evaluated licensee controls of the following high radiation areas (HRAs) and
very high radiation areas (VHRAs):

    (1)    Locked High Radiation Area (LHRA) for the reactor head laydown area
    (2)    LHRA controls for the old boronometer room
    (3)    Walkdowns of HRA posting and controls for passivation

Radiation Worker Performance and Radiation Protection Technician Proficiency (IP Section
03.06) (1 Sample)

    (1)    The inspectors evaluated radiation worker and radiation protection technician
           performance as it pertains to radiation protection requirements.

71124.03 - In-Plant Airborne Radioactivity Control and Mitigation

Temporary Ventilation Systems (IP Section 03.02) (1 Sample)

The inspectors evaluated the configuration of the following temporary ventilation systems:

    (1)    South tilt pit

Use of Respiratory Protection Devices (IP Section 03.03) (1 Sample)

    (1)    The inspectors evaluated the licensee’s use of respiratory protection devices.

Self-Contained Breathing Apparatus for Emergency Use (IP Section 03.04) (1 Sample)

    (1)    The inspectors evaluated the licensee’s use and maintenance of self-contained
           breathing apparatuses.

                                                 4
71124.04 - Occupational Dose Assessment

Source Term Characterization (IP Section 03.01) (1 Sample)

    (1)    The inspectors evaluated licensee performance as it pertains to radioactive source
           term characterization.

Internal Dosimetry (IP Section 03.03) (3 Samples)

The inspectors evaluated the following internal dose assessments:

    (1)    Internal dose assessment for PCE 2025-0008
    (2)    Internal dose assessment performed for condition report 25015324
    (3)    Lapel air sample results for numerous individuals

INSPECTION RESULTS

 Failure to implement the radiation protection program for work activities with high alpha
 contamination levels
 Cornerstone              Significance                    Cross-Cutting Area         Report
                                                                                     Section
 Occupational             Green                           Problem Identification     71124.01
 Radiation Safety         NCV 05000255/2026090-           and Resolution
                          01
                          Open/Closed
 The inspectors identified a Green Finding and associated Non-Cited Violations (NCVs) of
 T.S 5.4.1, 10 CFR 20.1501, 10 CFR 20.1702, 10 CFR 20.1902 and 10 CFR 20.1101 when the
 licensee failed to implement its radiation protection program for work activities with high alpha
 contamination levels.
 Description:

 During discussions with site personnel and observing fuel handling system work in the tilt pit,
 the inspectors became aware of recent elevated airborne radioactivity samples, and that
 additional High Efficiency Particulate Air (HEPA) ventilation was recently installed for the on-
 going work activities. A review of requested air sample records indicated that on 2/11/26 and
 2/13/26, the airborne radioactivity in the tilt pit reached levels of 173 Derived Air
 Concentration (DAC) and 469 DAC respectively. The tilt pit was posted as an Airborne
 Radioactivity Area (ARA) and individuals inside the tilt pit were wearing respirators and
 personal air samplers for internal dosimetry (lapels) in accordance with the Radiation Work
 Permit (RWP). Support activities were performed by individuals on the floor above and
 surrounding the tilt pit. Airborne radioactivity levels for this area on 2/11 and 2/13 reached
 2.21 DAC and 3.82 DAC respectively. This area was not posted as an ARA and the stop work
 criteria in this location was 0.3 DAC. Individuals performing support functions in this location
 were not wearing respirators but were wearing lapel air samplers. Based on this information,
 the inspectors reviewed aspects of the site’s planning and work control for this work activity.

 This work was controlled under RWP 20250633, Reactor Cavity Fuel Handling Equipment
 Upgrade. On 9/15/25, after drain down of the tilt pit, a survey was performed to establish
 radiological conditions. This survey included contamination surveys on the framework and
 upender, and identified up to 25,510 dpm/100cm2 alpha. This survey was used as the basis
 for establishing controls in the RWP. This included a calculation to establish expected

                                                 5
airborne radioactivity levels of 3.95 DAC, an assessment of respiratory protection based on
the expected levels, and stop work criteria of 500K dpm/100cm2 alpha contamination, and 30
DAC for airborne radioactivity.

Procedure EN-RP-141, Job Coverage, requires that surveys be sufficient to identify the
radiological hazards associated with the job being covered. On 2/11/26 maintenance
personnel entered the tilt pit to work on the tilt pit floor. However, the survey performed on
9/15/25, which was used to establish the RWP controls, did not include contamination
surveys of the floor. On 2/13/26 another entry was made into the tilt pit for a radiation
protection technician to perform a contamination survey and to apply an adhesive fixative to
tilt pit floor. The contamination survey on the floor taken at this time indicated alpha
contamination of 6.5 million dpm/100cm2, which is well above the contamination levels from
the 9/15/25 survey and the stop work criteria of the RWP. This demonstrates that the survey
performed on 9/15/25 was insufficient to identify the radiological hazard associated with the
work activities conducted on 2/11/26, and a contamination survey of the floor should have
been performed prior to allowing worker entry on 2/11/26.

A continuous air monitor (CAM) was in the same room as the work being conducted;
however, it was not near the work, and the CAM did not detect alpha radiation. As the
airborne radioactivity was heavily driven by alpha (172 out of 173 DAC and 468 out of 469
DAC respectively), this monitor did not provide real time airborne radioactivity monitoring for
this work. In addition, the air samples collected inside the tilt pit and just above the tilt pit were
taken for the duration of the work each shift and analyzed after work was completed and
workers had already exited the area. Therefore, there was no real time, or near real time,
monitoring for airborne radioactivity.

Procedure EN-RP-105, Radiological Work Permits (RWPs), requires documentation of
planned engineering controls, such as the use of HEPA ventilation. Specifics on engineering
controls for this work were not identified in the RWP or other planning documents and no
revisions were made when the existing engineering controls were demonstrated to be
insufficient, as evidenced by the repeated exceedance of the stop work criteria established in
the RWP. Initially, a single 125 cfm HEPA unit was installed for the tilt pit. On 2/12/26, a
second 125 cfm HEPA was installed, and a third 2,500 cfm HEPA unit was installed on or
around 2/17/26. However, air samples collected during multiple shifts identified that the stop
work criteria for airborne radioactivity was exceeded. Additional actions, such as wetting the
tilt pit walls were performed after each exceedance. This continued, unsuccessfully, until the
conditions were evaluated as an engineering issue and resulted in the construction of a full
tent erected over the tilt pit. This engineered action increased effectiveness by increasing the
number of air changeouts in the smaller defined space, while reducing the resuspension of
particles by reducing the number HEPA units in the tilt pit.

Procedure EN-RP-141, Job Coverage, requires certain actions when initiating stop work
authority. Specifically, that the Radiation Protection Supervisor, Radiation Protection Manager,
and outage management must be notified of the stop work and a condition report must be
initiated. On multiple occasions these communications were not made, and condition reports
were not generated for instances in which stop work criteria were met. Additionally, although
the tilt pit was posted as an ARA, the floor above the tilt pit was not. The inspectors reviewed
records for 2/11 and 2/13 when the air samples taken next to the tilt pit indicated 2.21 DAC
and 3.82 DAC respectively in this location. Due to the containment equipment hatch being
near the tilt pit, the area around the tilt pit was frequently occupied by individuals performing
other work activities. RP-131, Air Sampling, requires certain actions when an air sample

                                                  6
exceeds 0.3 DAC in an area not already posted and controlled as an ARA. This includes 1)
stop work, 2) evacuate workers from the area, 3) collect grab samples to determine if airborne
concentrations are sustained and to identify the source if unknown, 4) inform workers without
respirators that airborne activity was measured and potential exposures will be evaluated, 5)
if conditions may still exist or are unknown, post the area as an ARA, 6) notify RP supervision,
and 7) document the occurrence in the corrective action program. For the elevated levels
seen on 2/11/26, a grab sample was not taken until approximately eight hours later. For the
elevated levels seen on 2/13/26, a grab sample was not taken until approximately sixteen
hours later. Workers were not evacuated from the area or informed of the ARA conditions, the
area was not posted or controlled as an ARA, and these occurrences were not documented in
the corrective action program.

The inspectors reviewed another work activity with similar radiological hazards, which was the
opening and inspection of the shutdown cooling heat exchanger. This activity was covered
under RWP 20250574, Eddy Current Inspections on E-60B Shutdown Cooling Heat
Exchanger. This area was posted as an ARA, alpha III, and required respiratory protection
and lapels for entry. The stop work criteria for these work activities included 200,000 dpm/100
cm2 alpha contamination and 40 DAC airborne radioactivity inside the enclosure. Initial
surveys taken upon opening of the heat exchanger on 12/23/25 showed alpha contamination
in a range of 700 dpm/100cm2 to 9.6 million dpm/100cm2. An air sample taken during this
evolution showed airborne radioactivity of 56.1 DAC (55.9 DAC from alpha). For this work
activity, this was the first opportunity RP had to perform surveys to assess radiological
conditions against those assumed in the RWP. No further entries were made until 12/26/25,
when RP entered the area to perform decontamination efforts. Post decontamination surveys
indicated contamination levels below the stop work criteria.

The inspectors reviewed contamination surveys taken in the area during subsequent heat
exchanger inspections and identified one smear above the stop work criteria for alpha
contamination, at 680,000 dpm/100 cm2. In addition, the inspectors reviewed air sampling
records and identified two instances in which the stop work criteria of 40 DAC was exceeded.
One air sample record was taken on 1/6/26 for the duration of the work activity and indicated
890 DAC (888 DAC alpha) when analyzed after individuals had left the area. The next air
sample taken in this location was performed on 1/7/26, during the next work evolution in the
area, and indicated 6.7 DAC at that time. On 1/9/26, another air sample result indicated
airborne radioactivity of 61.5 DAC. The next air sample taken in this location was performed
on 1/10/26, during the next work evolution in the area, and indicated 0.97 DAC at that time.
The air sample records exceeding the stop work criteria of 40 DAC contained no remarks,
condition reports were not initiated for exceeding the stop work criteria, and the inspectors did
not identify any communications and/or actions taken in response to these results. In addition
to air sample records in the work area, the inspectors reviewed air sample records for the
area adjacent to the work area, which was not controlled as an ARA or alpha III area,
therefore no respiratory protection or lapels were required. This area was a staging/support
area for the heat exchanger work and was frequently occupied. These records showed levels
that would have required posting and controlling the area as an ARA on several occasions;
including on 12/29/25 with 5.8 DAC, on 1/6/26 with 1.7 DAC, and on 1/9/26 with 3.8 DAC.
The inspectors did not identify any condition reports related to these elevated readings and
could not identify any actions taken by the site in response to the results. The inspectors
reviewed various other air sample records in nearby locations and individual lapel records
around the times of these elevated readings and did not identify any instances in which
occupational dose limits were challenged.


                                                7
Corrective Actions:

The licensee established a review process for upcoming high radiological risk activities to
validate appropriate controls were planned and executed. In addition, the licensee initiated a
root cause evaluation to further review the issues and identify appropriate corrective actions.

Corrective Action References: CR 26012884
Performance Assessment:

Performance Deficiency: The licensee failed to implement and maintain its radiation
protection program for work activities with high alpha contamination levels. This was
reasonably within the licensee's ability to foresee and correct and could have been prevented.

Screening and Significance: The inspectors assessed the significance of the finding using
IMC 0609 Appendix C, “Occupational Radiation Safety SDP” The Performance Deficiency
(PD) was determined to be more than minor because it resulted in 100 mrem or more of
unplanned, unintended effective dose to a single individual. Specifically, several lapel air
sample results from work on the tilt pit indicated internal doses greater than 100 mrem when
no internal exposure was planned. The PD was determined to be Green because it did not
involve an overexposure (i.e., no regulatory dose limit was exceeded).

Cross-Cutting Area: Problem Identification and Resolution

The organization did not implement a corrective action program with a low threshold for
identifying issues. Specifically, the issues with high alpha contamination levels and airborne
radioactivity were not promptly raised to sufficient levels to initiate timely corrective actions to
prevent repeated occurrences.
Enforcement:
Violations:

Technical Specification (TS) 5.4.1 requires that procedures be established, implemented, and
maintained covering activities in Regulatory Guide 1.33, Revision 2, Appendix A. RG 1.33,
Revision 2, Appendix A includes radiation protection procedures for radiation permits,
radiation surveys, airborne radioactivity monitoring, and contamination control. Contrary to the
above, from December 2025 through February 2026, the licensee failed to implement
procedures established in accordance with TS 5.4.1. Specifically, the licensee failed to
implement portions of EN-RP-141, EN-RP-105, and RP-131 for work activities associated
with the tilt pit and shutdown cooling heat exchanger.

Title 10 CFR 20.1501 requires that the licensee make or cause to be made surveys of areas
that may be necessary to comply with the regulations in 10 CFR Part 20 and are reasonable
under the circumstances to evaluate the potential radiological hazards of radiation levels and
residual radioactivity detected. 20.1701 requires the licensees use, to the extent practical,
process or other engineering controls to control the concentration of radioactive material in
air. Contrary to the above, from December 2025 through February 2026, the licensee failed to
perform adequate surveys to comply with the regulations in 20.1701. Specifically, over
different radiological work activities, the licensee failed to assess contamination and airborne
radioactivity measurements to ensure that the established process and engineering controls
would be/were sufficient.



                                                  8
Title 10 CFR 20.1702 requires, in part, that when it is not practical to apply process or other
engineering controls to control the concentrations of radioactive material in the air to values
below those that define an ARA, the licensee shall increase monitoring and limit intakes by
use of controls. Contrary to the above, From December 2025 through February 2026, the
licensee failed to control areas not maintained below the levels of an ARA. Specifically, the
areas around the tilt pit and shutdown cooling heat exchanger indicated airborne radioactivity
above the ARA threshold and no action were taken by the licensee to control these areas.

Title 10 CFR 20.1902 requires that licensees post each ARA with a conspicuous sign or signs
bearing the radiation symbol and the words “CAUTION (or DANGER), AIRBORNE
RADIOCTIVITY AREA”. Contrary to the above, on multiple occasions between December
2025 and February 2026, the licensee failed to post ARAs around the tilt pit and shutdown
cooling heat exchanger.

Title 10 CFR 20.1101 requires that each licensee develop, document, and implement a
radiation protection program commensurate with the scope and extent of licensed activities
and sufficient to ensure compliance with the provisions of this part. Contrary to the above,
from December 2025 to February 2026, the licensee did not develop, document, and
implement a radiation program commensurate with the scope and extent of licensed activities
and sufficient to ensure compliance with the provisions of 10 CFR Part 20. Specifically, the
licensee’s radiological source term has changed significantly enough that the established
protocols did not adequately address managing the alpha contamination levels or establishing
adequate administrative and engineering controls.

Enforcement Action: These violations are being treated as non-cited violations, consistent
with Section 2.3.2 of the Enforcement Policy.


Failure to Monitor Internal Dose
Cornerstone                 Significance                  Cross-Cutting Area     Report
                                                                                 Section
Occupational Radiation   Green                           Human                   71124.04
Safety                   NCV 05000255/2026090-02 Performance
                         Open/Closed
The NRC identified a Green finding and associated Non-Cited Violation (NCV) of 10 CFR
20.1502 when the licensee failed to assess internal dose for various individuals in elevated
airborne areas.


Description:

The inspectors reviewed all lapel results for individuals performing work activities in and
around the tilt pit on February 11 and 13, 2026, when general area air samples identified
elevated airborne radioactivity. Lapels are personal air samplers that monitor the breathing
zone of workers and are a dosimeter used to assess the internal dose, Committed Effective
Dose Equivalent (CEDE), received by intake of radioactive material.
The licensee’s procedures for internal monitoring include the following:

   1. EN-RP-122, Alpha monitoring, requires that lapels be used by each individual involved
      in work activities in alpha level 3 areas.


                                               9
   2. RP-131, Air Sampling, requires 1) that if the final activity of a lapel is equal to or
      greater than the activity corresponding to 10 mrem CEDE, perform a lapel CEDE
      Calculation per RP-203, Dose Assessment, and to contact the RP supervisor to
      evaluate the CEDE and 2) that an assessment of potential doses be performed for
      workers in an ARA without respiratory protection.
   3. RP-203, Dose Assessments, requires various actions related to internal dose
      assessment, including: 1) a worker’s dosimetry record be updated if the calculated
      dose is 10 mrem or more, 2) for calculations greater than or equal to 100 mrem
      CEDE, bioassays must be initiated and a condition report must be written and 3) the
      results of the CEDE calculation must be forwarded to the dosimetry supervisor for
      review.

Three lapel results reviewed by the inspectors indicated a CEDE greater than the site's
investigation threshold of 10 mrem CEDE (20 mrem, 48 mrem, and 311 mrem CEDE). The
licensee annotated these results with handwritten notes indicating the samples were cross
contaminated and referenced a worksheet. The worksheet showed the relative amount of
activity on each half and/or quarter of a lapel to try to identify if it was cross contamination or
a true measurement of the amount of airborne radioactive material within the breathing zone
of the worker. The worksheet included gross activity, but there was no evaluation of the data,
and the process is not described in site procedures. The worksheet provided to the inspectors
included a total of 29 lapel results, since January 1, 2026, all of which had exceeded the
10 mrem CEDE investigation threshold.

Using the data provided in the worksheet, the inspectors requested the results of an
additional four lapels for review. One of the lapels was from work removing the reactor vessel
head gasket on 1/9/26 with a result of 257 mrem CEDE. Two of the lapels were from work on
1/10/26 for installing the reactor vessel head o-ring with doses of 150 mrem and 223 mrem
CEDE. The fourth lapel was from housekeeping activities in the West Engineering Safeguards
room on 2/10/26 with a dose of 690 mrem CEDE. Based on a review of the information
provided to the inspectors and discussion with site staff in February and March 2026, none of
the requirements in RP-203, for performing dose estimates, were completed for any of the
lapel results greater than 10 mrem CEDE that were referenced on the worksheet.
In addition, the inspectors identified air sample results in the area around the tilt pit, meeting
the definition of an ARA on February 11 & 13 of 2026. In addition to the individuals directly
supporting the work in the tilt pit, individuals would have been present in the area without
lapels or respiratory protection. For example, the containment equipment hatch, which was
the routine entry/exit point for containment, was near the tilt pit and routinely had individuals
in this area. An assessment of potential doses for these individuals was not performed in
accordance with RP-131, Air Sampling.

The licensee’s prospective evaluation for determining if individuals are likely to receive
internal dose to such a degree that internal monitoring is required has determined that
internal monitoring is generally not required. However, the inspectors determined that this
evaluation was based on historical radiological conditions and work activities that did not
reflect the radiological conditions for the work activities reviewed. In addition, the prospective
evaluation states that dose evaluations for unusual/unanticipated exposure events would
constitute required monitoring, consistent with Regulatory Guide 8.34, Monitoring Criteria and
Methods to Calculate Occupational Radiation Doses. Therefore, the inspectors determined
that for the instances reviewed, monitoring was required. 10 CFR Part 20 defines monitoring
as the measurement of radiation levels, concentrations, surface area concentrations or
quantities of radioactive material and the use of the results of these measurements to

                                                10
evaluate potential exposure and doses. Although the licensee had provided internal dosimetry
in the form of lapels, they failed to use the results of those measurements; and therefore, did
not provide monitoring.

Corrective Actions:
The licensee performed an extent of condition from November 2025 forward to identify what
lapel air sample results needed evaluations and has started these evaluations. In addition,
the licensee conducted a root cause evaluation to identify appropriate corrective actions to
address procedural and programmatic issues.

Corrective Action References: CR 26012884
Performance Assessment:

Performance Deficiency: The licensee failed to monitor internal dose for individuals impacted
by elevated airborne radioactivity in accordance with established procedures. Specifically, on
numerous occasions from January 2026 to March 2026, the licensee failed to 1) assess the
potential doses to workers in unposted ARAs in accordance with EN-RP-131, Air Sampling,
and 2) perform internal dose evaluations on individuals for whom their internal dosimetry
results exceeded the activity level that would equate to 10 mrem CEDE, in accordance with
RP-131, Air Sampling, and EN-RP-203, Dose Assessment. This was reasonably within the
licensee's ability to foresee and correct and could have been prevented.

Screening and Significance: The inspectors assessed the significance of the finding using
IMC 0609 Appendix C, “Occupational Radiation Safety SDP” The Performance Deficiency
(PD) was determined to be more than minor because there was a failure of the personnel
monitoring radiation protection program barrier. Specifically, there were program deficiencies
that resulted in a failure to account for exposures that exceeded, or could have exceeded, an
acute intake of radionuclides greater than 0.02 annual limit on intake (ALI) per individual
(which equates to 100 mrem CEDE), meeting the definition of a compromised ability to
assess dose. The PD was determined to be Green because it did not involve an
overexposure (i.e., no regulatory dose limit was exceeded).

Cross-Cutting Area: Human Performance

The licensee failed to follow processes and procedures for assessing internal dose.


Enforcement:

Violation:
10 CFR 20.1502 requires, in part, that licensees monitor exposure to radiation and
radioactive material at levels sufficient to demonstrate compliance with occupational dose
limits of 10 CFR Part 20. At a minimum, each licensee shall monitor the occupational intake of
radioactive material by and assess the CEDE to adults likely to receive an intake in excess of
10 percent of the Annual Limit of Intake. Contrary to the above, from January 1, 2026 to
February 23, 2026, the licensee failed to monitor the occupational intake of radioactive
material by and assess the CEDE to multiple individuals for whom monitoring was required.

Enforcement Action: This violation is being treated as a non-cited violation, consistent with
Section 2.3.2 of the Enforcement Policy.


                                               11
EXIT MEETINGS AND DEBRIEFS

The inspectors verified no proprietary information was retained or documented in this report.

   •   On March 20, 2026, the inspectors presented the preliminary results to
       Michael Schultheis, Site Vice President, and other members of the licensee staff.
   •   On August 12, 2026, the inspectors presented the final inspection results to
       Michael Schultheis, Site Vice President, and other members of the licensee staff.




                                               12
DOCUMENTS REVIEWED

Inspection   Type                       Designation        Description or Title                           Revision or
Procedure                                                                                                 Date
71124.01     Corrective Action          25015255           Individual Received Dose Alarm                 12/16/2025
             Documents                  25015324           Working Through Fault Alarm                    12/18/2025
                                        25015327           Worker in LHRA with No SRD                     12/18/2025
                                        26010125           LHRA Discovered Unlocked                       01/06/2026
             Corrective Action          26012832           RWP 2025-0633 revision 3 documentation is      03/19/2026
             Documents Resulting from                      missing from RWP package
             Inspection                 26012847           Contamination Survey Not Found                 03/19/2026
                                        26012848           Posting Discrepancy Identified during NRC      03/19/2026
                                                           Inspection
                                        26012851           Guidance on Stop Work Authority In             03/19/2026
                                                           EN-RP-141, Job Coverage
                                        26012853           Condition Report Not Generated When RWP        03/19/2026
                                                           Stop Work Criteria Met
                                        26012884           Radiation Protection Program Not Effectively   03/20/2026
                                                           Maintained to Account for Changes for Alpha
                                                           Contamination
             Miscellaneous              EN-RP-503,         Methodology For Estimating Airborne            0
                                        Attachment 9.11    Radioactivity for RWP 20250633
                                        EN-RP-503,         Methodology for Estimating Airborne            0
                                        Attachment 9.11    Radioactivity for RWP 20250574
                                        EN-RP-503,         TEDE-ALARA Evaluation Screening                0
                                        Attachment 9.12    Worksheet for RWP 20250633
                                        EN-RP-503,         TEDE-ALARA Evaluation Screening                0
                                        Attachment 9.12    Worksheet for RWP 20250574
             Procedures                 EN-RP-122          Alpha Monitoring                               10
                                        EN-RP-141          Job Coverage                                   10
                                        EN-RP-304          Operation of Counting Equipment                6
                                        RP-105             Radiological Work Permits                      0




                                                      13
                    RP-108             Radiation Protection Posting      0
                    RP-131             Air Sampling                      0
Radiation Surveys   2025-1784          South Tilt Pit                    09/15/2025
                    2025-2405          West Engineered Safeguards Heat   12/23/2025
                                       Exchanger Bolt Removal
                    2025-2410          West Engineered Safeguards Heat   12/23/2025
                                       Exchanger Breach
                    2025-2421          E-60B Pre/Post Decon              12/26/2025
                    2025-2425          E-60B Eddy Current Set Up         12/27/2025
                    2025-2436          E-60B Eddy Current                12/30/2025
                    2025-2442          E-60B Tube Plugging               01/6/2026
                    2026-0006          E-60B Eddy Current Activities     01/02/2026
                    2026-0060          E-60B Downpost                    01/10/2026
                    AS-010726-020773   Air Sample for West Engineered    01/06/2026
                                       Safeguards
                    AS-010726-020774   Air Sample for East Engineered    01/06/2026
                                       Safeguards
                    AS-010926-021123   Air Sample for East Engineered    01/09/2026
                                       Safeguards
                    AS-011026-021213   Air Sample for West Engineered    01/100/26
                                       Safeguards
                    AS-021126-024278   Air Sample Inside Tilt Pit        02/11/2026
                    AS-021126-024280   Air Sample Top Side of Tilt Pit   02/11/2026
                    AS-021226-024350   Air Sample Top Side of Tilt Pit   02/12/2026
                    AS-021326-024446   Air Sample Inside Tilt Pit        02/13/2026
                    AS-021326-024447   Air Sample Top Side of Tilt Pit   02/13/2026
                    AS-021426-024501   Air Sample Top Side of Tilt Pit   02/14/2026
                    AS-122325-022905   Air Sample for West Engineered    12/23/2025
                                       Safeguards for end bell removal
                    AS-122325-022913   Air Sample for West Engineered    12/23/2025
                                       Safeguards for End Bell Removal
                                       Entrance
                    AS-122325-022914   Air Sample for East Engineered    12/23/2025
                                       Safeguards for End Bell Removal



                                14
                                           AS-122925-023112     Air Sample in East Engineered              12/29/2025
                                                                Safeguards
           Radiation Work Permits (RWPs)   20250431             Spent Fuel Side South Tilt Pit and         0-3
                                                                Transfer Tube Decon, Entries for
                                                                Carriage Removal
                                           20250574             Eddy Current Inspections on E-60B          0-1
                                                                Shutdown Cooling Heat Exchanger
                                           20250633             Reactor Cavity Fuel Handling Equipment     0-6
                                                                Upgrade
71124.03   Miscellaneous                   N/A                  Respiratory Protection Training, Medical   02/10/2026
                                                                Physical, and Fit Testing Qualifications
                                           RA-001, Attachment   SCBA Flow Checks                           06/25/2025
                                           1
                                           WI-RSD-T-008,        SCBA Inspection Log for January 2026       01/29/2026
                                           Attachment 1
           Procedures                      EN-RP-505            PortaCount Respirator Fit Testing          9
                                           RP-502               Inspection and Maintenance of              0
                                                                Respiratory Protection Equipment
           Work Orders                     00600142             Analysis of Scott Liberty One Breathing    01/05/2026
                                                                Air System
71124.04   Miscellaneous                   AS-011026-021199     Lapel Air Sample Result                    01/10/2026
                                           AS-011126-021278     Lapel Air Sample Result                    01/11/2026
                                           AS-011126-021286     Lapel Air Sample Result                    01/11/2026
                                           AS-021126-024232     Lapel Air Sample Result                    02/11/2026
                                           AS-021126-024269     Lapel Sample Report                        02/11/2026
                                           AS-021126-024273     Lapel Sample Report                        02/11/2026
                                           AS-021126-024277     Lapel Sample Report                        02/11/2026
                                           AS-021126-024287     Lapel Sample Report                        02/11/2026
                                           AS-021126+024276     Lapel Sample Report                        02/11/2026
                                           AS-021326-024448     Lapel Sample Report                        02/13/2026
                                           AS-021326-024449     Lapel Sample Report                        02/13/2026
                                           AS-021326-024449     Lapel Sample Report                        02/13/2026
                                           AS-021326-024460     Lapel Sample Report                        02/13/2026
                                           AS-121725-022233     Lapel Air Sample Result                    12/17/2025



                                                      15
             N/A           PCE 2025-0008 Internal Dose       0
                           Assessment Package
             N/A           Whole Body Count Records for CR   12/17-
                           25015324                          18/2026
Procedures   RP-201        Dosimetry Administration          0
             RP-203        Dose Assessments                  0




                      16
"
ML26225A336,2026002,2026-08-12,PALISADES NUCLEAR PLANT – INTEGRATED INSPECTION REPORT 05000255/2026002,https://www.nrc.gov/docs/ML2622/ML26225A336.pdf,4,archive/reports/ML26225A336/2ecfb9b91ae567b4bfe012cbc51b11e012b3860fd3c7f585a47903a443a351f1.pdf,archive/reports/ML26225A336/2ecfb9b91ae567b4bfe012cbc51b11e012b3860fd3c7f585a47903a443a351f1.txt,"                                        August 12, 2026

Michael Schultheis
Site Vice President,
Palisades Energy, LLC
Palisades Nuclear Plant
27780 Blue Star Memorial Hwy
Covert, MI 49043-9530

SUBJECT:       PALISADES NUCLEAR PLANT – INTEGRATED INSPECTION REPORT
               05000255/2026002

Dear Michael Schultheis:

On June 30, 2026, the U.S. Nuclear Regulatory Commission (NRC) completed an inspection at
Palisades Nuclear Plant. On July 7, 2026, the NRC inspectors discussed the results of this
inspection with A. Eastridge, Interim General Manager, Plant Operations, and other members of
your staff. The results of this inspection are documented in the enclosed report.

One finding of very low safety significance (Green) is documented in this report. This finding
involved a violation of NRC requirements. One Severity Level IV violation without an associated
finding is documented in this report. We are treating these violations as non-cited violations
(NCVs) consistent with Section 2.3.2 of the Enforcement Policy.

Licensee-identified violations which were determined to be of very low safety significance and
Severity Level IV are documented in this report. We are treating these violations as NCVs
consistent with Section 2.3.2 of the Enforcement Policy.

If you contest the violations or the significance or severity of the violations documented in this
inspection report, you should provide a response within 30 days of the date of this inspection
report, with the basis for your denial, to the U.S. Nuclear Regulatory Commission, ATTN:
Document Control Desk, Washington, DC 20555‑0001; with copies to the Regional
Administrator, Region III, 2056 Westings Avenue, Suite 400, Naperville, IL 60563; the Director,
Division of Reactor Projects; and the NRC Resident Inspector at Palisades Nuclear Plant.
M. Schultheis                                   2


If you disagree with a cross-cutting area assignment in this report, you should provide a
response within 30 days of the date of this inspection report, with the basis for your
disagreement, to the U.S. Nuclear Regulatory Commission, ATTN: Document Control Desk,
Washington, DC 20555-0001; with copies to the Director, Division of Reactor Projects, CNRI,
Region III; and the Regional Administrator, Region III; and the NRC Resident Inspector at
Palisades Nuclear Plant.

This letter, its enclosure, and your response (if any) will be made available for public inspection
and copying at http://www.nrc.gov/reading-rm/adams.html and at the NRC Public Document
Room in accordance with Title 10 of the Code of Federal Regulations 2.390, “Public
Inspections, Exemptions, Requests for Withholding.”

                                              Sincerely,


                                                              Signed by April Nguyen on 08/12/26



                                              April M. Nguyen, Chief
                                              Reactor Projects Branch D
                                              Division of Reactor Projects

Docket No. 05000255
License No. DPR-20

Enclosure:
As stated

cc w/ encl: distribution via digital
 communications platform
M. Schultheis                                3


Letter to Michael Schultheis from April M. Nguyen dated August 12, 2026.

SUBJECT:        PALISADES NUCLEAR PLANT – INTEGRATED INSPECTION REPORT
                05000255/2026002

DISTRIBUTION:
Eric Stamm
RidsNrrPMPalisades Resource
RidsNrrDlp1Orlb3
RidsNrrDroIrib Resource
Mohammed Shuaibi
Diana Betancourt-Roldan
Deborah Piskura
All-CNRI-R3DRS-Staff
All-CNRI-R3DRP-Staff




ADAMS Accession No.: ML26225A336
PKG: ML26225A334
e-Concurrence Case: 20260811-01819
                        U.S. NUCLEAR REGULATORY COMMISSION
                                   Inspection Report


Docket Number:       05000255


License Number:      DPR-20


Report Number:       05000255/2026002


Enterprise Identifier: I-2026-002-0065


Licensee:            Palisades Energy, LLC


Facility:            Palisades Nuclear Plant


Location:            Covert, MI


Inspection Dates:    April 01, 2026, to June 30, 2026


Inspectors:          J. Davis, Project Engineer
                     P. Gresh, Operations Engineer
                     A. Guieb, Resident Inspector
                     J. Mancuso, Senior Resident Inspector
                     V. Myers, Senior Health Physicist
                     J. Nance, Senior Operations Engineer
                     T. Okamoto, Resident Inspector
                     J. Winslow, Senior Project Engineer


Approved By:         April M. Nguyen, Chief
                     Reactor Projects Branch D
                     Division of Reactor Projects




                                                             Enclosure
                                           SUMMARY

The U.S. Nuclear Regulatory Commission (NRC) continued monitoring the licensee’s
performance by conducting an integrated inspection at Palisades Nuclear Plant, in accordance
with the Reactor Oversight Process. The Reactor Oversight Process is the NRC’s program for
overseeing the safe operation of commercial nuclear power reactors. Refer to
https://www.nrc.gov/reactors/operating/oversight.html for more information. Licensee-identified
non-cited violations are documented in report sections: 71111.20 and 71152A.

                                 List of Findings and Violations

 Failure to Provide Work Instructions Appropriate for Work Activities
 Cornerstone          Significance                                 Cross-Cutting      Report
                                                                   Area               Section
 Mitigating Systems Green                                          Human              71152A
                    NCV 05000255/2026002-01                        Performance
                    Open/Closed
 The inspectors identified a Green finding and associated non-cited violation (NCV) of Technical
 Specification Section 5.4.1.a when the licensee failed to provide work instructions appropriate
 for the work activities. Specifically, in the first example, Work Order (WO) 588976-09 lacked
 sufficient detail for work near buried utilities. Second, troubleshooting activities were performed
 on the failed cables without written work instructions.

 Failure to Submit a Licensee Event Report for a Condition that Resulted in an Emergency
 Diesel Generator Actuation
 Cornerstone          Severity                                     Cross-Cutting      Report
                                                                   Area               Section
 Not Applicable       Severity Level IV                            Not Applicable     71153
                      NCV 05000255/2026002-02
                      Open/Closed
 An NRC-identified Severity Level IV non-cited violation (NCV) of 10CFR 50.73 (a)(2)(iv)(A) was
 identified when the licensee failed to submit a licensee event report (LER) within 60 days from
 the automatic actuation of emergency diesel generator (EDG) 1-2. Specifically, the licensee
 failed to recognize that the automatic actuation of EDG 1-2 on February 5, 2026, met
 reportability criteria based on plant conditions. The LER was submitted on May 4, 2026.

                                   Additional Tracking Items

 Type       Issue Number               Title                            Report Section    Status
 LER        05000255/2026-001-00       LER 2026-001-00 for          71153                 Closed
                                       Palisades Nuclear Plant,
                                       Human Performance Error
                                       resulted in Emergency Diesel
                                       Generator (EDG) 1-2
                                       Actuation



                                                2
PLANT STATUS

On August 25, 2025, Palisades notified the NRC that they rescinded their Title 10 of the
Code of Federal Regulations (10 CFR) 50.82(a)(1) certification, which removed the prohibition
on operation and emplacement of fuel in the reactor. Palisades also implemented the set of
licensing actions to support reimplementation of their operational licensing basis. On
August 25, 2025, the NRC transitioned oversight of Palisades to the Reactor Oversight Process
(ROP).

The NRC is conducting inspections to evaluate and assess the licensee’s activities for
restoration to an operating status. The resident inspectors, as well as supplemental inspectors,
continue to provide daily oversight of the restart activities occurring at the site.
The unit ended the inspection period in a defueled status.

INSPECTION SCOPES

Inspections were conducted using the appropriate portions of the inspection procedures (IPs) in
effect at the beginning of the inspection unless otherwise noted. Currently approved IPs with
their attached revision histories are located on the public website at http://www.nrc.gov/reading-
rm/doc-collections/insp-manual/inspection-procedure/index.html. Samples were declared
complete when the IP requirements most appropriate to the inspection activity were met
consistent with Inspection Manual Chapter (IMC) 2515, “Light-Water Reactor Inspection
Program - Operations Phase.” The inspectors performed activities described in IMC 2515,
Appendix D, “Plant Status,” observed risk-significant activities, and completed on-site portions of
IPs. The inspectors reviewed selected procedures and records, observed activities, and
interviewed personnel to assess licensee performance and compliance with Commission rules
and regulations, license conditions, site procedures, and standards.

REACTOR SAFETY

71111.04 - Equipment Alignment

Partial Walkdown (IP Section 03.01) (2 Samples)

   The inspectors evaluated system configurations during partial walkdowns of the following
   systems/trains:

   (1)    alternative spent fuel pool cooling system on April 7, 2026
   (2)    component cooling water system following maintenance work window on May 5, 2026

Complete Walkdown (IP Section 03.02) (1 Sample)

   The inspectors evaluated system configurations during a complete walkdown of the
   following systems:

   (1)    critical service water system on April 30, 2026




                                                3
71111.05 - Fire Protection

Fire Area Walkdown and Inspection (IP Section 03.01) (4 Samples)

   The inspectors evaluated the implementation of the fire protection program by conducting a
   walkdown and performing a review to verify program compliance, equipment functionality,
   material condition, and operational readiness of the following fire areas:

   (1)    pre fire plan 28: west engineered safeguards room, elevation 570', on April 1, 2026
   (2)    pre fire plan 9: screenhouse/intake structure, elevation 590', on April 28, 2026
   (3)    pre fire plan 59: P-8D auxiliary feedwater pump enclosure on May 8, 2026
   (4)    pre fire plan 2: cable spreading room on June 11, 2026

71111.06 - Flood Protection Measures

Flooding Sample (IP Section 03.01) (1 Partial)

   (1)    (Partial)
          The inspectors evaluated flooding mitigation protections in the manhole 4 cabling to
          the 1C switchgear room sumps on May 6, 2026.

71111.07A - Heat Exchanger/Sink Performance

Annual Review (IP Section 03.01) (1 Sample)

   The inspectors evaluated readiness and performance of:

   (1)    VHX-1 and VHX-3 containment air coolers on April 21, 2026

71111.11A - Licensed Operator Requalification Program and Licensed Operator Performance

Requalification Examination Results (IP Section 03.03) (1 Sample)

   (1)    The inspectors reviewed and evaluated the licensed operator examination failure
          rates for the requalification annual operating exam and the biennial written
          examinations completed on May 1, 2026.

71111.11B - Licensed Operator Requalification Program and Licensed Operator Performance

Licensed Operator Requalification Program (IP Section 03.04) (1 Sample)

   (1)    Biennial Requalification Written Examinations

          The inspectors evaluated the quality of the licensed operator biennial requalification
          written examination administered on April 17, 2026.

          Annual Requalification Operating Tests

          The inspectors evaluated the adequacy of the facility licensee’s annual requalification
          operating test.



                                                 4
         Administration of an Annual Requalification Operating Test

         The inspectors evaluated the effectiveness of the facility licensee in administering
         requalification operating tests required by 10 CFR 55.59(a)(2) and that the facility
         licensee is effectively evaluating their licensed operators for mastery of training
         objectives.

         Requalification Examination Security

         The inspectors evaluated the ability of the facility licensee to safeguard examination
         material, such that the examination is not compromised.

         Remedial Training and Re-examinations

         The inspectors evaluated the effectiveness of remedial training conducted by the
         licensee, and reviewed the adequacy of re-examinations for licensed operators who
         did not pass a required requalification examination.

         Operator License Conditions

         The inspectors evaluated the licensee’s program for ensuring that licensed operators
         meet the conditions of their licenses.

         Control Room Simulator

         The inspectors evaluated the adequacy of the facility licensee’s control room
         simulator in modeling the actual plant, and for meeting the requirements contained in
         10 CFR 55.46.

71111.11Q - Licensed Operator Requalification Program and Licensed Operator Performance

Licensed Operator Requalification Training/Examinations (IP Section 03.02) (1 Sample)

   (1)   The inspectors observed and evaluated licensed operator requalification training on
         June 17, 2026.

71111.13 - Maintenance Risk Assessments and Emergent Work Control

Risk Assessment and Management (IP Section 03.01) (3 Samples)

   The inspectors evaluated the accuracy and completeness of risk assessments for the
   following planned and emergent work activities to ensure configuration changes and
   appropriate work controls were addressed:

   (1)   work management risk during service water and component cooling water system
         outage on April 28, 2026
   (2)   work management risk for 1C vital bus outage during the weeks of May 15, 2026,
         and May 27, 2026
   (3)   emergent work for station power transformer breaker 252-101 after loss of 4160V
         bus 1A on June 9, 2026



                                                5
71111.15 - Operability Determinations and Functionality Assessments

Operability Determination or Functionality Assessment (IP Section 03.01) (1 Sample 1 Partial)

   The inspectors evaluated the licensee's justifications and actions associated with the
   following operability determinations and functionality assessments:

   (1)    Condition Report (CR) 25014409; Wall Thickness Below General Acceptance Criteria
          on JBD-21-24, on June 10, 2026
   (2)    (Partial)
          FCR 94065/93779; Acceptance for Functionality of Instrument Air: Various Changes
          Related to Mechanical, Electrical, and I&C in Engineering Change (EC) 93378,
          on June 2, 2026

71111.18 - Plant Modifications

Temporary Modifications and/or Permanent Modifications (IP Section 03.01 and/or 03.02)
(2 Samples)

   The inspectors evaluated the following temporary or permanent modifications:

   (1)    EC-93378; permanent modification of the instrument air system on May 20, 2026
   (2)    EC-94022; permanent modification of P-8B turbine driven auxiliary feed pump
          overspeed trip bearing assembly on June 1, 2026

71111.20 - Refueling and Other Outage Activities

Refueling/Other Outage Sample (IP Section 03.01) (1 Partial)

   (1)    (Partial)
          The inspectors evaluated restart outage activities from April 1, 2026,
          to June 30, 2026.

71111.24 - Testing and Maintenance of Equipment Important to Risk

The inspectors evaluated the following testing and maintenance activities to verify system
operability and/or functionality:

Post-Maintenance Testing (PMT) (IP Section 03.01) (5 Samples 1 Partial)

   (1)    RT-85D; Control Room Emergency Ventilation Filtration Test - B Train following filter
          replacement on VC-10 CRHVAC on April 2, 2026
   (2)    emergency diesel generator 1-2 post maintenance run following jacket cooling water
          heat exchanger tube replacement on April 12, 2026
   (3)    alternate spent fuel pool cooling permanent modification load cycle testing for
          first-time use on May 5, 2026
   (4)    instrument air system permanent modification testing for first-time use on
          May 20, 2026
   (5)    testing after replacement of RV-0401, RV-0402, and RV-0403, shutdown cooling
          relief valves on May 19, 2026



                                                6
   (6)    (Partial)
          RO-146; Comprehensive Pump Test Procedure - Component Cooling Water (CCW)
          Pump P-52B, following CCW system maintenance window on June 9, 2026

Surveillance Testing (IP Section 03.01) (2 Samples)

   (1)    MO-7A-1; 1-1 Emergency Diesel Generator Monthly Surveillance Run on
          April 6, 2026
   (2)    FE-5B; Modified Performance Test - Battery No. ED-2, on April 19, 2026

Containment Isolation Valve (CIV) Testing (IP Section 03.01) (1 Sample)

   (1)    RO-32; Local Leak Rate Testing for Penetrations MZ-15, Component Cooling Water
          Outlet, MZ-42, Demineralized Water to Quench Tank, and MZ-67, Clean Waster
          Receiver Tank Pump Recirculation, on May 18, 2026

71114.06 - Drill Evaluation

Required Emergency Preparedness Drill (1 Sample)

   (1)    emergency plan training exercise simulating a steam generator tube rupture and
          reactor trip leading to an alert declaration on June 17, 2026

RADIATION SAFETY

71124.08 - Radioactive Solid Waste Processing & Radioactive Material Handling,
Storage, & Transportation

Radioactive Material Storage (IP Section 03.01) (1 Sample)

   The inspectors evaluated the licensee’s performance in controlling, labeling and securing
   the following radioactive materials:

   (1)    radioactive material stored at the east radioactive waste facility

Radioactive Waste System Walkdown (IP Section 03.02) (1 Sample)

   The inspectors walked down the following accessible portions of the solid radioactive waste
   systems and evaluated system configuration and functionality:

   (1)    advanced liquid processing system


Waste Characterization and Classification (IP Section 03.03) (2 Samples)

   The inspectors evaluated the following characterization and classification of radioactive
   waste:

   (1)    advanced liquid processing system resin characterization for shipment 2026-RW-002
   (2)    dry active waste characterization used for shipments 2026-RW-014
          and 2026-RM-004


                                                 7
Shipping Records (IP Section 03.05) (3 Samples)

   The inspectors evaluated the following non-excepted radioactive material shipments through
   a record review:

   (1)    Shipment 2026-RW-002; LSA-II, resin
   (2)    Shipment 2026-RW-014; LSA-II, dry active waste
   (3)    Shipment 2026-RM-004; SCO-II, contaminated equipment

OTHER ACTIVITIES – BASELINE

71152A - Annual Follow-up Problem Identification and Resolution

Annual Follow-up of Selected Issues (IP Section 03.03) (4 Samples)

   The inspectors reviewed the licensee’s implementation of its corrective action program
   related to the following issues:

   (1)    Root Cause Evaluation for CR 25012715, RP Waste Shipment Exceeded DOT Limits
   (2)    water intrusion in the instrument air system
   (3)    CR 26011187; Rear and Safeguards Bus Lost when Control Cables were Hit, and
          CR 26011372, Testing Activities Result in Trip of Emergency Diesel Generator
   (4)    CR 26013325; Need to update 2 operator licenses, and CR 26014029, Failure to
          report changing medical conditions

71153 - Follow-Up of Events and Notices of Enforcement Discretion

Event Report (IP Section 03.02) (1 Sample)

   The inspectors evaluated the following licensee event reports (LERs):

   (1)    LER 05000255/2026-001-00; Human Performance Error Resulted in Emergency
          Diesel Generator (EDG) 1-2 Actuation (ADAMS Accession No. ML26124A222)

          The inspectors reviewed this LER and two apparent cause analyses associated with
          this event. The inspectors’ conclusions are documented in this report under
          Inspection Results Section 71152A. Previously, the inspectors review of personnel
          performance associated with circumstances surrounding this LER was documented in
          Inspection Report 05000255/2026001, Section 71153. This LER is Closed.

OTHER ACTIVITIES – TEMPORARY INSTRUCTIONS, INFREQUENT AND ABNORMAL

71152 - Problem Identification and Resolution (PI&R)

During the inspection period, the inspectors continued reviews of Phases I and II of the
licensee’s system return to service (SRTS) plans and associated topics. The SRTS plans
document licensee activities to verify that the configuration and condition of systems, structures,
and components (SSCs) are consistent with the design and licensing bases to support potential
restart. The inspectors reviewed Phases I and II of the SRTS plans, which include areas such
as licensing and design-basis functions, system material conditions, reviewing open and
deferred work prior to shutdown, and program applicability. The inspectors conducted these


                                                 8
reviews using IP 71152, “Problem Identification and Resolution,” and IP 71111.21M,
“Comprehensive Engineering Team Inspection (CETI),” as applicable.

The inspectors completed reviews of the SRTS plans for the following topics:

Problem Identification and Resolution (PI&R)

              •   buildings and grounds
              •   chemical addition
              •   datalogger
              •   main feedwater
              •   turbine electro-hydraulic controls
              •   reactor protection system

INSPECTION RESULTS

 Licensee-Identified Non-Cited Violation                                         71111.20
 This violation of very low safety significance was identified by the licensee and has been
 entered into the licensee corrective action program and is being treated as a non-cited
 violation, consistent with Section 2.3.2 of the Enforcement Policy.
 Violation:

 Title 10 of the Code of Federal Regulations (CFR) Part 26, “Fitness for Duty Programs,”
 Subpart 205, “Work Hours,” requires, in part, that licensees shall control work hours so an
 individual’s hours worked do not exceed 16 hours in any 24-hour period, 26 hours in any
 48-hour period, and 72 hours in any 7-day period. Additionally, it requires, in part, that
 licensees shall ensure that individuals have, at a minimum, a 34-hour break in any 9-day
 period.

 Contrary to the above, between March 28, 2026, and April 3, 2026, the licensee failed to
 ensure that individuals subject to the requirements of 10 CFR Part 26 complied with the
 work hour limitations and scheduling restrictions of Part 26. Specifically, the licensee failed
 to adequately schedule and control the work hours of 3 individuals performing work
 covered by the restrictions of 10 CFR Part 26 by not ensuring that the individuals ’ work
 hours did not exceed 72 hours in any 7-day period. Additionally, the licensee failed to
 ensure that the same individuals received at least a 34-hour break in any 9-day period.

 Significance/Severity: Green. The inspectors assessed the significance of the finding
 using IMC 0609 Appendix A, “The Significance Determination Process (SDP) for Findings
 At-Power.” Using Exhibit 2, “Mitigating Systems Screening Questions,” of IMC 0609
 Appendix A, Section A, the inspectors answered “No” to all of the questions, screening the
 finding to Green, as the work completed by the three individuals was verified by individuals
 who did meet the requirements of the Part 26 work hours restrictions, ensuring that the
 equipment maintained either its operability or functionality.

 Corrective Action References: CR 26013546, Fatigue Rule Violation




                                                 9
Assessment                                                                           71152A
RP Waste Shipment Exceeded DOT Limits

On September 23, 2025, the licensee transported radioactive waste off-site as exclusive use
shipment 2025-RW-017. On September 24, 2025, the Radiation Protection (RP) Shipping
Specialist recognized that the shipment was sent with dose rates exceeding Department of
Transportation (DOT) regulations in 49 CFR 173.441. When recognized, the licensee had the
truck return to the site, which arrived on September 25, 2026. This issue was reviewed by the
inspectors, and a Green Licensee-Identified non-cited violation was documented in Inspection
Report 05000255/2025005, Section 71124.08.

The licensee also performed a root cause evaluation for this issue. The inspectors reviewed
the root cause evaluation, corrective actions taken and planned, and effectiveness reviews of
corrective actions completed and planned. The licensee identified the root cause to be
associated with the radiological shipping process which lacked clear guidance where it
allowed the same individuals that performed required surveys and the individuals who
prepared the shipping paperwork to also review and approve the shipment documentation
without independent verification of administrative dose limits. This gap created conditions
where human error went undetected. The corrective action to preclude repetition was to
revise licensee procedure RP-412, Radioactive Shipping, to require an independent review of
the shipping checklist to ensure compliance with all applicable requirements.

The inspectors independently reviewed the causal analysis process, corrective actions
(including revisions to RP-412), shipments completed after corrective actions were
implemented, and effectiveness reviews of corrective actions completed. During the review of
corrective actions, the inspectors questioned the due date extension of a corrective action to
preclude repetition without Management Review Committee (MRC) Chair approval, which is
contrary to PI-001, Corrective Action Program, section 7.5.3.c.4. It was also determined that
four additional corrective actions had their due dates extended without a basis for why the
extension is acceptable, necessary, and the risk of extending the action in the request. This
issue was documented in the corrective action program as CR 25015623, NRC ID: Improper
Extension of Adverse CR Actions. The inspectors determined that this was a minor
performance deficiency of PI-001.

No violations were identified.


Failure to Provide Work Instructions Appropriate for Work Activities
Cornerstone        Significance                              Cross-Cutting      Report
                                                             Area               Section
Mitigating         Green                                     Human              71152A
Systems            NCV 05000255/2026002-01                   Performance
                   Open/Closed
The inspectors identified a Green finding and associated non-cited violation (NCV) of
Technical Specification Section 5.4.1.a when the licensee failed to provide work instructions
appropriate for the work activities. Specifically, in the first example, Work Order
(WO) 588976-09 lacked sufficient detail for work near buried utilities. Second, troubleshooting
activities were performed on the failed cables without written work instructions.



                                              10
Description:

On February 5, 2026, horizontal directional drilling (HDD) was being performed on site in
support of the fiber backbone project. The HDD was being performed by three different
vendors supporting the work. One vendor performed overall job oversight, another vendor
performed the HDD, and a third vendor performed ground-penetrating radar (GPR) activities
to support the HDD.

Due to recent snowfall, the GPR was unable to be effectively performed and the vendor
technician utilized a less reliable radio detector in order to support identification of any
underground interferences. The radio detector did not identify underground interferences,
cables, in the areas scanned. The HDD vendor proceeded with HDD and during the pullback,
the reamer attached to three previously unidentified underground cables, severing two and
stretching one. At 13:07, the site lost power to the switchyard rear bus and class 1E
safeguards bus. Emergency Diesel Generator (EDG) 1-2 automatically started, as expected,
due to the loss of the safeguards bus, to power in-plant class 1E bus 1D. Work was
immediately halted.

Subsequently, during troubleshooting activities to identify the underground cables impacted,
EDG 1-2 unexpectedly cycled three times. The cause of the cycling was unknown to
operators and EDG 1-2 was secured. It was determined that a signal transmitting device had
been connected to the damaged cables in order to locate the cable electrical flow-path using
a receiver. The device emitted a 50 VDC/50 Hz signal that was introduced into plant control
circuitry and caused the cycling of EDG 1-2.

The licensee performed two apparent cause evaluations (ACEs) for this event. In both ACEs,
the licensee identified issues with work instructions or troubleshooting governance and
insufficient field oversight during the work activity that resulted in 1) the damage to three
previously unidentified underground cables during HDD that caused the loss of power to the
switchyard rear bus and class 1E safeguards bus resulting in the automatic actuation of EDG
1-2, and 2) the cycling of EDG 1-2 due to a signal transmitting device that was introduced into
the plant control circuitry during unauthorized troubleshooting of the damaged cables.

This issue was also reviewed using Inspection Procedure 71153, “Follow up of Events and
Notices of Enforcement Discretion,” and was reported in Licensee Event Report (LER)
05000255/2026-001-00, “Human Performance Error Resulted in Emergency Diesel Generator
(EDG) 1-2 Actuation” (ADAMS Accession No. ML26124A222).

Corrective Actions: The licensee entered AOP-9, Loss of D Bus, for this issue and all drilling
activities were stopped. The licensee completed two ACEs to investigate the causes for the
damage to the cables and unapproved troubleshooting activities. They subsequently
performed repair activities to the damaged cables after troubleshooting was completed. In
addition, the site developed a return to work plan for additional activities associated with the
fiber backbone project.

Corrective Action References: CR 26011187 and CR 26011372
Performance Assessment:

Performance Deficiency: The licensee had two examples of failure to provide work
instructions appropriate for the work activities for the same event. In the first example, the


                                               11
licensee failed to ensure information generated in the engineering change and advanced work
authorization were incorporated into the work order task used for directional drilling activities
and to ensure the work instructions had sufficient detail for work in the area where there were
known buried utilities. Specifically, the work order task for HDD did not provide appropriate
detail for personnel performing the tasks to understand the risk commensurate with the work
being performed. Second, the licensee failed to ensure appropriate work control or
troubleshooting governance was provided to perform troubleshooting activities to identify the
underground cables impacted during HDD activities, causing EDG 1-2 to unexpectedly cycle
during operation.

Screening and Significance: The inspectors assessed the significance of the finding
using IMC 0609 Appendix A, “The Significance Determination Process (SDP) for Findings
At-Power.” The inspectors used IMC 0609.04, “Initial Characterization of Findings,” and
IMC 0609 Appendix A, Exhibit 2, “Mitigating Systems Screening Questions.” The finding was
determined to be of very low safety significance (Green) after questions for “Mitigating SSCs
and PRA Functionality” were answered as “No.”

Cross-Cutting Area: Human Performance The licensee did not ensure that the work process
included the identification and management of risk commensurate to the work and the need
for coordination with different groups. Specifically, in the first example, the licensee did not
ensure that risk was managed commensurate with the work when the work package lacked
sufficient detail and clear directions for work near buried utilities. Second, the vendor team
perceived permission to move forward with troubleshooting without written work instructions
and had an inadequate risk perception of the troubleshooting activity.
Enforcement:

Violation: Technical Specification Section 5.4.1.a requires, in part, that written procedures
shall be established, implemented, and maintained covering the applicable procedures
recommended in Regulatory Guide 1.33, Revision 2, Appendix A, February 1978.
NRC Regulatory Guide 1.33, Revision 2, Appendix A, Section 9 addresses “Procedures for
Performing Maintenance,” and Section 9.a states, in part, that maintenance that can affect the
performance of safety-related equipment should be properly pre-planned and performed in
accordance with written procedures, documented instructions, or drawings appropriate to the
circumstances.

Contrary to the above, on February 5, 2026, the licensee failed to provide work instructions
appropriate for required work activities. Specifically, in the first example, WO 588976-09
lacked sufficient detail for work near buried utilities. Second, troubleshooting activities were
performed on the failed cables without written work instructions.

Enforcement Action: This violation is being treated as a non-cited violation, consistent with
Section 2.3.2 of the Enforcement Policy.



Licensee-Identified Non-Cited Violation                                            71152A
This violation of very low safety significance was identified by the licensee and has been
entered into the licensee corrective action program and is being treated as a non-cited
violation, consistent with Section 2.3.2 of the Enforcement Policy.



                                               12
Violation:

Title 10 of the Code of Federal Regulations (10 CFR) 55.25 requires that if, during the term of
the license, the licensed reactor operator or senior reactor operator develops a permanent
physical or mental condition that causes the licensee to fail to meet the requirements of
10 CFR 55.21, the facility shall notify the Commission within 30 days of learning of the
diagnoses, in accordance with 10 CFR 50.74(c). For conditions for which a conditional license
(as described in 10 CFR 55.33(b)) where a license condition is requested, the facility licensee
shall provide medical certification on Form NRC 396, “Certification of Medical Examination by
Facility Licensee” (as described in 10 CFR 55.23).

Contrary to the above, the facility licensee failed to notify the Commission within 30 days of the
diagnoses of changes in medical conditions on three separate occasions for licensed
operators that developed permanent physical conditions which caused the licensed operators
to fail to meet the requirements of 10 CFR 55.21. Specifically, on March 31, 2025, a license
class applicant informed the facility’s medical examiner that he was taking prescribed
medication. When the medical examiner completed the physical examination report to the
facility, the condition for the prescribed medication was not reported and the medical examiner
recommended that no conditions be placed on the license when issued. Once licensed, the
senior operator continued to take the medication as prescribed when performing licensed
duties. The licensed operator was later evaluated by the medical examiner as no longer
requiring the medication and the prescription was discontinued. As the operator no longer was
prescribed medication, the facility licensee determined that the operator license was correct
(no restrictions) and no report was now required.

Subsequently, on January 20, 2026, and on February 12, 2026, during biennial license
physical examinations the designated medical examiner determined that two licensed
operators did not meet the near vision requirement in ANSI/ANS-3.4-1983, “Medical
Certification and Monitoring of Personnel Requiring Operator Licenses for Nuclear Power
Plants.” The two licensed operators were administratively restricted from performing licensed
duties until they received and wore their prescription lenses.

On April 1, 2026, the facility licensee identified that the NRC had not been notified, via
Form 396, “Certification of Medical Examination by Facility Licensee,” about the permanent
change in the two licensed operators’ vision and their need for prescription lenses to maintain
their medical qualifications for their operator licenses. As noted, the facility did not determine
that the missed “take medication as prescribed” license condition for the licensed operator in
the first example must also be reported. The NRC was notified of the other two operators’
conditions in a letter dated April 2, 2026, with the revised NRC Form 396s sent to the NRC on
April 13, 2026.

The inspectors verified that the licensed operators did not perform licensed duties from the
time their changes in medical condition were identified until they received and wore their
prescription lenses. The inspectors also verified that the three licensed operators did not
commit any errors or been involved in any operational mishaps while performing licensed
duties from the time they received and wore their prescription lenses until the NRC was
notified and received the individuals updated NRC Form 396s with their lenses restriction.

Significance/Severity: Severity Level IV. The inspectors determined the violation to be a
Severity Level IV violation similar to Example 6.9.d.9 in the NRC Enforcement Policy.


                                               13
Specifically, the licensee failed to make a report required by 10 CFR 50.74(c) to inform the
NRC of changes in operators’ medical conditions. In addition, the individuals adhered to the
ANSI 3.4 requirements to mitigate the changes in their medical conditions while performing
licensed duties.

Corrective Action References: CR 26013325 and CR 26014029

Observation: Extent of Condition for Water Intrusion in Instrument Air System        71152A
On March 13, 2026, the licensee initiated CR 26012619, CV-3025 Not Operating as Expected,
documenting that water was found in the air line of the shutdown cooling heat exchanger E-
60A/B outlet valve, CV-3025. As part of the corrective actions, the licensee performed
additional investigation and found water in the upstream air filter and drain lines of CV-3025.
The licensee then identified that the instrument air system (IAS) temporary modification dryer
status indicator lights and panel had no power and were not in service. They generated CR
26012629, Temporary Instrument Air Dryer Lost Power, and CR 26012630, Temporary IAS
Compressor Dryer Lost Power. The licensee noted it was unknown how long the dryer was out
of service.

One of the suggested actions for CR 26012629 was to perform an extent of condition
review; however, the CR completion notes stated the extent of condition was addressed by
CR 26012619. The inspectors reviewed CR 26012619 and did not identify any extent of
condition actions that addressed potential water intrusion into the IAS as a whole, as the
actions in CR 26012619 were focused specifically on CV-3025.

The inspectors reviewed the CRs relating to the water intrusion, site procedures, and the
failure mode analysis for the event. The inspectors then followed up with the licensee to
inquire about extent of condition for all of the IAS. The actions included selecting a sample of
the system’s valves and evaluating those for potential water intrusion. Also, system venting
and draining was performed to remove excess water. However, the inspectors identified that
the valves selected were focused on low points in the system and were related to the ongoing
passivation activity at the time. During discussions between the inspectors and the licensee
staff, another CR was generated, CR 26015169, Air Operated Valves Identified for Inspection
of Moisture Intrusion in Air Lines, which recommended internal inspections of air regulators on
safety-related IAS valves to look for water/moisture. This CR provided additional scope
beyond the previous CR’s more focused actions.

The inspectors identified a lack of conservative bias in the actions taken during the original
extent of condition review in CR 26012619. The licensee addressed this concern in
CR 26015169, which focused on instrument air as a whole system, whereas CR 26012619
was focused only on CV-3025. No findings or violations of significance were identified during
this review.

Observation: Rear and Safeguards Bus Lost when Control Cables were Damaged 71152A
On February 5, 2026, the licensee was performing horizontal directional drilling (HDD) on-site
when the reamer attached to three previously unidentified underground cables, resulting in
damage to the cables and a loss of power to the switchyard rear bus and safeguards bus.
Emergency Diesel Generator (EDG) 1-2 automatically started, as expected, due to the loss of
the safeguards bus, to power in-plant safety-related loads. Subsequently, during



                                              14
troubleshooting activities to identify the cables impacted, a signal transmitting device was
connected to the damaged cables in order to locate the cable electrical flow-path, which
resulted in unexpected cycling of EDG 1-2.

The licensee performed two adverse condition evaluations (ACEs) for this event. In both
ACEs, the licensee identified issues with work instructions or troubleshooting governance and
insufficient field oversight during the work activities that resulted in 1) the damage to three
previously unidentified underground cables during HDD that caused the loss of power to the
rear bus and safeguards bus and the automatic actuation of EDG 1-2, and 2) the cycling of
EDG 1-2 due to a signal transmitting device that was introduced into the plant control circuitry
during unauthorized troubleshooting of the damaged cables.

The inspectors independently reviewed the causal analysis process and corrective actions
(CAs) taken. During review of corrective actions that had a status as complete, the inspectors
questioned if the information in the completed CAs met the requirements of PI-001,
Section 7.5.5.f.8, which discussed that ensuring electronic copies of any documents needed to
understand, clarify, or validate completion of CA response is either attached to the response or
verified to exist in a quality-controlled records location for future retrieval. Specifically, the
inspectors questioned if information attached to the responses of CAs 26011187-06 and
26011187-13 met the requirements of PI-001. After discussion with Performance Improvement
personnel, the inspectors understood that the licensee determined the requirements of CA
closure were not met and took action to address the identified gap. However, the required
closure reviews of the completed CAs had not yet been completed and would likely have
identified the issues. The licensee recently identified issues in timely closure reviews of CRs
during a self-assessment and have planned corrective actions to address these issues.
Associated identified performance deficiencies were documented under IP 71152A.

Failure to Submit a Licensee Event Report for a Condition that Resulted in an Emergency
Diesel Generator Actuation
Cornerstone     Severity                                          Cross-Cutting Report
                                                                  Area          Section
Not Applicable Severity Level IV                                  Not Applicable 71153
               NCV 05000255/2026002-02
               Open/Closed
An NRC-identified Severity Level IV non-cited violation (NCV) of 10 CFR 50.73 (a)(2)(iv)(A)
was identified when the licensee failed to submit a licensee event report (LER) within 60 days
from the automatic actuation of emergency diesel generator (EDG) 1-2. Specifically, the
licensee failed to recognize that the automatic actuation of EDG 1-2 on February 5, 2026, met
reportability criteria based on plant conditions. The LER was submitted on May 4, 2026.
Description:

On February 5, 2026, directional drilling activities were being performed along the south side
of the access road to support the Fiber Backbone Project. During drill pullback, the reamer
contacted three previously unidentified underground cables, severing two and stretching one.
As a result, safeguards bus 1D was deenergized as it was powered from the 345kV rear bus
through Startup Transformer 1-2. EDG 1-2 automatically started and loaded onto safeguards
bus 1D as expected when the safeguards bus 1D was deenergized. The operators entered
AOP-9 for loss of safeguards bus 1D. During subsequent excavation and vacuuming activities


                                              15
to expose the damaged cables, the operators observed perturbations of EDG 1-2 and secured
the EDG.

Corrective Actions: The licensee entered the issue into their corrective action program as
CR 26014273, and submitted LER 05000255/2026-001-00, Emergency Diesel Generator 1-2
Actuation, on May 4, 2026.

Corrective Action References: CR 26014273, Missed 10 CFR 50.73 NRC Notification
Performance Assessment:

The inspectors determined this violation was associated with a minor performance deficiency.
Specifically, the licensee failed to submit an LER within 60 days after the discovery of a
reportable event, contrary to licensee procedure RA-108, and 10 CFR 50.73(a)(2)(iv)(A).
Enforcement:

The ROP’s significance determination process does not specifically consider the regulatory
process impact in its assessment of licensee performance. Therefore, it is necessary to
address this violation which impedes the NRC’s ability to regulate using traditional
enforcement to adequately deter non-compliance.

Severity: The inspectors determined this violation was Severity Level IV in accordance with
example 6.9.d.9 of the NRC Enforcement Policy because the licensee failed to submit an LER
within the required timeframe in accordance with 10 CFR 50.73.

Violation: Title 10 CFR 50.73(a)(1) requires, in part, that a licensee shall submit an LER for
any event of the type described in this paragraph within 60 days after the discovery of the
event.

Title 10 CFR 50.73(a)(2)(iv)(A) requires, in part, that the licensee shall report any event or
condition that resulted in manual or automatic initiation of any of the systems listed in
paragraph (a)(2)(iv)(B).

Title 10 CFR 50.73(a)(2)(iv)(B)(8) requires, in part, that the systems to which the requirements
of paragraph (a)(2)(iv)(A) of this section apply are emergency ac electrical power systems,
including emergency diesel generators (EDGs).

Contrary to the above, the licensee failed to submit an LER within 60 days of discovery of an
event or condition that resulted in the automatic initiation of EDG 1-2. Specifically, on
February 5, 2026, during directional drilling activities, underground control cables were
severed and stretched which resulted in the loss of power supplied from the rear and
safeguards buses and prompting a start of EDG 1-2. This event represented a condition that
was reportable under 10 CFR 50.73.

Enforcement Action: This violation is being treated as a non-cited violation, consistent with
Section 2.3.2 of the Enforcement Policy.




                                               16
EXIT MEETINGS AND DEBRIEFS

The inspectors verified no proprietary information was retained or documented in this report.

   •   On July 7, 2026, the inspectors presented the integrated inspection results to
       A. Eastridge, Interim General Manager, Plant Operations, and other members of the
       licensee staff.




                                               17
DOCUMENTS REVIEWED

Inspection   Type                Designation       Description or Title                                         Revision or
Procedure                                                                                                       Date
71111.04     Procedures          SOP-15            Service Water System                                         73
                                 SOP-16            Component Cooling Water System                               50
                                 SOP-27            Fuel Pool System                                             78
71111.05     Calculations        EA-PSA-805-       Fire PRA Quantification for NFPA 805 Transition Fire Risk    0
                                 FRE-10-3          Evaluation
             Corrective Action   25002215          Unexpected Loss of P-8D Fire Detection                       05/06/2024
             Documents           25004579          12/2024 - 2025 Engineering General Actions                   12/17/2024
                                 26015830          Loss of Battery Room Ventilation V-15B Tripped. V-15A        06/08/2026
                                                   Insufficient Flow
             Drawings            C-853 Sheet No.   Detail Plan - Area G                                         4
                                 1
             Fire Plans          PFP               Pre Fire Plan                                                6
             Procedures          DBD-7.10-DP       Design Basis Document for NFPA 805 Fire Protection           0
                                                   Program
                                 ENG-329           Control of Combustibles                                      2
                                 OPS-139           Fire Watch Program                                           0
71111.07A Miscellaneous          PLP-SRTSP-CRS     Containment Air Coolers System                               0
          NDE Reports            Eddy Current      Unit 1 CAC-VHX-1                                             April 2026
                                 Report
             Procedures          DBD 2.08          Design Basis Document Containment Air Coolers                5
71111.13     Corrective Action   26014299          MV-SW0880, CAC VHX-2 SW INLET DRAIN, is Leaking By           04/27/2026
             Documents           26014696          Observed Insulators Standing on P-7C Basket Strainer         05/08/2026
                                                   When Protected
                                 26015885          Loss of Power to 4160V Bus 1A                                06/09/2026
                                 26016024          A Bus Trip Inspection for Aux Breaker Cubicle                06/11/2026
                                 26016030          Alpha Bus Trip Inspection Results for 252-101 Station        06/11/2026
                                                   Power 1-1 Incoming
                                 26016031          A Bus Trip Inspection Results for Start-Up 1-1 Transformer   06/11/2026
                                                   Breaker Back Cubicle
                                 26016032          Alpha Bus Trip Inspection Results for 252-106 LC-17 Feeder   06/11/2026
71111.15     Corrective Action   25014409          Wall Thickness Below General Acceptance Criteria on          11/14/2025
             Documents                             JBD-21-24


                                                             18
Inspection   Type                Designation   Description or Title                                          Revision or
Procedure                                                                                                    Date
             Engineering         93779         FCR For Various Changes Relating to Mechanical, Electrical,   0
             Changes                           and I&C in EC 93378
             Engineering         93986         Pipe Wall Thinning Structural Evaluation of Service Water     1
             Evaluations                       Line
71111.18     Corrective Action   26010971      Currently installed K-8 AFP Turbine Trip Body Does Not        01/29/2026
             Documents                         Have Approved EC
                                 26014989      New Instrument Air Compressors                                05/17/2026
                                 26015025      Compressor 2C Electrical Issues                               05/18/2026
                                 26015037      IA INSTALLATION BEFORE FCR APPROVAL                           05/18/2026
             Engineering         93513         CHILD EC 1 – IA DRYER REPLACEMENT                             0
             Changes             93514         CHILD EC 3 – IA COMPRESSOR C-2A REPLACEMENT                   05/20/2026
                                 93515         CHILD EC 2 – IA COMPRESSOR C-2C REPLACEMENT                   0
                                 93516         CHILD EC 4 – IA COMPRESSOR C-2B REPLACEMENT                   0
                                 94022         K-8, ‘Auxiliary Feed Pump P-8B Turbine Driver’ Replace the    0
                                               U-Lock Staple with New Design as Recommended by the
                                               Vendor (Background EC 65746)
             Miscellaneous       DBD-1.05      Design Basis Document for Compressed Air Systems              6
71111.24     Corrective Action   25014224      K-6B Jacket Water Leak                                        11/13/2025
             Documents           25015553      LLRT for Demin Water to the Quench Tank Leakage is            12/26/2025
                                               Greater than the 2000 SCCM
                                 26013735      K-6B, EDG 1-2 Jacket Water Leak Not Fixed During Recent       04/13/2026
                                               K-6B Outage
                                 26013896      AOP-26 Entry                                                  04/16/2026
                                 26013899      Aggreko Equipment with Electrical Issue                       04/16/2026
                                 26015059      RO-32-15 Editorial Changes                                    05/19/2026
                                 26015071      Failed PMT on CV-0911                                         05/19/2026
                                 26015211      Damaged M-2A & M-2B Dryer Instrument Connectors               05/21/2026
                                 26015255      Post Modification Testing Discovered New Instrument Air       05/22/2026
                                               Compressors Take 24 Secs
                                 26015293      RO-32-67 Leakrate Above Troubleshooting Leakage               05/24/2026
                                               Guideline
                                 26015325      Dryer M-2A & M-2B Discharge Check Valve Chatter               05/26/2026
                                 26015346      Local Leak Rate Test for Penetration MZ-41 would not          05/27/2026



                                                         19
Inspection   Type                Designation   Description or Title                                        Revision or
Procedure                                                                                                  Date
                                               Pressurize
             Corrective Action   26015166      RO-32-42 Exceeded Administrative Limit Cause                05/20/2026
             Documents                         Determination
             Resulting from
             Inspection
             Engineering         93369         ALTERNATE COMPONENT COOLING WATER                           0
             Changes                           CONNECTIONS TO THE SFP HEAT EXCHANGER
                                               E-53A / E-53B
             Procedures          ENG-353       Primary Containment Leakage Rate Testing (10 CFR 50         0
                                               Appendix J) Program Plan
                                 MO-7A-2       Emergency Diesel Generator 1-2                              103
                                 RO-146        Comprehensive Pump Test Procedure - Component Cooling       13
                                               Water Pumps P-52A, P-52B, and P-52C
                                 RO-32         LLRT - Local Leak Rate Test Main Procedure                  35
                                 RO-32-15      LLRT - Local Leak Rate Test Procedure for Penetration       27
                                               MZ-15
                                 RT-85D-B      Control Room Emergency Ventilation Filtration Testing - B   5
                                               Train
             Work Orders         00587277-02   RV-0401, Test/Repair New Valve                              04/28/2026
                                 00587277-03   RV-0401, Remove and Install Tested Valve                    05/18/2026
                                 00587278-02   RV-0402, Test New Valve                                     05/07/2026
                                 00587279-02   RV-0403, Test New Valve                                     05/08/2026
                                 00587877-01   PLACE SFP COOLING HX ALTERNATE COOLING MOD IN               04/06/2026
                                               SERVICE PER EC93370
                                 00602141-01   MO-7A-2 EMERGENCY DIESEL GENERATOR 1-2 (K-6B)               04/10/2026
                                 00603179-03   E-22B; (OPS & NDE) PMT IN CONJUNCTION WITH VT-2             04/10/2026
                                 00604706      CV-0911 Test Volume Could Not Be Pressurized During         05/19/2026
                                               RO-32-15
                                 00604893      CV-0155 LLRT Failure Refurb Valve & Actuator                03/10/2026
                                 52961371-01   VFH-26B HEPA FILTER REPLACEMENT                             12/23/2025
                                 52961371-02   VHF-26B, PMT: TEST PER RT-85D                               03/23/2026
                                 52994201      RO-32-42 -MZ-42, Demineralized Wtr to Quench Tk             02/03/2026
                                 582088-05     ED-02; Perform FE-5B Performance Test on ED-02 Battery      04/19/2026
                                 587438-27     DRYER TEST-ECT- 93513-01 OR -02 FOR M-2A & M-2B             05/27/2026


                                                         20
Inspection   Type                Designation     Description or Title                                        Revision or
Procedure                                                                                                    Date
                                                 DRYERS
                                 588700-03       EC93516 - ECT-93516-02 LEAD/LAG TESTING FOR                 05/21/2026
                                                 C-2A/C-2B/C-2C
                                 590187          QE-35B, ED-02, Battery Checks - Quarterly                   04/18/2026
71114.06     Procedures          OPS-134         Palisades Nuclear Power Station Operations Notifications    0
71124.08     Miscellaneous       2025 ALPS       ALPS Waste Stream Evaluation                                01/12/2026
                                 Composite
                                 DAW 2024 NOV    Dry Active Waste (DAW) Waste Stream Evaluation              01/27/2026
             Procedures          RP-121          Radioactive Material Control                                0
                                 RP-412          Radioactive Shipping Procedure                              2
                                 RP-414          Scaling Factors                                             0
             Shipping Records    2026-RM-004     SCO Shipping Package                                        01/14/2026
                                 2026-RW-002     ALPS Resin Shipment Package                                 01/20/2026
                                 2026-RW-014     Dry Active Waste Shipping Package                           03/03/2026
71152        Miscellaneous       PLP-SRTSP-BAG   Buildings and Grounds                                       0
                                 PLP-SRTSP-      Chemical Addition                                           0
                                 CHM
                                 PLP-SRTSP-DTA   Datalogger                                                  0
                                 PLP-SRTSP-EHC   Turbine Electrohydraulic Control                            0
                                 PLP-SRTSP-      Main Feedwater                                              0
                                 MFW
                                 PLP-SRTSP-RPS   Reactor Protection System                                   0
71152A       Corrective Action   25012715        RP Waste Shipment Exceeded DOT Limits                       09/25/2025
             Documents           26012619        CV-3025 Not Operating as Expected                           03/13/2026
                                 26012629        Temporary Instrument Air Dryer Lost Power                   03/13/2026
                                 26012630        Temporary IAS Compressor Dryer Lost Power                   03/13/2026
                                 26012690        Long Term Impact of Water Intrusion in Air Systems          03/16/2026
                                 26013325        Need to Update 2 Operator Licenses                          04/01/2026
                                 26014029        Failure to report changing medical conditions               04/20/2026
                                 26015169        Air Operated Valves Identified for Inspection of Moisture   05/20/2026
                                                 Intrusion in Air Lines
             Corrective Action   25015623        NRC ID: Improper Extension of Adverse CR Actions            12/30/2025
             Documents



                                                           21
Inspection   Type             Designation   Description or Title                                 Revision or
Procedure                                                                                        Date
             Resulting from
             Inspection
             Engineering      93403         Fiber Backbone Upgrade Project - AQ                  0
             Changes
             Procedures       AOP-37        Loss of Instrument Air                               3
                              OM-126        Management and Oversight of Supplemental Personnel   1
                              PI-001        Corrective Action Program                            0
                              PI-001        Corrective Action Program                            0
                              SOP-19        Instrument Air System                                78
                              WM-107        Emergent Issues Process                              0
71153        Procedures       RA-108        Event Notification and Reporting                     1




                                                      22
"
ML26125A118,2026001,2026-05-05,PALISADES NUCLEAR PLANT – INTEGRATED INSPECTION REPORT 05000255/2026001,https://www.nrc.gov/docs/ML2612/ML26125A118.pdf,4,archive/reports/ML26125A118/de2d863b754c2bd212dcee3065b5edf1daa1fc2acb150282dc7c750b68f53faa.pdf,archive/reports/ML26125A118/de2d863b754c2bd212dcee3065b5edf1daa1fc2acb150282dc7c750b68f53faa.txt,"                                          May 5, 2026
Michael Schultheis
Site Vice President,
Palisades Energy, LLC
Palisades Nuclear Plant
27780 Blue Star Memorial Hwy
Covert, MI 49043-9530

SUBJECT:       PALISADES NUCLEAR PLANT – INTEGRATED INSPECTION REPORT
               05000255/2026001

Dear Michael Schultheis:

On March 31, 2026, the U.S. Nuclear Regulatory Commission (NRC) completed an inspection
at Palisades Nuclear Plant. On April 13, 2026, the NRC inspectors discussed the results of this
inspection with you and other members of your staff. The results of this inspection are
documented in the enclosed report.

One finding of very-low safety significance (Green) is documented in this report. This finding
involved a violation of NRC requirements. We are treating this violation as a non-cited violation
(NCV) consistent with Section 2.3.2 of the Enforcement Policy.

A licensee-identified violation which was determined to be of very-low safety significance
is documented in this report. We are treating this violation as an NCV consistent with
Section 2.3.2 of the Enforcement Policy.

If you contest the violations or the significance or severity of the violations documented in
this inspection report, you should provide a response within 30 days of the date of this
inspection report, with the basis for your denial, to the U.S. Nuclear Regulatory Commission,
ATTN: Document Control Desk, Washington, DC 20555-0001; with copies to the Regional
Administrator, Region III; the Director, Office of Enforcement; and the NRC Resident Inspector
at Palisades Nuclear Plant.
M. Schultheis                                     2


This letter, its enclosure, and your response (if any) will be made available for public inspection
and copying at http://www.nrc.gov/reading-rm/adams.html and at the NRC Public Document
Room in accordance with Title 10 of the Code of Federal Regulations 2.390, “Public
Inspections, Exemptions, Requests for Withholding.”

                                              Sincerely,
                                                                      Signed by Nguyen, April
                                                                      on 05/05/26



                                              April M. Nguyen, Team Leader
                                              Palisades Restart Team
                                              Division of Operating Reactor Safety

Docket No. 05000255
License No. DPR–20

Enclosure:
As stated

cc w/ encl: distribution via digital
 communications platform
M. Schultheis                                 3


Letter to Michael Schultheis from April M. Nguyen dated May 5, 2026.

SUBJECT:        PALISADES NUCLEAR PLANT – INTEGRATED INSPECTION REPORT
                05000255/2026001

DISTRIBUTION:
Eric Stamm
RidsNrrPMPalisades Resource
RidsNrrDorlLpl3
RidsNrrDroIrib Resource
Mohammed Shuaibi
Diana Betancourt-Roldan
Deborah Piskura
Jared Heck
Jennifer Dalzell
R3-DORS




ADAMS Accession No.(s): ML26125A118
PKG: ML26125A114
e-Concurrence Case: 20260505-00022
                        U.S. NUCLEAR REGULATORY COMMISSION
                                   Inspection Report


Docket Number:       05000255


License Number:      DPR-20


Report Number:       05000255/2026001


Enterprise Identifier: I-2026-001-0088


Licensee:            Palisades Energy, LLC


Facility:            Palisades Nuclear Plant


Location:            Covert, MI


Inspection Dates:    January 1, 2026, to March 31, 2026


Inspectors:          T. Briley, Senior Reactor Inspector
                     J. Mancuso, Senior Resident Inspector
                     T. Okamoto, Resident Inspector
                     A. Shaikh, Senior Reactor Inspector
                     C. St. Peters, Senior Project Engineer
                     J. Winslow, Senior Project Engineer


Approved By:         April M. Nguyen, Team Leader
                     Palisades Restart Team
                     Division of Operating Reactor Safety




                                                              Enclosure
                                           SUMMARY

The U.S. Nuclear Regulatory Commission (NRC) continued monitoring the licensee’s
performance by conducting an integrated inspection at Palisades Nuclear Plant,
in accordance with the Reactor Oversight Process. The Reactor Oversight Process is
the NRC’s program for overseeing the safe operation of commercial nuclear power reactors.
Refer to https://www.nrc.gov/reactors/operating/oversight.html for more information.
A licensee-identified non-cited violation is documented in report Section: 71111.20.

                                List of Findings and Violations

 Failure to Maintain Adequate Fire Protection System Functional Test Procedure
 Cornerstone          Significance                                Cross-Cutting      Report
                                                                  Area               Section
 Mitigating Systems Green                                         Problem            71152A
                    NCV 05000255/2026001-01                       Identification and
                    Open/Closed                                   Resolution
 The inspectors identified a finding of very-low safety significance and associated violation of
 Technical Specification 5.4.1, “Procedures,” for the licensee’s failure to maintain fire protection
 system functional test procedure. Specifically, the licensee failed to maintain Procedure RO-52,
 “Fire Suppression Water System Functional Test and Fire Pump Capacity Test,” by failing to
 include appropriate acceptance criteria in the procedure to demonstrate fire protection system
 functionality.

                                   Additional Tracking Items

None.




                                                2
PLANT STATUS

On August 25, 2025, Palisades notified the NRC that they rescinded their Title 10 of
the Code of Federal Regulations (10 CFR) 50.82(a)(1) certification, which removed the
prohibition on operation and emplacement of fuel in the reactor. Palisades also implemented
the set of licensing actions to support reimplementation of their operational licensing basis.
On August 25, 2025, the NRC transitioned oversight of Palisades to the Reactor Oversight
Process (ROP).

The NRC is conducting inspections to evaluate and assess the licensee’s activities for
restoration to an operating status. The resident inspectors, as well as supplemental
inspectors, continue to provide daily oversight of the restart activities occurring at the site.

The unit ended the inspection period in a defueled status.

INSPECTION SCOPES

Inspections were conducted using the appropriate portions of the inspection procedures (IPs)
in effect at the beginning of the inspection unless otherwise noted. Currently approved IPs with
their attached revision histories are located on the public website at http://www.nrc.gov/reading-
rm/doc-collections/insp-manual/inspection-procedure/index.html. Samples were declared
complete when the IP requirements most appropriate to the inspection activity were met
consistent with Inspection Manual Chapter (IMC) 2515, “Light-Water Reactor Inspection
Program - Operations Phase.” The inspectors performed activities described in IMC 2515,
Appendix D, “Plant Status,” observed risk-significant activities, and completed on-site portions
of IPs. The inspectors reviewed selected procedures and records, observed activities, and
interviewed personnel to assess licensee performance and compliance with Commission rules
and regulations, license conditions, site procedures, and standards.

REACTOR SAFETY

71111.01 - Adverse Weather Protection

Seasonal Extreme Weather Sample (IP Section 03.01) (1 Sample)

   (1)    The inspectors evaluated readiness for seasonal extreme weather conditions prior to
          the onset of seasonal cold temperatures for the following systems during the weeks
          of January 5, 2026, and January 12, 2026:

              •   service water system
              •   emergency diesel generators

71111.04 - Equipment Alignment

Partial Walkdown Sample (IP Section 03.01) (2 Samples)

   The inspectors evaluated system configurations during partial walkdowns of the following
   systems/trains:

   (1)    component cooling water system on January 27, 2026
   (2)    shutdown cooling system on February 18, 2026

                                                3
71111.05 - Fire Protection

Fire Area Walkdown and Inspection Sample (IP Section 03.01) (4 Samples)

   The inspectors evaluated the implementation of the fire protection program by conducting a
   walkdown and performing a review to verify program compliance, equipment functionality,
   material condition, and operational readiness of the following fire areas:

   (1)    Pre-Fire Plan Area 24 / Room 7: auxiliary feedwater pumps room, elevation 571'
          on January 28, 2026
   (2)    Pre-Fire Plan Area 23: turbine building north and south, elevations 580', 585', 590',
          607' to 612', and 625' on January 15, 2026
   (3)    Pre-Fire Plan Area 10: east engineered safeguards room, elevation 570' on
          February 23, 2026
   (4)    Pre-Fire Plan Area 14: reactor containment building, elevations 590', 607', 611', 625',
          and 649' on March 10, 2026

Fire Brigade Drill Performance Sample (IP Section 03.02) (1 Sample)

   (1)    The inspectors evaluated the onsite fire brigade performance during a fire on a cable
          to a temporary power pack supplying diving equipment in the protected area on
          March 2, 2026.

71111.07A - Heat Exchanger/Sink Performance

Annual Review (IP Section 03.01) (1 Sample)

   The inspectors evaluated readiness and performance of:

   (1)    E-60B shutdown cooling heat exchanger on January 7, 2026

71111.08P - Inservice Inspection Activities (PWR)

The inspectors verified that the reactor coolant system boundary, reactor vessel internals,
risk-significant piping system boundaries, and containment boundary are appropriately
monitored for degradation and that repairs and replacements were appropriately fabricated,
examined and accepted by reviewing the following activities.

Inservice Inspection Activities (PWR) (1 Sample)

   (1)       •   Reactor Vessel Closure Head Nozzle Post Weld Ultrasonic Examination,
                 Liquid Penetrant Examination, and Eddy Current Testing
             •   Reactor Core Shroud Assembly Alternate Bolting Pattern Analysis
             •   Reactor Vessel Closure Head Design Analytical Report
             •   Pressurizer Safety Valve Flange 1039 and 1041 Post Weld Liquid Penetrant
                 Examination, Radiographic Examination, and Post Weld Heat Treatment
             •   Pressurizer Spray Nozzle to Safe-End Post Weld Liquid Penetrant
                 Examination, Radiographic Examination, and Post Weld Heat Treatment



                                                4
71111.11Q - Licensed Operator Requalification Program and Licensed Operator Performance

Licensed Operator Performance in the Actual Plant/Main Control Room (IP Section 03.01)
(1 Sample)

   (1)    The inspectors observed and evaluated licensed operator performance in the control
          room during plant heatup to normal operating pressure and temperature while
          defueled to support primary cooling system (PCS) passivation activities from
          February 23 to February 25, 2026.

71111.15 - Operability Determinations and Functionality Assessments

Operability Determination or Functionality Assessment (IP Section 03.01) (2 Samples)

   The inspectors evaluated the licensee’s justifications and actions associated with the
   following operability determinations and functionality assessments:

   (1)    Engineering Change (EC) 93946, “EDG 1-1 and 1-2 Pre-Lube Pumps Motor FLA and
          Overload Heater Re-Evaluation” on March 20, 2026
   (2)    Emergency diesel generator (EDG) 1-2 fuel oil priming pump P-210B discharge check
          valve non-quality part installed during movement of irradiated fuel in the spent fuel
          pool during the week of January 12, 2026

71111.18 - Plant Modifications

Temporary Modifications and/or Permanent Modifications (IP Section 03.01 and/or 03.02)
(1 Sample 1 Partial)

   The inspectors evaluated the following temporary or permanent modifications:

   (1)    (Partial)
          EC-93378, permanent modification of the instrument air system on January 21, 2026
   (2)    EC-93369, permanent modification for alternate component cooling water
          connections to the spent fuel pool heat exchanger E-53A/E-53B on January 5, 2026

71111.20 - Refueling and Other Outage Activities

Refueling/Other Outage Sample (IP Section 03.01) (1 Partial)

   (1)    (Partial)
          The inspectors evaluated restart outage activities from January 1, 2026,
          to March 31, 2026.




                                               5
71111.24 - Testing and Maintenance of Equipment Important to Risk

The inspectors evaluated the following testing and maintenance activities to verify system
operability and/or functionality:

Post-Maintenance Testing (PMT) (IP Section 03.01) (1 Sample)

   (1)    P-8B auxiliary feedwater pump overspeed trip test following governor and turbine
          rotor overhaul on March 2, 2026

OTHER ACTIVITIES – BASELINE

71151 - Performance Indicator Verification

The inspectors verified licensee performance indicators submittals listed below:

PP01: Protected Area Security Equipment Performance Index Sample (IP Section 02.17)
(1 Sample)

   (1)    August 25 through December 31, 2025

71152A - Annual Follow-up Problem Identification and Resolution

Annual Follow-up of Selected Issues (IP Section 03.03) (3 Samples)

   The inspectors reviewed the licensee’s implementation of its corrective action program
   related to the following issues:

   (1)        Issues that challenge operator performance including but not limited to
              operator work arounds, operator burdens, Main Control Room deficiencies,
              and adverse condition monitoring plans during the weeks of March 2, 2026,
              and March 9, 2026.
   (2)        Condition report (CR) 25015026 associated with procurement and receipt
              inspection issues for safety-related material during the week of
              February 16, 2026.
   (3)        Corrective actions from NRC-identified NCV 05000255/2018011-01 associated
              with the site’s fire protection suppression system functionality assessment during
              the weeks of January 26, 2026, and February 2, 2026.




                                                6
71152S - Semiannual Trend Problem Identification and Resolution

Semiannual Trend Review (IP Section 03.02) (1 Sample)

   (1)    The inspectors reviewed the licensee’s corrective action program to identify potential
          trends in security equipment that might be indicative of a more significant safety issue
          on February 24, 2026.

71153 - Follow-Up of Events and Notices of Enforcement Discretion

Personnel Performance (IP Section 03.03) (1 Sample)

   (1)    The inspectors evaluated the loss of 1D bus and automatic start of 1-2 DG and
          licensee’s performance on February 5, 2026.

OTHER ACTIVITIES – TEMPORARY INSTRUCTIONS, INFREQUENT AND ABNORMAL

71152 - Problem Identification and Resolution (PI&R)

During the inspection period, the inspectors continued reviews of Phases I and II of the
licensee’s system return to service (SRTS) plans and associated topics. The SRTS plans
document licensee activities to verify that the configuration and condition of systems, structures,
and components (SSCs) are consistent with the design and licensing bases to support potential
restart. The inspectors reviewed Phases I and II of the SRTS plans, which include areas
such as licensing and design-basis functions, system material conditions, reviewing open and
deferred work prior to shutdown, and program applicability. The inspectors conducted these
reviews using IP 71152, “Problem Identification and Resolution,” and IP 71111.21M,
“Comprehensive Engineering Team Inspection (CETI),” as applicable.
The inspectors completed reviews of the SRTS plans for the following topics:

Problem Identification and Resolution (PI&R)

              •   environmental qualification of components
              •   containment purge
              •   cathodic protection
              •   chemical and volume control
              •   circulating water
              •   engineered safety features - actuation
              •   feedwater purity air
              •   fire protection
              •   480 volt AC power
              •   main steam system
              •   neutron monitoring system
              •   120 volt preferred AC power
              •   primary coolant
              •   reactor vessel and reactor vessel internals
              •   sequencers
              •   safety injection tanks
              •   safety injection and refueling water and containment sump
              •   turbine generator

                                                 7
INSPECTION RESULTS

 Licensee-Identified Non-Cited Violation                                           71111.20
 This violation of very-low safety significance was identified by the licensee and has been
 entered into the licensee corrective action program and is being treated as a non-cited
 violation, consistent with Section 2.3.2 of the Enforcement Policy.
 Violation: Title 10 of the Code of Federal Regulations (10 CFR) Part 26, “Fitness for Duty
 Programs,” subpart 205, “Work Hours,” requires, in part, that licensees shall control work
 hours so an individual’s hours worked do not exceed 16 hours in any 24-hour period, 26 hours
 in any 48-hour period, and 72 hours in any 7-day period. Additionally, it requires, in part, that
 licensees shall ensure that individuals have, at a minimum, a 34-hour break in any 9-day
 period.

 Contrary to the above, between February 24, 2026, and March 3, 2026, the licensee failed to
 ensure that individuals subject to the requirements of 10 CFR Part 26 complied with the work
 hour limitations and scheduling restrictions of Part 26. Specifically, the licensee failed to
 adequately schedule and control the work hours of three individuals performing work covered
 by the restrictions of 10 CFR Part 26 by not ensuring that the individuals’ work hours did not
 exceed 72 hours in any 7-day period. Additionally, the licensee failed to ensure that the same
 individuals received at least a 34-hour break in any 9-day period.
 Significance/Severity: Green. The inspectors assessed the significance of the finding using
 IMC 0609 Appendix A, “The Significance Determination Process (SDP) for Findings
 At-Power.” Using Exhibit 2, “Mitigating Systems Screening Questions,” of IMC 0609
 Appendix A, Section A, the inspectors answered “No” to all of the questions, screening the
 finding to Green, as the work completed by the three individuals was verified by individuals
 who did meet the requirements of the Part 26 work hours restrictions, ensuring that the
 equipment maintained either its operability or functionality.
 Corrective Action References: CR 26012156 - Violation of Fatigue Rule- ARC Pipefitters

 Failure to Maintain Adequate Fire Protection System Functional Test Procedure
 Cornerstone         Significance                               Cross-Cutting      Report Section
                                                                Area
 Mitigating          Green                                      Problem            71152A
 Systems             NCV 05000255/2026001-01                    Identification and
                     Open/Closed                                Resolution
 The inspectors identified a finding of very-low safety significance and associated violation
 of Technical Specification 5.4.1, “Procedures,” for the licensee’s failure to maintain fire
 protection system functional test procedure. Specifically, the licensee failed to maintain
 Procedure RO-52, “Fire Suppression Water System Functional Test and Fire Pump Capacity
 Test,” by failing to include appropriate acceptance criteria in the procedure to demonstrate
 fire protection system functionality.
 Description:

 As part of restart efforts, the inspectors reviewed the site’s fire protection suppression system
 functionality assessment. Specifically, the inspectors reviewed the corrective action program
 (CAP) documents associated with the firewater system to understand if prior unresolved

                                                8
conditions adverse to quality had been addressed. The inspectors also reviewed the most
recent fire pump test data along with current fire protection system implementing procedures.
During this review, the inspectors focused on the close-out actions from previous
NRC-identified NCV 05000255/2018011-01. In response to the 2018 NCV, Palisades
concluded that EA-FPS-2001-01, “Calculation of Fire Suppression System Flow Rate and
Pressure Requirements,” already included sufficient margin to account for aging conditions on
the pipes at the time. It was determined that EA-FPS-2001-01 and RO-52, “Fire Suppression
Water System Functional Test and Fire Pump Capacity Test,” did not require revision.
The inspectors noted that the current Palisades procedures had not been revised to consider
aging conditions on the fire protection system piping since then.

The inspectors questioned the validity of the acceptance criteria in those procedures in 2026,
since approximately 8 years had passed from the prior issue being identified in 2018.
The inspectors were concerned that the pipe condition may have degraded further and
additional friction losses could have occurred due to the piping degrading. The most
demanding fire suppression loads at Palisades are the start-up transformer deluge system that
requires a fire pump discharge flow of 1869.1 gpm and pump discharge pressure of 85.6 psig,
the turbine building sprinklers that require 1562.1 gpm at 103.5 psig, and intake structure
sprinklers that require 1312.4 gpm at 94.6 psig to ensure adequate fire suppression per
EA-FPS-2001-01 requirements. Calculation EA-FPS-2001-01 assumes a coefficient of friction
(C-factor) of 120-100 for the buried fire protection piping and above ground piping that delivers
fire suppression water from the pump discharge to various suppression loads throughout the
plant. The fire pump discharge flow and pressure requirements as described above for the
three most demanding suppression loads were incorporated into the acceptance criteria of
Procedure RO-52 under Section 6.0. The inspectors questioned the continued appropriateness
of this acceptance criteria given the age of the piping system, which degrades over time,
because the calculations that determined the above acceptance criteria assumed a new pipe
and used a new piping nominal C-factor of 120-100.

The licensee documented the inspectors’ concern in corrective action document condition
report (CR) 26011141. However, the licensee did not provide any additional data to support
continued fire water system functionality. Additional information is needed to ensure that the
system maintains sufficient margin to meet all the suppression loads, including the most
limiting fire suppression loads at the site. Therefore, the inspectors determined that the current
acceptance criteria in Section 6.0 of RO-52 were not adequate to ensure functionality of the
fire pumps to meet fire suppression requirements.

Corrective Actions: The licensee entered the NRC inspectors’ concern into its CAP under
document CR 2601114. In addition, the licensee initiated corrective actions to perform a fire
hydraulic model and calculation to determine functionality of the fire suppression system taking
into consideration the actual degradation of the piping since the issue was first identified in
2018 by the NRC.

Corrective Action References: CR 26011141, “Follow up review of close-out actions from
previous NCV 05000255/2018011-01.”
Performance Assessment:

Performance Deficiency: The licensee’s failure to include appropriate acceptance criteria
in Procedure RO-52, revision 36, to ensure functionality of the fire suppression water system
was a performance deficiency.

                                               9
Screening: The inspectors determined the performance deficiency was more-than-minor
because it was associated with the Procedure Quality attribute of the Mitigating Systems
cornerstone and adversely affected the cornerstone objective to ensure the availability,
reliability, and capability of systems that respond to initiating events to prevent undesirable
consequences. Specifically, the failure to include appropriate acceptance criteria into
Procedure RO-52, resulted in a deficient procedure that could lead to the acceptance of
degraded fire pump performance and subsequently, adversely impact the functionality of
the fire suppression system.

Significance: The inspectors assessed the significance of the finding using IMC 0609
Appendix A, “The Significance Determination Process (SDP) for Findings At-Power.”
The inspectors determined the finding affected the Mitigating Systems cornerstone.
The finding degraded fire protection defense-in-depth strategies, and the inspectors
determined, using Table 3, that it could be evaluated using Appendix F, “Fire Protection
Significance Determination Process.” The inspectors screened the finding using IMC 0609,
Appendix F, Attachment 1, “Part 1: Fire Protection SDP Phase 1 Worksheet,” dated
September 20, 2013. The inspectors answered “yes” to Question 1.4.2 G, “Would the affected
fixed fire suppression system still be able to suppress a fire such that no additional equipment
important to safety would be affected by a fire?” in Task 1.4.2 of IMC 0609, Appendix F.
Therefore, the inspectors determined that the finding screened as having very-low safety
significance (Green).

Cross-Cutting Area: Problem Identification and Resolution

The licensee did not verify the adequacy of the acceptance criteria in RO-52 because the
licensee failed to identify and evaluate site specific operating experience related to the effect of
aging equipment on the calculations used as the basis for their procedures. Specifically, when
updating RO-52 for the site’s reentry into the ROP, the licensee failed to address the corrective
actions taken for previously NRC-identified issues associated with the basis for the procedure,
leading to them failing to update the calculations or otherwise ensure there was sufficient basis
for the acceptance criteria to support functionality of the fire suppression system.
Enforcement:

Violation: Technical Specification 5.4.1 requires, in part, that, written procedures shall be
established, implemented, and maintained covering the activities referenced below:

   •   The applicable procedures recommended in Regulatory Guide 1.33, Revision 2,
       Appendix A, February 1978; and
   •   Regulatory Guide 1.33, Revision 2, Appendix A, 1978 Section 8 (b)(1)(h) identifies
       procedure for Fire Protection System Functional Test as an applicable procedure.

Contrary to the above, since August 19, 2025, the licensee failed to maintain Procedure
RO-52, “Fire Suppression Water System Functional Test and Fire Pump Capacity Test,”
by failing to include appropriate acceptance criteria in the procedure to demonstrate Fire
Protection System Functionality.

Enforcement Action: This violation is being treated as a non-cited violation, consistent with
Section 2.3.2 of the Enforcement Policy.



                                               10
Minor Violation                                                                      71152A
Minor Violation: On February 16, 2026, the inspectors reviewed the licensee’s causal analysis
(CR 25015026) and associated corrective actions related to the inadvertent installation of
non-quality parts in the safety-related emergency diesel generators (EDGs) and main steam
safety system. Specifically, on or about December 13, 2025, the licensee identified that
multiple purchase orders that were issued for safety-related Swagelok check valves in
the fuel and/or air start systems for EDG 1-1 and EDG 1-2, along with refurbishment of
safety-related main steam safety valves in the main steam safety system, did not conform to
the procurement documents to ensure quality. Several of the purchased items were received
and installed in the plant, which included the EDG 1-1 fuel oil priming pump P-210A
discharge check valve (CK-DE400), EDG 1-2 fuel oil priming pump P-210B discharge check
valve (CK-DE401), and main steam safety valve (RV-0701).

The EDGs supply backup electrical power to various safety-related buses that power
plant equipment to ensure safe shut down and maintain core cooling if offsite power was lost.
The main steam safety system (steam generated from steam generators) contains 12
spring-loaded safety valves that function as overpressure protection in accordance with
American Society of Mechanical Engineers (ASME) Boiler and Pressure Vessel (B&PV)
code, Section III, Rules for Construction of Nuclear Facility Components. Title 10 of the
Code of Federal Regulations (10 CFR) Part 50, Appendix B, Criterion VII, “Control of
Purchased Material, Equipment, Services” requires, in part, that measures shall be
established to assure that purchased material, equipment, and services, whether purchased
directly or through contractors and subcontractors, conform to procurement documents.
These quality assurance processes are essential to provide reasonable assurance that
structures, systems, and/or components installed in the plant would perform their specified
safety function(s).

The licensee’s causal analysis concluded that procurement and receipt inspection processes
that support implementation of the Palisades quality assurance program were not consistently
performed with sufficient rigor to ensure safety-related components satisfy the quality
objectives identified on the qualified suppliers list (QSL), safety-related purchase orders,
and supporting quality documentation requirements prior to receipt acceptance or installation.
Supply chain did not perform the required verification and validation of controls and
procedures to ensure only qualified safety-related components were procured and installed.
For EDG 1-1 and EDG 1-2, Swagelok valves were purchased directly from Swagelok.
However, Swagelok was not specifically listed on the Palisades QSL to provide safety-related
valves and, therefore, was considered an unqualified supplier. For the main steam safety
valve refurbishments, although the supplier had maintained a quality assurance program, the
specific facility where repair work had been performed was a satellite location that had not
been audited and, therefore, should not have been on the Palisades QSL. A qualified supplier
was a supplier who had undergone a quality and technical evaluation by responsible
organizations and was approved to provide specific material or services as identified on the
QSL. In addition, the main steam safety valve purchase order stated, in part, repairs and
steam certification testing shall be performed in accordance with Holtec approved repair and
testing procedures as approved by the Palisades Program Engineer. On October 28, 2025,
the licensee identified that the repair plan had not been reviewed and approved by the
responsible engineer.

The inspectors determined that the licensee’s failure to assure that purchased material,
equipment, and services conformed to procurement documents in accordance with

                                             11
10 CFR Part 50, Appendix B, Criterion VII, “Control of Purchased Material, Equipment,
Services,” was a performance deficiency. Specifically, documentation associated with several
emergency diesel generator and main steam safety system components, procured as
safety-related, did not satisfy purchase order requirements upon receipt and were not
identified during material receipt inspection. Licensee quality Procedure MP-120, “Material
Receipt,” Revision 0, step 7.7.6 states, in part, for quality inspection “supplier documentation
such as certificate of conformance, supporting documents or certificate of analysis attesting
to acceptable test results shall be reviewed in a manner to ensure purchase order
requirements are satisfied. Documentation received from a third-party dedicator and/or the
CGD [commercial grade dedication] lab shall also be reviewed in a reasonable manner to
verify accuracy, traceability to the purchase order, receipt lot/batch, etc. ensuring the CGD
acceptance criteria is satisfied.”

Screening: The inspectors determined the performance deficiency was minor. The main
steam system and EDG 1-1 had not been returned to service since Palisades re-entered
the Reactor Oversight Process on August 25, 2025, nor were required to be operable
per technical specifications in the mode of applicability (plant was in defueled condition).
EDG 1-2 was returned to service (operable) on November 11, 2025, to support irradiated
fuel movements in the spent fuel pool in accordance with Technical Specification 3.8.2,
Alternating Current Sources - Shutdown. Irradiated fuel movements commenced on
November 17, 2025, and completed on December 9, 2025. The licensee performed a
past operability evaluation regarding the installation of the non-quality (commercial grade,
not safety-related) fuel oil priming pump P210-B check valve (CK-DE401) and reasonably
concluded there were no operational impacts to EDG 1-2 during the periodic movement of
irradiated fuel in the spent fuel pool and the EDG remained capable of performing its intended
safety function. In addition, a supplier evaluation was performed on the main steam safety
valve repair facility satellite location and demonstrated compliance with applicable technical
and quality assurance requirements. Therefore, the inspectors determined the performance
deficiency was not reasonably viewed as a precursor to a significant event; if left uncorrected,
would not have the potential to lead to a more significant concern; was either not associated
with or did not adversely impact any of the cornerstone objectives; and was similar to
Inspection Manual Chapter 0612, Appendix E, “Examples of Minor Issues,” example 5.c.

Enforcement: 10 CFR Part 50, Appendix B, Criterion VII, “Control of Purchased Material,
Equipment, Services” states, in part, measures shall be established to assure that purchased
material, equipment, and services, whether purchased directly or through contractors and
subcontractors, conform to the procurement documents. These measures shall include
provisions, as appropriate, for source evaluation and selection, objective evidence of quality
furnished by the contractor or subcontractor, inspection at the contractor or subcontractor
source, and examination of products upon delivery. Documentary evidence that material and
equipment conform to the procurement requirements shall be available at the nuclear power
plant site prior to installation or use of such material and equipment. This documentary
evidence shall be retained at the nuclear power plant and shall be sufficient to identify the
specific requirements, such as codes, standards, or specifications, met by the purchased
material or equipment. The effectiveness of the control of quality by contractors and
subcontractors shall be assessed by the applicant or designee at intervals consistent with
the importance, complexity, and quantity of the product or services.

Contrary to the above, from July 25, 2025, [date of first Swagelok valve receipt inspection -
September 9, 2025, for main steam safety valve RV-0701] to December 13, 2025, [date CR
for Swagelok check valves written - November 4, 2025, for RV-0701] the licensee failed to

                                              12
  assure that purchased material, equipment, and services conformed to procurement
  documents. Specifically, documentation associated with several emergency diesel generator
  and main steam safety system components procured as safety-related did not satisfy
  purchase order requirements upon receipt and were not identified during material receipt
  inspection.

  This failure to comply with 10 CFR 50, Appendix B, Criterion VII, “Control of Purchased
  Material, Equipment, Services” constitutes a minor violation that is not subject to enforcement
  action in accordance with the NRC’s Enforcement Policy.

 Observation: Issues that Challenge Operator Performance                               71152A
 The inspectors reviewed issues that challenge operator performance including but not limited
 to operator work arounds, operator burdens, Main Control Room deficiencies, and adverse
 condition monitoring plans. While observing passivation activities in the Main Control Room
 on February 23, 2026, through February 25, 2026, they noted some equipment issues that
 warranted further review.

 The inspectors reviewed site procedures associated with the programs, reviewed condition
 reports and records associated with issues, walked down the control room panels, and
 discussed issues with the operators. Additionally, they reviewed the current lists of operator
 work-around, operator burdens, and Main Control Room deficiencies and their potential
 impact.

 No violations were identified.

 Minor Violation                                                                           71152S
 Minor Violation: Beginning on February 24, 2026, the NRC reviewed a selection of condition
 reports that resulted in the identification of a minor violation associated with security
 requirements. Details of this minor violation are withheld from public release. The licensee
 entered the associated issues into its corrective action program.

EXIT MEETINGS AND DEBRIEFS

The inspectors verified no proprietary information was retained or documented in this report.

   •   On April 13, 2026, the inspectors presented the integrated inspection results to
       Michael Schultheis, Site Vice President, and other members of the licensee staff.




                                                13
DOCUMENTS REVIEWED

Inspection   Type                Designation       Description or Title                                         Revision or
Procedure                                                                                                       Date
71111.01     Corrective Action   26010221          NRC ID: Outflow Water Line to T-41 Insulation Needs Repair   01/07/2026
             Documents           2610219           NRC ID: Housekeeping Around T-58 (Safety Injection           01/07/2026
             Resulting from                        Refueling Water Storage Tank) does not Meet Expectations
             Inspection
             Miscellaneous                         T-10A Diesel Fuel Oil Sample Results                         06/05/2025
                                                   T-10A Diesel Fuel Oil Sample Results                         01/22/2026
             Procedures          SOP-15            Service Water System                                         73
             Work Orders         586612            Perform Cold Weather Checksheets                             10/20/2025
71111.04     Corrective Action   26010547          E-54B CCW Heat Exchanger Endbell Still Leaking After         01/17/2026
             Documents                             Retorquing
             Procedures          SOP-16            Component Cooling Water System                               50
                                 SOP-3             Safety Injection and Shutdown Cooling System                 111
71111.05     Corrective Action   26010781          Aux Feedpump Room FME and Housekeeping                       01/24/2026
             Documents           26012109          Fire outside of screenhouse on west road                     03/02/2026
                                 26012354          Burnt-Out Low-Vol Air Sampler                                03/07/2026
             Fire Plans          PFP               Pre Fire Plan                                                6
             Procedures          DBD-7.10          Design Basis Document for NFPA 805 Fire Protection           4
                                                   Program
                                 EN-OP-139         Fire Watch Program                                           006
                                 ENG-327           Control of Hot Work and Ignition Sources                     1
                                 FPIP-2            Fire Emergency Responsibility and Response                   28
71111.07A    Corrective Action   26010075          E-60B Tube Plugging                                          01/05/2026
             Documents           26010169          E-60B Tube Plug                                              01/06/2026
             NDE Reports         Eddy Current      Holtec International Palisades Power Plant Unit 1 Shutdown   0
                                 Report            Heat Exchanger E-60B
71111.08P    Engineering         157-9387315-001   Palisades Pressurizer Safety Nozzle Flange Replacement       001
             Changes             50-9375076-0000   Palisades RVCH CRDM Nozzle IDTB Modifications                009
                                 50-9381350        Palisades Pressurizer Spray Nozzle Alloy 600 Mitigation      002
                                 93339             Reactor Vessel Closure Head Alloy 600 Mitigation             02/03/2026
                                 93588             Reactor Core Shroud Assembly ABPA Evaluation                 01/27/2026
             Engineering         CENC-1116         Analytical Report for Consumers Power Reactor Vessel         04/01/1969


                                                             14
Inspection   Type                Designation   Description or Title                                           Revision or
Procedure                                                                                                     Date
          Evaluations
71111.11Q Procedures             SOP-1C        Primary Coolant System - Heatup                                25
71111.15  Corrective Action      25011228      P-905A Pre-Lube Pump Tripped on Thermals                       08/19/2025
          Documents              25011267      This CR Is to Document the Replacement Of EMB-0116D            08/18/2025
                                               (Q1) With A Q4 Motor
                                 25014235      Vendor Material Qualification Issue Resulting in Unqualified   11/12/2025
                                               Item Installed
                                 25015178      Non-Qualified Valves Installed in Safety-Related Systems       12/13/2025
             Engineering         43407         Document Acceptable Replacement of P-905B and                  04/19/2013
             Changes                           EMB-0216D, EDG 1-2 Lube Oil Pre-Lube Priming
                                               Pump/Motor Assembly
                                 93946         EDG 1-1 and 1-2 Pre-Lube Pumps Motor FLA and Overload          03/11/2026
                                               Heater Re-Evaluation
71111.18     Corrective Action   26013896      AOP-26 Entry                                                   04/16/2026
             Documents
             Engineering         93369         Alternate Component Cooling Water Connections to the SFP       0
             Changes                           Heat Exchanger E-53A/E-53B
                                 93378         Palisades Instrument Air Compressors and Dryer                 0
                                               Replacement
             Procedures          RA-100        Process Applicability Determination                            0
                                 SOP-27        Fuel Pool System                                               78
71111.20     Corrective Action   26011874      MV-ES3042 T-82A PRESSURE CONTROL CV-3042 INLET                 02/24/2026
             Documents                         found LOCKED OPEN
                                 26011885      PCS Leakage Update                                             04/21/2026
                                 26012124      Gravel Pit LHRA Gate Is Not Opening                            03/03/2026
                                 26012136      QC Inspector On Shift For 22 Hours                             03/03/2026
                                 26012156      Violation of Fatigue Rule - ARC Pipefitters                    03/03/2026
             Procedures          RA-023        Fatigue Management Program                                     1
                                 RA-202        Personnel Expectations Related to Fatigue Management           0
71111.24     Corrective Action   26010679      Damaged Trip Body Set Screw on P-8B Turbine                    01/21/2026
             Documents           26010781      Aux Feedpump Room FME and Housekeeping                         01/24/2026
                                 26012107      K-8 Gov. End Bearing Oil Bubbler Leaking                       03/02/2026
             Procedures          WI-MA-395     Auxiliary Feedwater Turbine K-8 Overspeed Trip Test Using      08/07/2025


                                                         15
Inspection   Type                Designation     Description or Title                                          Revision or
Procedure                                                                                                      Date
                                                 TTOD Device
             Work Orders         586176          K-8; OVERSPEED TRIP TEST USING TTOD                           03/03/2026
                                                 (ENGINEERING)
71151        Miscellaneous                       3rd Quarter 2025 NRC Performance Indicator                    10/07/2025
                                                 Technique/Data Package
                                                 4th Quarter 2025 NRC Performance Indicator                    01/06/2026
                                                 Technique/Data Package
71152A       Calculations        EA-FPP-96-024   System Hydraulic Analysis for Start Up Transformers 1-1, 1-   0B
                                                 2, and 1-3 – Fire Suppression System
                                 EA-FPP-96-011   System Hydraulic Analysis for the Intake Structure – Fire     0
                                                 Suppression System
                                 EA-FPP-96-015   System Hydraulic Analysis for the Turbine Building – Fire     0
                                                 Suppression System
                                 PLP-RPT-18-     Fire Protection Hydraulic Modeling and Analysis               0
                                 00019
             Corrective Action   25015026        Procurement Engineering (PE), Procurement Specialists         12/08/2025
             Documents                           (PS), and Receipt Inspection (RI) personnel did not comply
                                                 with Palisades Quality Assurance Program, resulting in the
                                                 installation of unqualified materials and subsequent
                                                 Operation Mode Holds
             Corrective Action   26011141        Follow-up Review of Close Out Actions from Previous NCV       02/03/2026
             Documents                           05000255/2018011-01
             Resulting From
             Inspection
             Procedures          OPS-329         Adverse Condition Monitoring and Contingency Planning         0
                                 OPS-412         Operator Work-Around Program                                  0
                                 RO-52           Fire Suppression Water System Functional Test and Fire        36
                                                 Pump Capacity Test
71153        Corrective Action   26011187        Rear and Safeguards Bus Lost when Control Cables were         02/05/2026
             Documents                           Hit
                                 26011372        Testing Activities Result in Trip of Emergency Diesel         02/10/2026
                                                 Generator
             Procedures          AOP-9           Loss of Bus 1D                                                3


                                                           16
"
ML26072A198,2026401,2026-03-17,PALISADES NUCLEAR PLANT – CYBER SECURITY INSPECTION REPORT 05000255/2026401,https://www.nrc.gov/docs/ML2607/ML26072A198.pdf,1,archive/reports/ML26072A198/322db7c92810e2826a9371e6ff56d1e665c755d79895765c1cc3e131a7451fbe.pdf,archive/reports/ML26072A198/322db7c92810e2826a9371e6ff56d1e665c755d79895765c1cc3e131a7451fbe.txt,"                OFFICIAL USE ONLY – SECURITY-RELATED INFORMATION




                                          March 17, 2026
Michael Schultheis
Site Vice President,
Palisades Energy, LLC
Palisades Nuclear Plant
27780 Blue Star Memorial Hwy
Covert, MI 49043-9530

SUBJECT:       PALISADES NUCLEAR PLANT – CYBER SECURITY INSPECTION REPORT
               05000255/2026401

Dear Michael Schultheis:

On February 11, 2026, the U.S. Nuclear Regulatory Commission (NRC) completed an
inspection at Palisades Nuclear Plant and discussed the results of this inspection with
Mike Mlynarek and other members of your staff. The results of this inspection are documented
in the enclosed report.

One finding of very low security significance (Green) is documented in this report. This finding
involved a violation of NRC requirements. We are treating this violation as a non-cited violation
(NCV) consistent with Section 2.3.2 of the Enforcement Policy.

If you contest the violation or the significance or severity of the violation documented in
this inspection report, you should provide a response within 30 days of the date of this
inspection report, with the basis for your denial, to the U.S. Nuclear Regulatory Commission,
ATTN: Document Control Desk, Washington, DC 20555-0001; with copies to the Regional
Administrator, Region III; the Director, Office of Enforcement; the Director, Office of Nuclear
Security and Incident Response; and the NRC Resident Inspector at Palisades Nuclear Plant.

This letter will be made available for public inspection and copying at
http://www.nrc.gov/reading-rm/adams.html and at the NRC Public Document Room in
accordance with Title 10 of the Code of Federal Regulations 2.390, “Public Inspections,
Exemptions, Requests for Withholding.”




 Enclosure(s) transmitted herewith contain(s) SUNSI. When separated from enclosure(s), this
                            transmittal document is decontrolled.

                OFFICIAL USE ONLY – SECURITY-RELATED INFORMATION
                OFFICIAL USE ONLY – SECURITY-RELATED INFORMATION

M. Schultheis                                 2

The enclosed report contains Security-Related Information, so the enclosed report
will not be made publicly available in accordance with Title 10 of the Code of Federal
Regulations (10 CFR) 2.390(d)(1). If you choose to provide a response that contains
Security-Related Information, please mark your entire response “Security-Related
Information–Withhold from public disclosure under 10 CFR 2.390” in accordance with
10 CFR 2.390(d)(1) and follow the instructions for withholding in 10 CFR 2.390(b)(1).
The NRC is waiving the affidavit requirements for your response in accordance with
10 CFR 2.390(b)(1)(ii).

                                              Sincerely,
                                                                    Signed by Gilliam, Jasmine
                                                                    on 03/17/26



                                              Jasmine A. Gilliam, Chief
                                              Engineering Branch 2
                                              Division of Operating Reactor Safety

Docket No. 05000255
License No. DPR–20

Enclosure:
As stated

cc: S. Summers, Site Security Manager
       Palisades Nuclear Plant
    T. R. Wentworth, State Liaison Officer,
       State of Michigan

cc w/o encl: Distribution via GovDelivery




                OFFICIAL USE ONLY – SECURITY-RELATED INFORMATION
                OFFICIAL USE ONLY – SECURITY-RELATED INFORMATION

M. Schultheis                              3

Letter to Michael Schultheis from Jasmine Gilliam dated March 17, 2026.

SUBJECT:        PALISADES NUCLEAR PLANT – CYBER SECURITY INSPECTION REPORT
                05000255/2026401

DISTRIBUTION w/encl:
Stacy Prasad
Mohammed Shuaibi
Cliff Roundtree
Jim Beardsley
SOSBInspRptDistro@usnrc.onmicrosoft.com

DISTRIBUTION:
Eric Stamm
RidsNrrPMPalisades Resource
RidsNrrDorlLpl3
RidsNrrDroIrib Resource
Mohammed Shuaibi
Diana Betancourt-Roldan
Deborah Piskura
Jared Heck
Jennifer Dalzell
R3-DORS




ADAMS Accession No.(s): ML26072A197 (Cover Letter w/ enclosure(s))
ADAMS Accession No.(s): ML26072A198 (Cover letter)
Non-Public Designation Category: MD 3.4 Non-Public A.7
PKG: ML26072A177
e-Concurrence Case: 20260313-60012




                OFFICIAL USE ONLY – SECURITY-RELATED INFORMATION
"
ML26069A362,2025007,2026-03-11,ANNUAL ASSESSMENT LETTER FOR PALISADES NUCLEAR PLANT (REPORT 05000255/2025007),https://www.nrc.gov/docs/ML2606/ML26069A362.pdf,0,archive/reports/ML26069A362/a655f5dc3973f29c12127ff66a299f70e8a5505dfb8945aca41352844b7d005e.pdf,archive/reports/ML26069A362/a655f5dc3973f29c12127ff66a299f70e8a5505dfb8945aca41352844b7d005e.txt,"                                        March 11, 2026

Michael Schultheis
Site Vice President,
Palisades Energy, LLC
Palisades Nuclear Plant
27780 Blue Star Memorial Hwy
Covert, MI 49043-9530

SUBJECT:      ANNUAL ASSESSMENT LETTER FOR PALISADES NUCLEAR PLANT
              (REPORT 05000255/2025007)

Dear Michael Schultheis:

The U.S. Nuclear Regulatory Commission (NRC) has completed its end-of-cycle performance
assessment of Palisades Nuclear Plant, reviewing performance indicators (PIs), inspection
results, and enforcement actions from August 25, 2025, through December 31, 2025. This letter
informs you of the NRC’s assessment of your facility during this period and its plans for future
inspections at your facility. The NRC concluded that overall performance at your facility
preserved public health and safety. The baseline inspection program was completed at your
facility as defined in Inspection Manual Chapter (IMC) 2515, “Light-Water Reactor Inspection
Program - Operations Phase.”

The NRC determined the performance at Palisades Nuclear Plant during the most recent
quarter was within the Licensee Response Column, the highest performance category of the
NRC’s Reactor Oversight Process (ROP) Action Matrix, because all inspection findings had
very low safety significance (i.e., Green), and all PIs were within the expected range
(i.e., Green). Therefore, the NRC plans to conduct ROP baseline inspections at your facility.

The enclosed inspection plan lists the inspections scheduled through December 31, 2027.
The NRC provides the inspection plan to allow for the resolution of any scheduling conflicts
and personnel availability issues. Routine inspections performed by resident inspectors are
not included in the inspection plan. The inspections listed during the last twelve months of the
inspection plan are tentative and may be revised. The NRC will contact you as soon as possible
to discuss changes to the inspection plan should circumstances warrant any changes.
M. Schultheis                                   2


On August 25, 2025, Palisades notified the NRC that they rescinded their 10 CFR 50.82(a)(1)
certification, which removed the prohibition on operation and emplacement of fuel in the reactor
(ADAMS Accession No. ML25237A317). Palisades also implemented the set of licensing
actions to support reimplementation of their operational licensing basis. The NRC transitioned
oversight of Palisades Nuclear Plant to the Reactor Oversight Process (ROP) (ADAMS
Accession No. ML25147A274) on the same date. While NRC oversight of Palisades Nuclear
Plant is under the ROP, some oversight activities to restart the unit are still in progress under
IMC 2562, “Light-Water Reactor Inspection Program for Restart of Reactor Facilities following
Permanent Cessation of Power Operations,” to ensure that reactor operation will be safe and
secure in accordance with NRC requirements following reauthorization of operation under an
operating license.

This letter and its enclosure will be made available for public inspection and copying at
ADAMS Public Documents | NRC.gov and at the NRC Public Document Room in accordance
with Title 10 of the Code of Federal Regulations 2.390, “Public Inspections, Exemptions,
Requests for Withholding.”

Please contact me at 630-829-9587 with any questions you have regarding this letter.

                                             Sincerely,
                                                                    Signed by Nguyen, April
                                                                    on 03/10/26



                                             April M. Nguyen, Lead
                                             Palisades Restart Team
                                             Division of Operating Reactor Safety
Docket No. 05000255
License No. DPR–20

Enclosure:
Inspection Plan

cc w/ encl: Distribution via GovDelivery
M. Schultheis                                  3


Letter to Michael Schultheis from April M. Nguyen dated March 11, 2026.

SUBJECT:        ANNUAL ASSESSMENT LETTER FOR PALISADES NUCLEAR PLANT
                (REPORT 05000255/2025007)

DISTRIBUTION:
Eric Stamm
RidsNrrPMPalisades Resource
RidsNrrDorlLpl3
RidsNrrDroIrib Resource
Mohammed Shuaibi
Diana Betancourt-Roldan
Deborah Piskura
Jared Heck
Jennifer Dalzell
R3-DORS
ROPassessment.Resource@nrc.gov




ADAMS Accession Number: ML26069A362

                             ☒ Non-Sensitive                        ☒ Publicly Available
   ☒    SUNSI Review
                             ☐ Sensitive                            ☐ Non-Publicly Available
 OFFICE RIII
 NAME    ANguyen:anm
 DATE    03/10/2026


                                   OFFICIAL RECORD COPY
Site Inspection Activity Plan
07200007 - Palisades (ISFSI)
01/01/2026 - 12/31/2027

Unit     Start       End           Activity    CAC     Title                                                         Staff Count

ISFSI License Renewal Inspection                                                                                                 2

         6/1/2026    6/5/2026      IP 60859   001921   Independent Spent Fuel Storage Installation (ISFSI) License Renewal
                                                       Inspection

ISFSI Cask Loading Inspection                                                                                                    2

         8/3/2026    8/7/2026      IP 60855   001001   Operation of an Independent Spent Fuel Storage Installation

ISFSI Security Inspection                                                                                                        1

         10/18/2027 10/22/2027     IP 81311   001006   Physical Security Requirements for Independent Spent Fuel Storage
                                                       Installations




Prepared on 3/2/2026 9:46:42 AM                                                                                              1 of 3
Site Inspection Activity Plan
Palisades
01/01/2026 - 12/31/2027

Unit    Start       End                 Activity       CAC         Title                                                         Staff Count

Fire Protection Team Inspection - PALI                                                                                                     3

1       12/8/2025   1/22/2026      IP 71111.21N.05    001646       Fire Protection Team Inspection (FPTI)

Cybersecurity (Post-Fuel Load) - PALI                                                                                                      3

1       1/26/2026   1/30/2026         IP 81000.13     002103       Cybersecurity Restart Inspection--Post-Fuel Load

1       2/9/2026    2/13/2026         IP 81000.13     002103       Cybersecurity Restart Inspection--Post-Fuel Load

Radiation Protection Baseline Inspection - PALI                                                                                            2

1       2/23/2026   2/27/2026         IP 71124.01     000725       Radiological Hazard Assessment and Exposure Controls

1       2/23/2026   2/27/2026         IP 71124.03     000727       In-Plant Airborne Radioactivity Control and Mitigation

Palisades 2026 Biennial Licensed Operator Requalification Inspection                                                                       3

1       4/12/2026   4/18/2026         IP 71111.11B    000704       Licensed Operator Requalification Program and Licensed Operator
                                                                   Performance

Radiation Protection Baseline Inspection - PALI                                                                                            1

1       4/13/2026   4/17/2026         IP 71124.08     000732       Radioactive Solid Waste Processing & Radioactive Material Handling,
                                                                   Storage, & Transportation

Radiation Protection Baseline Inspection - PALI                                                                                            1

1       7/13/2026   7/17/2026         IP 71124.06     000730       Radioactive Gaseous and Liquid Effluent Treatment

Biennial Problem Identification and Resolution Inspection - PALI                                                                           4

1       7/20/2026   7/24/2026           IP 71152B     000747       Problem Identification and Resolution

Palisades 2026 Initial License Exam                                                                                                        6

1       6/21/2026   6/27/2026              OV         000956       FB-OR-Onsite Validation Of Initial License Examination (OV)

1       7/26/2026   8/8/2026             EXAD         000500       FB-OR-Initial License Exam Administration (EXAD)

Force-on-Force Planning and Exercise Weeks - PAL                                                                                           4

1       8/17/2026   8/21/2026         IP 71130.03     000735       Contingency Response - Force-On-Force Testing

1       9/14/2026   9/18/2026         IP 71130.03     000735       Contingency Response - Force-On-Force Testing

Comprehensive Engineering Team Inspection - PALI                                                                                           6

1       10/5/2026   10/23/2026        IP 71111.21M    000713       Comprehensive Engineering Team Inspection

Emergency Preparedness Program Inspection - PALI                                                                                           2

1       10/5/2026   10/9/2026         IP 71114.02     000717       Alert and Notification System Testing

1       10/5/2026   10/9/2026         IP 71114.03     000718       Emergency Response Organization Staffing and Augmentation System

1       10/5/2026   10/9/2026         IP 71114.04     000719       Emergency Action Level and Emergency Plan Changes

1       10/5/2026   10/9/2026         IP 71114.05     000720       Maintenance of Emergency Preparedness

Security Baseline Inspection PAL                                                                                                           1

1       10/19/2026 10/23/2026         IP 71130.01     000733       Access Authorization

1       10/19/2026 10/23/2026         IP 71130.02     000734       Access Control

Prepared on 3/2/2026 9:46:42 AM                                                                                                       2 of 3
Site Inspection Activity Plan
1        10/19/2026 10/23/2026      IP 71130.04        000736      Equipment Performance, Testing, and Maintenance

1        10/19/2026 10/23/2026      IP 71130.08        000740      Fitness-For-Duty Program

1        10/19/2026 10/23/2026      IP 71130.09        001656      Security Plan Changes

Palisades Inservice Inspection                                                                                                       1

1        5/3/2027    5/31/2027      IP 71111.08P       000702      Inservice Inspection Activities (PWR)

Functional Engineering Inspection Placeholder - PALI                                                                                 3

1        8/16/2027   9/3/2027      IP 71111.21N        000714      Focused Engineering Inspections (FEI Placeholder)

Emergency Preparedness Hostile Action Based (HAB) Exercise - PALI                                                                    5

1        9/13/2027   9/17/2027      IP 71114.07        000722      Exercise Evaluation - Hostile Action (HA) Event

1        9/13/2027   9/17/2027      IP 71114.08        000723      Exercise Evaluation - Scenario Review

Biennial Problem Identification and Resolution Inspection - PALI                                                                     4

1        10/4/2027   10/22/2027      IP 71152B         000747      Problem Identification and Resolution

Security Baseline Inspection PAL                                                                                                     1

1        10/18/2027 10/22/2027      IP 71130.02        000734      Access Control

1        10/18/2027 10/22/2027      IP 71130.05        000737      Protective Strategy Evaluation

1        10/18/2027 10/22/2027      IP 71130.07        000739      Security Training

1        10/18/2027 10/22/2027      IP 71130.09        001656      Security Plan Changes

1        10/18/2027 10/22/2027      IP 71130.14        000743      Review of Power Reactor Target Sets

Palisades December 2027 Initial License Exam                                                                                         4

1        11/7/2027   11/13/2027         OV             000956      FB-OR-Onsite Validation Of Initial License Examination (OV)

1        12/12/2027 12/18/2027         EXAD            000500      FB-OR-Initial License Exam Administration (EXAD)




Prepared on 3/2/2026 9:46:42 AM                                                                                                  3 of 3
"
ML26055A151,2025008,2026-02-26,PALISADES NUCLEAR PLANT – FIRE PROTECTION TEAM INSPECTION REPORT 05000255/2025008,https://www.nrc.gov/docs/ML2605/ML26055A151.pdf,4,archive/reports/ML26055A151/78a0d0a6feec95470d39b6602bec5a40afcbbf6c83906257b3c2e992c16bdf1d.pdf,archive/reports/ML26055A151/78a0d0a6feec95470d39b6602bec5a40afcbbf6c83906257b3c2e992c16bdf1d.txt,"                                           February 26, 2026
Michael Mlynarek
Site Vice President,
Palisades Energy, LLC
Palisades Nuclear Plant
27780 Blue Star Memorial Hwy
Covert, MI 49043-9530

SUBJECT:       PALISADES NUCLEAR PLANT – FIRE PROTECTION TEAM INSPECTION
               REPORT 05000255/2025008

Dear Mike Mlynarek:

On January 22, 2026, the U.S. Nuclear Regulatory Commission (NRC) completed an
inspection at Palisades Nuclear Plant and discussed the results of this inspection with you
and other members of your staff. The results of this inspection are documented in the
enclosed report.

No findings or violations of more than minor significance were identified during this inspection.

This letter, its enclosure, and your response (if any) will be made available for public inspection
and copying at http://www.nrc.gov/reading-rm/adams.html and at the NRC Public Document
Room in accordance with Title 10 of the Code of Federal Regulations 2.390, “Public
Inspections, Exemptions, Requests for Withholding.”

                                              Sincerely,
                                                                      Signed by Gilliam, Jasmine
                                                                      on 02/26/26



                                              Jasmine A. Gilliam, Chief
                                              Engineering Branch 2
                                              Division of Operating Reactor Safety

Docket No. 05000255
License No. DPR–20

Enclosure:
As stated

cc w/ encl: Distribution via GovDelivery
Letter to Michael Mlynarek from Jasmine A. Gilliam dated February 26, 2026.

SUBJECT:        PALISADES NUCLEAR PLANT – FIRE PROTECTION TEAM INSPECTION
                REPORT 05000255/2025008

DISTRIBUTION:
Eric Stamm
RidsNrrPMPalisades Resource
RidsNrrDorlLpl3
RidsNrrDroIrib Resource
Mohammed Shuaibi
Diana Betancourt-Roldan
Deborah Piskura
Jared Heck
Jennifer Dalzell
R3-DORS




ADAMS Accession Number: ML26055A151
                              ☒ Non-Sensitive                       ☒ Publicly Available
   ☒    SUNSI Review
                              ☐ Sensitive                           ☐ Non-Publicly Available
 OFFICE R-III               R-III
 NAME    ADahbur:anm        JGilliam
 DATE    02/24/2026         02/26/2026


                                       OFFICIAL RECORD COPY
                        U.S. NUCLEAR REGULATORY COMMISSION
                                   Inspection Report


Docket Number:       05000255


License Number:      DPR-20


Report Number:       05000255/2025008


Enterprise Identifier: I-2025-008-0000


Licensee:            Holtic Decommissioning International LLC


Facility:            Palisades Nuclear Plant


Location:            Covert, MI, 49043-9530


Inspection Dates:    December 08, 2025, to January 22, 2026


Inspectors:          M. Abuhamdan, Reactor Inspector
                     A. Dahbur, Senior Reactor Inspector
                     K. Fay, Senior Reactor Inspector
                     M. Gangewere, Senior Reactor Inspector
                     B. Walden, Reactor Inspector


Approved By:         Jasmine A. Gilliam, Chief
                     Engineering Branch 2
                     Division of Operating Reactor Safety




                                                                Enclosure
                                           SUMMARY

The U.S. Nuclear Regulatory Commission (NRC) continued monitoring the licensee’s
performance by conducting a fire protection team inspection at Palisades Nuclear Plant,
in accordance with the Reactor Oversight Process. The Reactor Oversight Process is the NRC’s
program for overseeing the safe operation of commercial nuclear power reactors. Refer to
https://www.nrc.gov/reactors/operating/oversight.html for more information.

                                List of Findings and Violations

No findings or violations of more than minor significance were identified.

                                   Additional Tracking Items

None.




                                                2
INSPECTION SCOPES

Inspections were conducted using the appropriate portions of the inspection procedures (IPs)
in effect at the beginning of the inspection unless otherwise noted. Currently approved IPs with
their attached revision histories are located on the public website at http://www.nrc.gov/reading-
rm/doc-collections/insp-manual/inspection-procedure/index.html. Samples were declared
complete when the IP requirements most appropriate to the inspection activity were met
consistent with Inspection Manual Chapter (IMC) 2515, “Light-Water Reactor Inspection
Program - Operations Phase.” The inspectors reviewed selected procedures and records,
observed activities, and interviewed personnel to assess licensee performance and compliance
with Commission rules and regulations, license conditions, site procedures, and standards.

REACTOR SAFETY

71111.21N.05 - Fire Protection Team Inspection (FPTI)

Fire Protection Team Inspection (FPTI) (7 Samples)

   (1)    Fire Detection System, Intake Structure
   (2)    Water-Based Fire Suppression System, Cable Spreading Room
   (3)    Cable Spreading Room Safe Shutdown Procedure
   (4)    Manual Firefighting Equipment and Fire Brigade
   (5)    Fire Doors
   (6)    Fire Pumps
   (7)    Modification:
              • EC 55683, FP Damper Between EDG Rooms
              • EC 55441, AFW P-8D
              • EC 63774, Damage Bypassing Torque Switch for MO-2160

INSPECTION RESULTS

 Minor Violation                                                                   71111.21N.05
 Minor Violation: Palisades had the option of hydrostatically pressure testing fire hoses
 every three years or replacing them with new fire hoses every five years. Work Order
 (WO) 53007241-01 was initiated to replace all fire hoses prior to the site entering technical
 specifications on August 26, 2025. Due to site procurement delays, all fire hoses were not
 replaced or hydrostatically pressure tested as required with some fire hoses last replaced
 in 2018.

  Prior to this inspection, condition report (CR) 25014235, “Fire Hose Replacement or
  Hydrostatic Test not Complete,” was initiated on November 11, 2025. This CR identified
  scheduling conflicts prevented hydrostatic pressure testing of fire hoses which were not
  replaced. At this time, the site failed to establish compensatory actions for the affected fire
  hoses as required per Procedure FPIP-4, “Fire Protection Systems and Fire Protection
  Equipment,” Revision 45.

  The inspectors questioned the number and installed location of the expired fire hoses.
  In response to the inspectors’ question, the site identified 30 fire hoses which failed to be
  tested or replaced at the required frequency including some located inside the power block.




                                                  3
Screening: The inspectors determined that the performance deficiency for the failure to test or
replace fire hoses at the required frequency was a minor since the fire brigade were trained to
bring a high-rise fire hose when responding to fire events. The installed expired fire hoses
would still perform their function at some capacity, and due to the current defueled state of
the plant there was no potential release from the core in event of fire.

Enforcement: License Condition 2.C.(3) stated that Palisades Energy shall implement and
maintain in effect all provisions of the approved fire protection program. Site Procedure
FPIP-4, “Fire Protection Systems and Fire Protection Equipment,” Revision 45 was the
implementing procedure of the approved fire protection program which required licensee to
establish compensatory actions for the affected fire hoses.

As a result of this inspection, all power block fire hoses were replaced upon discovery and
compensatory measure, including fire tours, in accordance with FPIP-4 were established
for the remaining fire hose locations. CR 25015303 “Fire Hose to be Hydrostatic Tested
or Replaced,” was initiated on December 17, 2025, documenting this issue.

This failure to comply with requirement of FPIP-4 and establish compensatory actions
constitutes a minor violation that is not subject to enforcement action in accordance with
the NRC’s Enforcement Policy.

Minor Violation                                                                 71111.21N.05
Minor Violation: During a walkdown of the Auxiliary Feedwater Pump P-8D enclosure, the
inspectors questioned the presence of combustibles in the 5-foot perimeter. Combustibles
included a temporary metal office with windows within 3 feet of the east side of the P-8D
enclosure/trailer and additional combustibles laying on the ground.

Attachment 1 of Procedure ENG-329, “Control of Combustibles,” identified Fire Area 59,
the auxiliary feedwater Pump P-8D enclosure/trailer, as Level 1 combustible area including
a 5-foot perimeter surrounding this fire area. Compensatory measures were required for any
transient combustibles in the area.

Screening: The inspectors determined that the failure to maintain Level 1 combustible
controls for P-8D was a minor performance deficiency since pump P-8D was not required to
be functional for the current plant shutdown conditions.

Enforcement: License Condition 2.C.(3) stated Palisades Energy shall implement and
maintain in effect all provisions of the approved fire protection program. Site Procedure
ENG-329, “Control of Combustibles,” Revision 2 was the implementing procedure of the
approved fire protection program. Attachment 1 of ENG-329 identified Fire Area 59,
Pump P-8D as a Level 1 combustible area including a 5-foot perimeter surrounding this
fire area.

Contrary to this requirement, as of December 9, 2025, transient combustibles were found
within 3 feet of P-8D trailer, and no compensatory measures were established.

In response to the inspectors’ concern, the site-initiated CR 25015052 “Combustible Materials
were Found Contrary to ENG-329.” The site removed the combustible materials and planned
to remove the office building prior to declaring the P-8D system functional.




                                              4
This failure to comply with ENG-329 constitutes a minor violation that is not subject to
enforcement action in accordance with the NRC’s Enforcement Policy.

Minor Violation                                                                  71111.21N.05

Minor Violation: The inspectors requested the previous work orders documentation of the
two diesel driven fire water pump (P-9B and P-41,) engine (K-5 and K-10) inspection, and
preventive maintenance which was completed during the shutdown period. The site failed
to locate three work orders in records including WO 00584081-01 for Pump P-9B, 2023
WO 50083624-01 for P-41, and 2025 WO 52990823-01 for P-41. Upon further searching,
two of the three missing WOs were located outside of the document control and records
management process. The 2023 WO 50083624-01 for P-41/K-10 engine inspection was not
located by the exit for this inspection.

Screening: The inspectors determined that the performance deficiency was minor since the
most recent completed work order in 2025 for P-41/K-10 was available and provided
assurance that the engine was successfully inspected.

Enforcement: License Condition 2.C.(3) stated Palisades Energy shall implement and
maintain in effect all provisions of the approved fire protection program. Site Procedure
FPIP-4, “Fire Protection Systems and Fire Protection Equipment,” Section 20.2 was the
implementing procedure of the approved fire protection program and required records to
be filed in accordance with the document control and records management process.

Procedure DSP-RM-001, “Document Control and Records Management Process,”
which required official records to be transmitted within 30 days after record completion.

Contrary to the above requirements, the licensee failed to maintain the official records for
WO 50083624-01 for P-41/K-10 fire engine inspection. The licensee entered this issue into
their corrective action program and initiated CR 25015056 “Failure to meet Procedure
DSP-RM-001 Requirement for Transmitting Official Records.”

This failure to comply with DSP-RM-001 constitutes a minor violation that is not subject
to enforcement action in accordance with the NRC’s Enforcement Policy.

Minor Violation                                                              71111.21N.05
Minor Violation: During performance of Procedure FPSP-RO-10, “Fire Water Suppression
System Flow Test,” on May 08, 2023, per WO 52965257-01, unexpected results were
encountered during Section 5.4 and 5.5 for the inside loop path 2 and 3 when compared to
the previous 2017 flow performance test. Path 2 was the branch connection to the turbine
building fire hoses through valve MV-FP283 and MV-FP1162. Path 3 was the branch
connection to the transformer deluge through valves MV-FP282 and MV-FP117.

The flow tests for these two paths have only been performed twice since they were
added to the procedure in 2016. In the 2017 tests, the inside loop path 2 flow was
1099 gallon-per-minute (gpm) and the path 3 flow was 1135 gpm. In the 2023 tests,
the inside loop path 2 flow was 832 gpm and the path 3 flow was 774 gpm. CR PAL-01124
“FPSP-RO-10 Fire Suppression Water System Flow Test Degraded,” was initiated at that
time and noted there maybe flow restrictions in the fire system cross tie or associated piping.


                                              5
The CR was closed to work request (WR) 01124 to inspect MV-FP283 internals to check
for obstruction.

During the inspectors’ review of Procedure FPSP-RO-10, the inspectors noticed that the
procedure did not include acceptance criteria for testing the fire water suppression flow for
these two paths.

The site noted that WO 00589203 for WR 01124 was required to be completed during the
fire protection system return-to-service plan or a justification would be needed.

Screening: The inspectors determined that the performance deficiency for failure to include
acceptance criteria in Procedure FPSP-RO-10 for testing inside loop paths 2 and 3 was minor
because the unacceptable results for paths 2 and 3 were recognized by the licensee and
documented in CR PAL-01124.

Enforcement: License Condition 2.C.(3) stated that Palisades Energy shall implement
and maintain in effect all previsions of the approved fire protection program. Procedure
FPSP-RO-10 was the implementing procedure for testing the fire water suppression system
flow.

Contrary to the above, Procedure FPSP-RO-10 failed to include the acceptance criteria
for the inside loop paths 2 and 3. The licensee documented this issue in CR 25015259
“FPSP-RO-10 did not include Acceptance Criteria for Flow Test.”

This failure to comply with the above requirements constitutes a minor violation that is
not subject to enforcement action in accordance with the NRC’s Enforcement Policy.

Observation: Vast Majority of PMs for AFW P-8D have No Work Orders              71111.21N.05
Auxiliary feedwater (AFW) pump, P-8D, was installed under Engineering Change (EC) 55441
for Palisade’s transition to National Fire Protection Association (NFPA) Standard 805 to
address fire scenarios that may result in a loss of feedwater to the steam generators.
EC 55441 installed P-8D as a diverse, manually operated AFW pump such that the train
would be free of fire damage and other scenarios that may impact the operation of the primary
AFW system trains, P-8A, 8B and 8C. This modification was credited for probabilistic risk
assessment (PRA) risk reduction. The EC closeout was completed on November 11, 2019.

During this inspection, the inspectors walked down the P-8D system and questioned what
preventive maintenance (PM) had been performed since installation and what PMs were
completed to ensure the system would function when required for plant start up. The site
provided an excel spreadsheet which listed 102 PMs related to maintenance of P-8D with
92 PMs never performed. Additionally, 72 PMs were either not scheduled or did not have a
WO generated for performance. The site also noted, no model WOs were drafted for a vast
majority of the PMs. The site planned to screen the 102 PMs to identify which ones were
necessary for operation of P-8D. In addition, at the time of this inspection, the water source
for the P-8D system, the demineralized water tank, T-939, was out of service. The site noted
EC 93368 planned to restore T-939 to service prior to restart and noted P-8D cannot be tested
until T-939 was restored and filled with water.

The site stated the P-8D system would be considered non-functional if the PMs and testing
were not complete prior to restart. Compensatory actions would also need to be re-instituted


                                              6
including performance of fire tours in Fire Area 2, cable spreading room, and Fire Area 4,
1-C switchgear room. The site noted P-8D was very important for the fire and flood PRAs
with the unavailable, relative quantitative core damage risk increasing for fire by a factor
(RAW score) of 4.7 and for flood by 5.3 in the updated 2025 PRA models. This is being
documented as an observation, and no associated performance deficiency was identified at
the time of the inspection since P-8D is not required to be functional during extended plant
shutdown conditions.

Observation: Fire Door 44 Impairment for Bottom Minimum Gap                      71111.21N.05
Not Scheduled for Repair
Condition report PAL-01445 “Door 44 Bottom Gap did not Meet Minimum Requirement,”
was initiated in October 2023, identified a deficiency with Fire Door 44 for the cable spreading
room double door exit in Fire Area 2/Room 224. The site identified Fire Door 44 does not meet
the minimum gap acceptance criteria as specified in Procedure FPSP-SO-2, “Inspection and
Testing of Palisades Plant Fire Doors,” Revision 14. The acceptance criteria required Door
44’s bottom gap to be between 5/8 to 1 inch. However, there were areas where the door gap
were smaller than 5/8 inch. Work Order 00588199 was initiated to resolve this discrepancy
and has not been planned or completed. Compensatory actions for Fire Door 44 were in place
at the time of the inspection, and it was tracked on the fire impairment list. The inspectors
determined that the failure to ensure that Door-44 bottom gap met the acceptance criteria
as specified in FPSP-SO-2 was a minor performance deficiency. Additionally, this observation
documents incomplete corrective actions for a performance deficiency that was over
2 years old with WO 00588199 not in scope for work to be complete prior to plant restart.
The licensee documented this observation in CR 26010704 “Door-44 Not Meeting Acceptance
Criteria was Not Completed in Timely Manner.”

Observation: Failure to Ground a Scaffold Installed Near Energized High          71111.21N.05
Energy Equipment
During a walkdown of Fire Area 2/Room 224, cable spreading room, the inspectors noted the
amount of scaffolding installed to support installation of engineering changes for the site’s
transition to NFPA 805. The inspectors reviewed the scaffolding installation form completed
on January 29, 2025, and questioned if the scaffolding forms were updated since electrical
equipment was re-energized when the site transitioned to operating technical specifications
on August 26, 2025. Specifically, during walkdowns the inspectors noted scaffolding near
transformers EX-11, EX-12, and Load Centers EB-11 and EB-12. Procedure MA-018,
“Control of Scaffolding,” Revision 1, Step 7.1.5 required that for scaffold near energized
high energy (>600 volts) equipment, the first piece of installed scaffold shall be grounded
by use of ground straps or cables to reduce the risk of electric shock.

In response to inspectors’ question, the site determined that the scaffolding was required
to be grounded and initiated CR 25015517 “Scaffolding Installed in Close Proximity to
Transformers,” on December 23, 2025, to document this issue. Additionally, the site performed
a review of all scaffolding required for the NFPA 805 projects and identified where grounding
was required. The inspectors determined this performance deficiency was minor since there
was no effect on plant equipment.




                                              7
EXIT MEETINGS AND DEBRIEFS

The inspectors verified no proprietary information was retained or documented in this report.

   •   On January 22, 2026, the inspectors presented the fire protection team inspection
       results to Mike Mlynarek and other members of the licensee staff.




                                               8
DOCUMENTS REVIEWED

Inspection   Type                Designation      Description or Title                                          Revision or
Procedure                                                                                                       Date
71111.21N.05 Calculations        EA-FPP-03-001    Analysis of Combustible Loading at Palisades Nuclear Plant: 5
                                 Attachment 8.4   Fire Area 02 and Fire Area 09
71111.21N.05 Corrective Action   25010144         Pre-Fire Plans not Located in All of the Locations Identified 07/07/2025
             Documents                            in DBD-7.10 Appendix A
71111.21N.05 Corrective Action   25013899         Fire Hydrant Flush Surveillance                               10/30/2025
             Documents
71111.21N.05 Corrective Action   25014044         P-9B, Diesel Driven Fire Pump, Speed Was 1893 Rpm            11/04/2025
             Documents
71111.21N.05 Corrective Action   25014124         Augmented Quality Q3 Material Issued to Support P-9B         11/06/2025
             Documents                            Diesel Fire Pump
71111.21N.05 Corrective Action   25014235         Fire Hose Replacement or Hydrostatic Test not Complete       11/11/2025
             Documents
71111.21N.05 Corrective Action   25014386         Troubleshooting Activities For P-9B Associated Alternators   11/13/2025
             Documents
71111.21N.05 Corrective Action   PAL-01124        FPSP-RO-10 Fire Suppression Water System Flow Test           05/10/2023
             Documents                            Degraded
71111.21N.05 Corrective Action   PAL-01445        Door-44 Bottom Gap Did Not Meet Minimum Requirement          10/15/2023
             Documents
71111.21N.05 Corrective Action   PAL-01481        MV-FP511 Handwheel Failure                                   10/26/2023
             Documents
71111.21N.05 Corrective Action   PAL-01481        D/G 1-2 RM Sprinkler Flow Detector Test                      10/26/2023
             Documents
71111.21N.05 Corrective Action   PAL-03762        FPS Flow Alarm Not Received During FPSP-QO-2                 10/23/2024
             Documents
71111.21N.05 Corrective Action   PAL-06847        FPSP-AO-2 Enhancement                                        05/06/2025
             Documents
71111.21N.05 Corrective Action   25015052         Contrary to ENG-329                                          12/09/2025
             Documents



                                                            9
Inspection    Type               Designation    Description or Title                                       Revision or
Procedure                                                                                                  Date
             Resulting from
             Inspection
71111.21N.05 Corrective Action   25015056       Failure to Meet Procedure DSP-RM-001 Requirement for       12/09/2025
             Documents                          Transmitting Official Records
             Resulting from
             Inspection
71111.21N.05 Corrective Action   25015114       Missing Pages from Vendor Document for Testing             12/10/2025
             Documents                          Ultra-Violet Test Lamp
             Resulting from
             Inspection
71111.21N.05 Corrective Action   25015259       Step 6.2 of Procedure FPSP-RO-10 Did Not Include           12/16/2025
             Documents                          Acceptance Criteria for Flow Test
             Resulting from
             Inspection
71111.21N.05 Corrective Action   25015303       Fire Hose to be Hydrostatic Tested or Replaced             12/17/2025
             Documents
             Resulting from
             Inspection
71111.21N.05 Corrective Action   25015305       FPSP-RO-9 Step 5.6.1.c Is Not Being Met                    12/17/2025
             Documents
             Resulting from
             Inspection
71111.21N.05 Corrective Action   25015517       Scaffolding Installed in Close Proximity to Transformers   12/23/2025
             Documents
             Resulting from
             Inspection
71111.21N.05 Corrective Action   26010704       Door-44 n=Not Meeting Acceptance Criteria Was Not          01/22/2026
             Documents                          Completed in Timely Manner
             Resulting from
             Inspection
71111.21N.05 Drawings            M-11 Sh. 1     Equipment Location Turbine Building Plan of El. 590'-0""    44
71111.21N.05 Drawings            M-216 Sht. 6   Fire Protection Plan of El. 607' & 611'-0""                 10


                                                         10
Inspection   Type            Designation         Description or Title                                        Revision or
Procedure                                                                                                    Date
71111.21N.05 Drawings        M-218 Sht. 1        Piping and Instrument Diagram Htg. Vent. and Air            46
                                                 Conditioning Switchgear & Cable Spreading Rm
71111.21N.05 Drawings        M216 Sht. 4         Fire Protection Plan of El. 570'-0"" & 590'-0'               10
71111.21N.05 Drawings        VEN-M66G Sht.       Cable Spreading Room                                        0
                             No. 6(3)
71111.21N.05 Engineering     55441               Install High Head AFW Pump P-8D & Shed and Cross            11/11/2019
             Changes                             Connect Tanks T-2 to T-939 - NFPA 805 Project (Base EC)
71111.21N.05 Fire Plans      Pre Fire Plan 2 /   Cable Spreading Room / Elev. 607' 6""                        11/20/2025
                             Room 224
71111.21N.05 Fire Plans      Pre Fire Plan 59    Auxiliary Feedwater Pump P-8D Room / Elev. 590'             12/05/2025
71111.21N.05 Fire Plans      Pre Fire Plan 9 /   Screen House/Intake Structure/Elev. 590'                    11/20/2025
                             Room 135 & 136A
71111.21N.05 Miscellaneous   EA-FPP-95-047       Analysis of the Effects of a Fire on the Barriers Between   6
                             EC 55683            Diesel Generator Room 1-1 and the East Air Plenum Room
                                                 - Design Verification Checklist
71111.21N.05 Miscellaneous   EN-FP-S-002-L       Palisades Fire Extinguisher Installation                    000
71111.21N.05 Miscellaneous   FP-PE-2             Fire Protection Check Sheet                                 9
                                                 Fire Extinguishers - Turbine Building
71111.21N.05 Miscellaneous   FP-PE-3             Fire Protection Check Sheet                                 11
                                                 Fire Extinguishers - Auxiliary Building
71111.21N.05 Miscellaneous   Palisades Cover     Palisade Fire Tours                                         10/31/2025
                             Page for Fire
                             Tours
71111.21N.05 Miscellaneous   PL-TRN25-2759       Training Attendance Sheet - Fire Brigade Drills             1
71111.21N.05 Miscellaneous   PLP-SRTSP-FPS       Palisades System Return-To-Service Plan                     0
71111.21N.05 Miscellaneous   VTD-1845-0046       Pyrotronics Engineer and Architect Specifications for       3
                                                 Ultra-violet Flame Detector- M0066E
71111.21N.05 Procedures      Abnormal            Alternate AFW Options                                       2
                             Operating
                             Procedure


                                                          11
Inspection   Type          Designation      Description or Title                                        Revision or
Procedure                                                                                               Date
                           Supplement 14
71111.21N.05 Procedures    ENG-313          Fire Protection Program                                     0
71111.21N.05 Procedures    ENG-327          Control of Hot Work and Ignition Sources                    1
71111.21N.05 Procedures    ENG-328          Fire Protection Impact Reviews                              0
71111.21N.05 Procedures    ENG-329          Control of Combustibles                                     2
71111.21N.05 Procedures    EOP Supplement   Alternate Auxiliary Feedwater Methods                       12
                           19
71111.21N.05 Procedures    EOP Supplement   Supply AFW Pumps From Alternate Sources                     10
                           31
71111.21N.05 Procedures    FPIP-1           Fire Protection Plan, Organization and Responsibilities     29
71111.21N.05 Procedures    FPIP-2           Fire Emergency Responsibility and Response                  28
71111.21N.05 Procedures    FPIP-4           Fire Protection Systems and Fire Protection Equipment       45
71111.21N.05 Procedures    FPIP-6           Fire Suppression Training                                   27
71111.21N.05 Procedures    FPSP-MO-1        Fire Protection Water System Valve Alignment                26
71111.21N.05 Procedures    FPSP-RM-3        Inspection and Preventive Maintenance of Fire Pump Diesel   17
                                            K-5
71111.21N.05 Procedures    FPSP-RO-9        Fire Sprinkler System Inspection                            13
71111.21N.05 Procedures    FPSP-SI-1        Functional Test of the Fire Detection Systems Outside       14
                                            Containment
71111.21N.05 Procedures    FPSP-SO-2        Inspection and Testing of Palisades Plant Fire Doors        14
71111.21N.05 Procedures    MO-7B            Firewater Pumps P-9A, P-9B, and P-41                        7
71111.21N.05 Procedures    OPS-125          Fire Brigade Drills                                         0
71111.21N.05 Procedures    OPS-139          Fire Watch Program                                          0
71111.21N.05 Procedures    SOP-21           Fire Protection System                                      39
71111.21N.05 Work Orders   00454281-01      Perform FPSP-RO-10 on Untested Portions Fire Water          09/18/2017
                                            System Piping
71111.21N.05 Work Orders   00502184-01      FPSP-RO-10 Perform Partial Test in Preps for RO-52          12/03/2018
71111.21N.05 Work Orders   00584087         MO-7B Fire Water Pumps P-9A, P-9B, and P-41                 01/11/2025



                                                     12
Inspection   Type          Designation       Description or Title                                     Revision or
Procedure                                                                                             Date
71111.21N.05 Work Orders   00584335-01       FPSP-M0-2 -FIRE                                          11/21/2024
                                             HOSE REEL/RACK/FIRE
                                             HYD HOSE HOUSE
71111.21N.05 Work Orders   00584393          FPSP-AO-2 Fire Suppression Valve Operation Test           05/13/2025
71111.21N.05 Work Orders   00584398          FPSP-Q0-2 FP Sprinkler System Water Flow Switch Alarm 11/21/2024
                                             Surveillance
71111.21N.05 Work Orders   00584404          FPSP-SI-1 Fire Detect System Outside Cont Functional Test 04/15/2025
71111.21N.05 Work Orders   00584404-01       FPSP-SI-1 Fire Detect Sys Outside Containment Functional 03/27/2025
                                             Test
71111.21N.05 Work Orders   00586800          FP Sprinkler System Water Flow Switch Alarm Surveillance 04/05/2025
71111.21N.05 Work Orders   00586800-01       FPSP-Q0-2 -Fire Protection Sprinkler System Water Flow    04/05/2025
                                             Switch Alarm Surveillance Test
71111.21N.05 Work Orders   00587967          MO-7B-A for Fire Water Pump P-9A                          09/09/2025
71111.21N.05 Work Orders   00592620          MO-7B-41 for Firewater Pump P-41                          09/14/2025
71111.21N.05 Work Orders   00592622          MO-7B Firewater Pumps P-9A, P-9B, and P-41                11/20/2025
71111.21N.05 Work Orders   50083632          Verify Fire Protection Sprinkler Systems Are Functional   09/19/2024
                                             By Visual Inspection of System Components
71111.21N.05 Work Orders   50083632-01-01-   FPSP-RO-9 Fire Sprinkler System Inspection                09/19/2024
                           0001
71111.21N.05 Work Orders   52754255          RO-52-B Fire Suppression Water System Pump (P-9B)        12/20/2018
                                             Capacity Test
71111.21N.05 Work Orders   52754257          RO-52-41 Fire Suppression Water System Pump (P-41)       12/20/2018
                                             Capacity Test
71111.21N.05 Work Orders   52845923          RO-52 Fire Suppression Water System Pump Capacity Test   06/29/2020
71111.21N.05 Work Orders   52931209          RO-52-41 Fire Suppression Water System Pump (P-41)       12/13/2021
                                             Capacity Test
71111.21N.05 Work Orders   52931210          RO-52 Fire Suppression Water System Pump                 12/13/2021
                                             (P-9A And P-9B) Capacity Test
71111.21N.05 Work Orders   52957565-01       Inspect and Test Generator K-15                          11/30/2021



                                                      13
Inspection   Type          Designation   Description or Title                                Revision or
Procedure                                                                                    Date
71111.21N.05 Work Orders   52965257-01   FPSP-RO-10 Fire Suppression System Flow Test        05/22/2024
71111.21N.05 Work Orders   52989271-01   RO-52 Fire Water Suppression System Pump Capacity   05/10/2023
                                         Functional Test
71111.21N.05 Work Orders   53002802      P-8D Auxiliary Feed Pump Monthly Test Run           05/13/2022




                                                  14
"
ML26030A166,2025006,2026-02-02,PALISADES NUCLEAR PLANT – RESTART INSPECTION REPORT 05000255/2025006,https://www.nrc.gov/docs/ML2603/ML26030A166.pdf,0,archive/reports/ML26030A166/1465387ccfa5d3d5d09335da7823142aeafdcc752e8100ed778fed99e303e085.pdf,archive/reports/ML26030A166/1465387ccfa5d3d5d09335da7823142aeafdcc752e8100ed778fed99e303e085.txt,"                                           February 2, 2026
Michael Mlynarek
Site Vice President,
Palisades Energy, LLC
Palisades Nuclear Plant
27780 Blue Star Memorial Hwy
Covert, MI 49043-9530

SUBJECT:       PALISADES NUCLEAR PLANT – RESTART INSPECTION REPORT
               05000255/2025006

Dear Michael Mlynarek:

On December 31, 2025, the U.S. Nuclear Regulatory Commission (NRC) completed an
inspection at the Palisades Nuclear Plant. The enclosed inspection report documents the
inspection results, which the inspectors discussed on January 20, 2026, with yourself and
other members of your staff.

No findings or violations of more than minor significance were identified during this inspection.

On June 13, 2022, Palisades ceased permanent power operations and subsequently removed
all fuel from the reactor, as detailed in the letter from Entergy to the NRC, “Certifications of
Permanent Cessation of Power Operations and Permanent Removal of Fuel from the
Reactor Vessel,” (ADAMS Accession No. ML22164A067). On September 28, 2023,
Holtec Decommissioning International, LLC (Holtec) submitted a letter to the NRC requesting
exemptions from certain portions of the requirements of Title 10 of the Code of Federal
Regulations (10 CFR) 50.82(a)(2) to pursue the potential reauthorization of power operations
at Palisades (ADAMS Accession No. ML23271A140).

On July 24, 2025, the NRC approved an exemption from the requirements of
10 CFR 50.82(a)(2), as detailed in the letter, “Palisades Nuclear Plant – Exemption from
the requirements of 10 CFR 50.82(a)(2) Concerning the Prohibition to Operate and Emplace
Fuel in the Reactor Vessel,” (ADAMS Accession No. ML25163A182) and a set of licensing
actions supporting reauthorization of Palisades Nuclear Plant. On August 25, 2025,
Palisades notified the NRC that they rescinded their 10 CFR 50.82(a)(1) certification,
which removed the prohibition on operation and emplacement of fuel in the reactor
(ADAMS Accession No. ML25237A317). Palisades also implemented the set of licensing
actions to support reimplementation of their operational licensing basis.
M. Mlynarek                                      2


On August 25, 2025, the NRC transitioned oversight of Palisades to the Reactor Oversight
Process (ROP).

This letter, its enclosure, and your response (if any) will be made available for public inspection
and copying at http://www.nrc.gov/reading-rm/adams.html and at the NRC Public Document
Room in accordance with Title 10 of the Code of Federal Regulations 2.390, “Public
Inspections, Exemptions, Requests for Withholding.”

                                              Sincerely,
                                                                      Signed by Nguyen, April
                                                                      on 02/02/26



                                              April M. Nguyen, Lead
                                              Palisades Restart Team
                                              Division of Operating Reactor Safety

Docket No. 05000255
License No. DPR–20

Enclosure:
As stated

cc w/ encl: Distribution via GovDelivery
M. Mlynarek                                     3


Letter to Michael Mlynarek from April M. Nguyen dated February 2, 2026.

SUBJECT:        PALISADES NUCLEAR PLANT – RESTART INSPECTION REPORT
                05000255/2025006

DISTRIBUTION:
Rodney Clagg
RidsNrrPMPalisades Resource
RidsNrrDorlLpl3
RidsNrrDroIrib Resource
Mohammed Shuaibi
Diana Betancourt-Roldan
Deborah Piskura
Shelbie Lewman
Jennifer Dalzell
R3-DORS




ADAMS Accession Number: ML26030A166
                              ☒ Non-Sensitive                       ☒ Publicly Available
   ☒    SUNSI Review
                              ☐ Sensitive                           ☐ Non-Publicly Available
 OFFICE R-III               R-III
 NAME    JWinslow:anm       ANguyen
 DATE    01/30/2026         02/02/2026


                                      OFFICIAL RECORD COPY
                       U.S. NUCLEAR REGULATORY COMMISSION
                                  Inspection Report


Docket Number:       05000255


License Number:      DPR‑20


Report Number:       05000255/2025006


Enterprise Identifier: I‑2025‑006-0045


Licensee:            Palisades Energy, LLC


Facility:            Palisades Nuclear Plant


Location:            Covert, MI


Inspection Dates:    November 01, 2025, to December 31, 2025


Inspectors:          J. Cassidy, Senior Health Physicist
                     A. Dahbur, Senior Reactor Inspector
                     Z. Helgert, Resident Inspector
                     J. Mancuso, Senior Resident Inspector
                     M. McConnell, Senior Electrical Engineer
                     V. Myers, Senior Health Physicist
                     A. Nguyen, Team Leader
                     T. Okamoto, Resident Inspector
                     A. Shaikh, Senior Reactor Inspector
                     C. St. Peters, Senior Project Engineer
                     J. Winslow, Senior Project Engineer



Approved By:         April M. Nguyen, Lead
                     Palisades Restart Team
                     Division of Operating Reactor Safety




                                                                Enclosure
                                           SUMMARY

The U.S. Nuclear Regulatory Commission (NRC) performed inspection activities of the
licensee’s performance associated with the return to an operational status. As available,
the NRC monitored the licensee’s performance by conducting an integrated inspection at
Palisades Nuclear Plant, in accordance with the Reactor Oversight Process. The Reactor
Oversight Process is the NRC’s program for overseeing the safe operation of commercial
nuclear power reactors. Refer to https://www.nrc.gov/reactors/operating/oversight.html
for more information.

                                List of Findings and Violations

No findings or violations of more than minor significance were identified.

                                   Additional Tracking Items

None.




                                                2
PLANT STATUS

On August 25, 2025, Palisades notified the NRC that they rescinded their 10 CFR 50.82(a)(1)
certification, which removed the prohibition on operation and emplacement of fuel in the reactor.
Palisades also implemented the set of licensing actions to support reimplementation of their
operational licensing basis. On August 25, 2025, the NRC transitioned oversight of Palisades
to the Reactor Oversight Process (ROP).

The NRC is conducting inspections to evaluate and assess the licensee’s activities for
restoration to an operating status. The resident inspectors, as well as supplemental inspectors,
continue to provide daily oversight of the restart activities occurring at the site.

The unit ended the inspection period in a defueled status.

INSPECTION SCOPES

Inspections were conducted using the appropriate portions of the referenced inspection
procedures (IPs) in effect at the beginning of the inspection unless otherwise noted.
Currently approved IPs with their attached revision histories are located on the public website
at https://www.nrc.gov/reading-rm/doc-collections/insp-manual/inspection-procedure/index.
As available, samples were declared complete when the IP requirements most appropriate
to the inspection activity were met consistent with Inspection Manual Chapter (IMC) 2515,
“Light-Water Reactor Inspection Program - Operations Phase.” The inspectors reviewed
selected procedures and records, observed activities, and interviewed personnel to assess
licensee performance and compliance with Commission rules and regulations, license
conditions, site procedures, and standards.

REACTOR SAFETY

71111.05 - Fire Protection

Fire Area Walkdown and Inspection Sample (IP Section 03.01) (1 Sample)

   The inspectors evaluated the implementation of the fire protection program by conducting
   a walkdown and performing a review to verify program compliance, equipment functionality,
   material condition, and operational readiness of the following fire areas:

   (1)    Pre-Fire Plan 2 / Room 224: cable spreading room, elevation 607'-6""
          on December 3, 2025

71111.07A - Heat Exchanger/Sink Performance

Annual Review (IP Section 03.01) (1 Partial)

   The inspectors evaluated readiness and performance of:

   (1)    (Partial)
          E-60B, shutdown cooling heat exchanger, on December 23, 2025




                                                3
71111.08P - Inservice Inspection Activities (PWR)

Vessel Upper Head Penetration Inspection Activities (IP Section 03.02) (1 Sample)

   (1) Reactor Vessel Closure Head (RVCH) bare metal visual examination

Steam Generator Tube Inspection Activities (IP Section 03.04) (1 Sample)

    (1) Steam generators ‘A’ and ‘B’ chemical cleaning

71111.15 - Operability Determinations and Functionality Assessments

Operability Determination or Functionality Assessment (IP Section 03.01) (3 Samples)

   The inspectors evaluated the licensee’s justifications and actions associated with the
   following operability determinations and functionality assessments:

   (1)    Engineering Changes (ECs) 93737, 93739, and 93766, Operability Acceptance
          Documents to meet Technical Specifications (TS) Limiting Condition for
          Operation (LCO) 3.8.5, Right Train DC Sources - Shutdown, TS LCO 3.8.8,
          Right Train Inverters - Shutdown, and TS LCO 3.8.10, Right Train Distribution
          Systems - Shutdown during movement of irradiated fuel
   (2)    EC 93743, Operability Acceptance Review to meet TS LCO 3.7.10, Control Room
          Ventilation Filtration for right and left train control room HVAC and TS LCO 3.7.11
          Control Room Ventilation Cooling for right train control room HVAC during movement
          of irradiated fuel
   (3)    EC 93739, Operability Acceptance Review to meet TS LCO 3.8.2 AC
          Sources - Shutdown for Emergency Diesel Generator 1-2 and TS LCO 3.8.3
          Diesel Fuel, Lube Oil and Starting Air for Emergency Diesel Generator 1-2 during
          movement of irradiated fuel

71111.18 - Plant Modifications

Temporary Modifications and/or Permanent Modifications (IP Section 03.01 and/or 03.02)
(3 Samples)

   The inspectors evaluated the following temporary or permanent modifications:

   (1)    EC 93764, Installation of portable air compressors to support compressor C-2A/B/C
          replacement
   (2)    EC 93508, Permanent Primary Coolant System Cold Leg Safety Injection Nozzle
          Thermal Sleeve Removal
   (3)    EC 93369, Temporary removal of component cooling water valves CV-0977B and
          CV-0944 to support alternate spent fuel pool cooling permanent modification




                                               4
71111.24 - Testing and Maintenance of Equipment Important to Risk

The inspectors evaluated the following testing and maintenance activities to verify system
operability and/or functionality:

Post-Maintenance Testing (PMT) (IP Section 03.01) (1 Sample)

   (1)    Work Order (WO) 598521-01, Post-maintenance testing of diesel fire pump P-9B
          following alternator replacement on November 5, 2025

Surveillance Testing (IP Section 03.01) (1 Sample)

   (1)    RI-59C, LTOP pressure transmitter calibrations, on December 4, 2025

RADIATION SAFETY

71124.01 - Radiological Hazard Assessment and Exposure Controls

Instructions to Workers (IP Section 03.02) (1 Sample)

   (1)    The inspectors evaluated how the licensee instructed workers on radiological hazards
          and the radiation protection requirements for flushing and opening of the shutdown
          cooling heat exchanger.

Radiological Hazards Control and Work Coverage (IP Section 03.04) (1 Sample)

   The inspectors evaluated the licensee’s control of radiological hazards for the following
   radiological work:

   (1)    Flushing and opening of the shutdown cooling heat exchanger

71124.03 - In-Plant Airborne Radioactivity Control and Mitigation

Temporary Ventilation Systems (IP Section 03.02) (1 Sample)

   The inspectors evaluated the configuration of the following temporary ventilation systems:

   (1)    HEPA ventilation established for the shutdown cooling heat exchanger eddy current
          testing

Use of Respiratory Protection Devices (IP Section 03.03) (1 Partial)

   (1)    (Partial)
          The inspectors observed issuance and use of powered air purifying respirators
          for shutdown cooling heat exchanger work




                                               5
71124.04 - Occupational Dose Assessment

Special Dosimetric Situations (IP Section 03.04) (1 Sample)

   The inspectors evaluated the following special dosimetric situations:

   (1)     Lapel air sampler use for shutdown cooling heat exchanger work

OTHER BASELINE ACTIVITIES

71152 – Problem Identification and Resolution

System Return to Service

During the inspection period, the inspectors continued reviews of Phases I and II of the
licensee’s system return to service (SRTS) plans and associated topics. The SRTS plans
document licensee activities to verify that the configuration and condition of systems, structures,
and components (SSCs) are consistent with the design and licensing bases to support potential
restart. The inspectors reviewed Phases I and II of the SRTS plans, which include areas
such as licensing and design-basis functions, system material conditions, reviewing open
and deferred work prior to shutdown, and program applicability. The inspectors conducted
these reviews using IP 71152, “Problem Identification and Resolution,” and IP 71111.21M,
“Comprehensive Engineering Team Inspection (CETI),” as applicable.

The inspectors continued reviews of the SRTS plans for the following topics:

   •     Environmental qualification of components
   •     Reactor vessel and reactor vessel internals

INSPECTION RESULTS

No findings were identified.

EXIT MEETINGS AND DEBRIEFS

The inspectors verified no proprietary information was retained or documented in this report.

   •     On January 20, 2026, the inspectors presented the inspection results to M. Mlynarek,
         Site Vice President, and other members of the licensee staff.




                                                 6
DOCUMENTS REVIEWED

Inspection Type                Designation       Description or Title                                      Revision or
Procedure                                                                                                  Date
71111.05   Fire Plans          PFP               Pre Fire Plans Manual                                     6
71111.07A Corrective Action    25015224          E-60B Shutdown Heat Exchanger Channel Cover Weight        12/15/2025
           Documents
71111.08P Corrective Action    2025-3693         Palisades RVCH: All CRDM Ext. Nozzles Having Issues       12/06/2025
           Documents                             Being Installed
           NDE Reports         1R28-ISI-VT-123   Bare Metal Visual Examination of RVCH Surface             12/15/2025
           Procedures          03-9398550        Palisades Steam Generator Cleaning Sequence Control       000
                                                 Procedure
           Work Orders         00589951-25       E-50A: Perform Steam Generator Secondary Chemical         10/13/2025
                                                 Cleaning
                               00589951-35       E-50B: Perform Steam Generator Secondary Chemical         11/18/2025
                                                 Cleaning
71111.15   Corrective Action   PMCR 25014377     Frequency Change for 72-18 and 72-28                      11/13/2025
           Documents
           Operability         EC 93739          System Operability Acceptance TS LCO 3.8.2, AC            0
           Evaluations                           Sources - Shutdown (Right Train)
                               EC 93739          System Operability Acceptance for TS LCO 3.8.5,           0
                                                 DC Sources - Shutdown (Right Train)
                               EC 93743          System Operability Acceptance, CRV - A/B Filtration and   0
                                                 B Cooling Trains
                               EC 93766          System Operability Acceptance for TS LCO 3.8.8,           0
                                                 Inverters - Shutdown (Right Train)
                               System            Emergency Diesel Generator K-6B (EDG 1-2) LCO 3.8.2 &     0
                               Operability       Fuel Oil System (FOS) LCO 3.8.3
                               Acceptance
           Procedures          Admin 4.11        Safety Function Determination Program                     7
71111.18   Corrective Action   25014179          Questions Raised Prior to CCW System Tagging              11/08/2025
           Documents           25014189          Component Cooling Water System Alignment                  11/09/2025
           Engineering         EC 93508          PCS Cold Leg Safety Injection Nozzle Thermal Sleeve       0
           Changes                               Removal
                               EC 93764          Temporary Installation of Portable Air Compressors to     0
                                                 Support Compressor C-2A/B/C

                                                            7
Inspection   Type                Designation      Description or Title                                         Revision or
Procedure                                                                                                      Date
                                                  Replacement
             Procedures          03-9393324       Palisades Cold Leg Safety Injection Nozzle Thermal Sleeve    0
                                                  Removal
71111.24     Corrective Action   25014044         P-9B Diesel Driven Fire Pump Outside of Normal Speed         11/04/2025
             Documents                            Range
                                 25014926         Low Temperature Over Pressure Transmitter PT-0104B           12/04/2025
                                                  Out of As Found Tolerance
             Procedures          MO-7B            Fire Water Pumps P-9A, P-9B, and P-41                        44
                                 RI-59C           LTOP Pressure Transmitter Calibrations                       8
             Work Orders         52957096-01      RI-59C LTOP Pressure Transmitter Calibrations                12/04/2025
                                 598521-01        Troubleshoot CR#25010331 P-9B Diesel Fire Pump Tripped       11/05/2025
71124.01     ALARA Plans         2025-0574        ALARA Plan for RWP 20250574
             Radiation           2025-2283        Flush of Shutdown Cooling Heat Exchanger                     12/04/2025
             Surveys             2025-2352        Demobilization of Shutdown Cooling Heat Exchanger Drain      12/12/2025
                                                  Pipe
                                 2025-2405        West Safeguards                                              12/22/2025
             Radiation Work      20250574         Eddy Current Inspections on E-60B Shutdown Cooling Heat      01
             Permits (RWPs)                       Exchanger
71152        Engineering         51-9392765-000   Corrosion Evaluation for Palisades Reactor Vessel Cladding   09/08/2025
             Evaluations                          Indications




                                                             8
"
ML26013A162,2025404,2026-01-20,PALISADES NUCLEAR PLANT - RESTART SECURITY INSPECTION REPORT 05000255/2025404,https://www.nrc.gov/docs/ML2601/ML26013A162.pdf,0,archive/reports/ML26013A162/ada464ccccd89eb8cbbc260c627cfa273b6798421ed8858ee9ee076b9a692aed.pdf,archive/reports/ML26013A162/ada464ccccd89eb8cbbc260c627cfa273b6798421ed8858ee9ee076b9a692aed.txt,"                                           January 20, 2026
Michael Mlynarek
Site Vice President
Palisades Energy, LLC
Palisades Nuclear Plant
27780 Blue Star Memorial Highway
Covert, MI 49043‑9530


SUBJECT:       PALISADES NUCLEAR PLANT - RESTART SECURITY INSPECTION REPORT
               05000255/2025404

Dear Mike Mlynarek:

On December 8, 2025, the U.S. Nuclear Regulatory Commission (NRC) completed an
inspection at Palisades Nuclear Plant and discussed the results of this inspection with Dan
Gagnon, Director of Security, and other members of your staff. The results of this inspection are
documented in the enclosed report.

No findings or violations of more than minor significance were identified during this inspection.

On June 13, 2022, Palisades ceased permanent power operations and subsequently removed
all fuel from the reactor, as detailed in the letter from Entergy to the NRC, “Certifications of
Permanent Cessation of Power Operations and Permanent Removal of Fuel from the Reactor
Vessel,” (ADAMS Accession No. ML22164A067). On September 28, 2023, Holtec
Decommissioning International, LLC (Holtec) submitted a letter to the NRC requesting
exemptions from certain portions of the requirements of Title 10 of the Code of Federal
Regulations (10 CFR) 50.82(a)(2) to pursue the potential reauthorization of power operations at
Palisades (ADAMS Accession No. ML23271A140).

On July 24, 2025, the NRC approved an exemption from the requirements of 10 CFR
50.82(a)(2), as detailed in the letter, “Palisades Nuclear Plant - Exemption from the
Requirements of 10 CFR 50.82(a)(2) Concerning the Prohibition to Operate and Emplace Fuel
in the Reactor Vessel,” (ADAMS Accession No. ML25163A182) and a set of licensing actions
supporting reauthorization of Palisades Nuclear Plant. On August 25, 2025, Palisades notified
the NRC that they rescinded their 10 CFR 50.82(a)(1) certification, which removed the
prohibition on operation and emplacement of fuel in the reactor (ADAMS Accession No.
ML25237A317). Palisades also implemented the set of licensing actions to support
reimplementation of their operational licensing basis.
M. Mlynarek                                     2


On August 25, 2025, the NRC transitioned oversight of Palisades to the Reactor Oversight
Process (ROP).

This letter, its enclosure, and your response (if any) will be made available for public inspection
and copying at http://www.nrc.gov/reading-rm/adams.html and at the NRC Public Document
Room in accordance with Title 10 of the Code of Federal Regulations 2.390, “Public
Inspections, Exemptions, Requests for Withholding.”

                                              Sincerely,
                                                                      Signed by Ziolkowski, Michael
                                                                      on 01/20/26



                                              Michael E. Ziolkowski, Chief
                                              Security, Emergency Preparedness, and Incident
                                              Response Branch
                                              Division of Radiological Safety and Security

Docket No. 05000255
License No. DPR-20

Enclosure:
As stated

cc w/ encl: Distribution via LISTSERV
M. Mlynarek                                  3


Letter to M. Mlynarek from M. Ziolkowski dated January 20, 2026.

SUBJECT:      PALISADES NUCLEAR PLANT - RESTART SECURITY INSPECTION REPORT
              05000255/2025404

DISTRIBUTION:
Rodney Clagg
RidsNrrPMPalisades Resource
RidsNrrDorlLpl3
RidsNrrDroIrib Resource
Mohammed Shuaibi
Diana Betancourt-Roldan
Deborah Piskura
Shelbie Lewman
Jennifer Dalzell
April Nguyen
Julie Winslow
R3-DORS
Jefferson Clark
SOSBInspRptDistro@usnrc.onmicrosoft.com




ADAMS ACCESSION NUMBER: ML26013A162
        SUNSI                  ☒     Non-Sensitive             ☒   Publicly Available
  ☒
        Review                      Sensitive                    Non-Publicly Available
 OFFICE       RIII/DRSS       RIII/DRSS
 NAME         KMaloney:dc     MZiolkowski
 DATE         01/15/2026      01/20/2026
                                 OFFICIAL RECORD COPY
                        U.S. NUCLEAR REGULATORY COMMISSION
                                   Inspection Report


Docket Number:       05000255


License Number:      DPR-20


Report Number:       05000255/2025404


Enterprise Identifier: I-2025-404-0013


Licensee:            Holtec Decommissioning International, LLC


Facility:            Palisades Nuclear Plant


Location:            Covert, MI


Inspection Dates:    June 16, 2025, to December 08, 2025


Inspectors:          K. Hussar, Sr Physical Security Inspector, RGN I
                     S. Cavanaugh, Physical Security Inspector, RGN III
                     K. Maloney, Sr Physical Security Inspector, RGN III


Approved By:         Michael E. Ziolkowski, Chief
                     Security, Emergency Preparedness, and Incident Response Branch
                     Division of Radiological Safety and Security




                                                                               Enclosure
                                           SUMMARY

The U.S. Nuclear Regulatory Commission (NRC) continued monitoring the licensee’s
performance by conducting a Restart Security Inspection at Palisades Nuclear Plant, in
accordance with the Reactor Oversight Process. The Reactor Oversight Process is the NRC’s
program for overseeing the safe operation of commercial nuclear power reactors. Refer to
https://www.nrc.gov/reactors/operating/oversight.html for more information.

                                List of Findings and Violations

No findings or violations of more than minor significance were identified.

                                   Additional Tracking Items

None.




                                                2
INSPECTION SCOPES

Inspections were conducted using the appropriate portions of the inspection procedures (IPs)
in effect at the beginning of the inspection unless otherwise noted. Currently approved IPs with
their attached revision histories are located on the public website at
http://www.nrc.gov/readingrm/doc-collections/insp-manual/inspection-procedure/index.html.
Samples were declared complete when the IP requirements most appropriate to the inspection
activity were met consistent with Inspection Manual Chapter (IMC) 2562, “Light-Water Reactor
Inspection Program for Restart of Reactor Facilities Following Permanent Cessation of Power
Operations,” which states, in part, that the U.S. Nuclear Regulatory Commission (NRC) will
ensure that operational readiness has been reasonably verified across the reactor oversight
process (ROP) cornerstones of safety and security.

OTHER ACTIVITIES - TEMPORARY INSTRUCTIONS, INFREQUENT AND ABNORMAL

81000.04 - Equipment Performance, Testing, and Maintenance

The inspectors evaluated the equipment performance, testing and maintenance program
through completion of the following procedure elements:

Equipment Performance, Testing, and Maintenance (3 Sample)

   (1)    02.02.d; 02.06.f; 02.09

          These samples, combined with the samples documented in Inspection report
          5000255/2025403, dated July 24, 2025 (ML25205A048), constitute completion of
          Inspection Procedure 81000.04.

81000.05 - Protective Strategy Evaluation

The inspectors evaluated the licensee's Protective Strategy through completion of the following
procedure elements:

Protective Strategy Evaluation (40 Sample)

   (1)    All elements




                                                3
81000.14 - Review of New Power Reactor Target Sets

The inspectors evaluated the licensee's Target Set program through completion of the following
procedure elements:

Review of New Power Reactor Target Sets (1 Sample)

   (1)     03.03 b

           These samples, combined with the samples documented in Inspection report
           5000255/2025403, dated July 24, 2025 (ML25205A048), constitute completion of
           Inspection Procedure 81000.14.

INSPECTION RESULTS

No findings were identified.

EXIT MEETINGS AND DEBRIEFS

The inspectors verified no proprietary information was retained or documented in this report.

   •     On December 8, 2025, the inspectors presented the Restart Security Inspection results
         to Dan Gagnon and other members of the licensee staff.




                                                4
DOCUMENTS REVIEWED

Inspection   Type                Designation        Description or Title                               Revision or
Procedure                                                                                              Date
81000.04     Miscellaneous                          Shadow Tec Advanced Video Patrol System Operator   0
                                                    Powerpoint
                                                    Operability Testing Job Aid                        2
             Procedures          Early Warning      Camera View Images                                 12/01/2025
                                 System
                                 Early Warning      Standing Order                                     2
                                 System
81000.05     Corrective Action   25010961                                                              08/04/2025
             Documents
             Resulting from
             Inspection
             Procedures          OCA Area Patrols   OCA Area Patrols                                   REV 1
                                 PL 0025            Vital Area Patrols                                 REV 15
                                 PL 0029            PA Manhole Patrols                                 REV 4
                                 PL 0031            South OCA Patrol                                   REV 9
                                 PL0022             IMP Patrols                                        07/16/2025
                                 PL0026             Protected Area Patrols                             REV 9
                                 PL0027             DFS Protected Area Patrols                         REV 1




                                                               5
"
ML25357A093,2025005,2025-12-23,PALISADES NUCLEAR PLANT – RESTART INSPECTION REPORT 05000255/2025005,https://www.nrc.gov/docs/ML2535/ML25357A093.pdf,2,archive/reports/ML25357A093/c09a8d903b85a0bf78695dc3ad3e294b9d8284cb1b145cef6eafaaa5a99f4528.pdf,archive/reports/ML25357A093/c09a8d903b85a0bf78695dc3ad3e294b9d8284cb1b145cef6eafaaa5a99f4528.txt,"                                          December 23, 2025
Michael Mlynarek
Site Vice President,
Palisades Energy, LLC
Palisades Nuclear Plant
27780 Blue Star Memorial Hwy
Covert, MI 49043-9530

SUBJECT:       PALISADES NUCLEAR PLANT – RESTART INSPECTION REPORT
               05000255/2025005

Dear Mr. Michael Mlynarek:

On October 31, 2025, the U.S. Nuclear Regulatory Commission (NRC) completed an inspection
at the Palisades Nuclear Plant. The enclosed inspection report documents the inspection
results, which the inspectors discussed on December 10, 2025, with yourself and other
members of your staff.

Due to the temporary cessation of government operations, which commenced on
October 01, 2025, the NRC began operating under its Office of Management and
Budget-approved plan for operations during a lapse in appropriations. Consistent with that plan,
the NRC operated at reduced staffing levels throughout the duration of the shutdown. However,
the NRC continued to perform critical health and safety functions and make progress on other
high-priority activities associated with the ADVANCE Act and Executive Order 14300.
On November 13, 2025, following the passage of a continuing resolution, the NRC resumed
normal operations. However, due to the 43-day lapse in normal operations, the Office of Nuclear
Reactor Regulation granted the Regional Offices an extension on the issuance of the calendar
year 2025 inspection reports that should have been issued by November 13, 2025,
to December 31, 2025. The NRC resumed the routine cycle of issuing inspection reports on
November 13, 2025.

One finding of very low safety significance (Green) is documented in this report. This finding
involved a violation of NRC requirements and was determined to be Severity Level IV. We are
treating this violation as a non-cited violation (NCV) consistent with Section 2.3.2 of the
Enforcement Policy.

A licensee-identified violation which was determined to be of very low safety significance
is documented in this report. We are treating this violation as an NCV consistent with
Section 2.3.2 of the Enforcement Policy.
M. Mlynarek                                      2


If you contest the violations or the significance or severity of the violations documented
in this inspection report, you should provide a response within 30 days of the date of this
inspection report, with the basis for your denial, to the U.S. Nuclear Regulatory Commission,
ATTN: Document Control Desk, Washington, DC 20555-0001; with copies to the Regional
Administrator, Region III; the Director, Office of Enforcement; and the NRC Resident Inspector
at Palisades Nuclear Plant.

On June 13, 2022, Palisades ceased permanent power operations and subsequently removed
all fuel from the reactor, as detailed in the letter from Entergy to the NRC, “Certifications of
Permanent Cessation of Power Operations and Permanent Removal of Fuel from the
Reactor Vessel,” (ADAMS Accession No. ML22164A067). On September 28, 2023,
Holtec Decommissioning International, LLC (Holtec) submitted a letter to the NRC requesting
exemptions from certain portions of the requirements of Title 10 of the Code of Federal
Regulations (10 CFR) 50.82(a)(2) to pursue the potential reauthorization of power operations
at Palisades (ADAMS Accession No. ML23271A140).

On July 24, 2025, the NRC approved an exemption from the requirements of 10 CFR
50.82(a)(2), as detailed in the letter, “Palisades Nuclear Plant – Exemption from the
Requirements of 10 CFR 50.82(a)(2) Concerning the Prohibition to Operate and Emplace
Fuel in the Reactor Vessel,” (ADAMS Accession No. ML25163A182) and a set of licensing
actions supporting reauthorization of Palisades Nuclear Plant. On August 25, 2025, Palisades
notified the NRC that they rescinded their 10 CFR 50.82(a)(1) certification, which removed
the prohibition on operation and emplacement of fuel in the reactor (ADAMS Accession
No. ML25237A317). Palisades also implemented the set of licensing actions to support
reimplementation of their operational licensing basis.

On August 25, 2025, the NRC transitioned oversight of Palisades to the Reactor Oversight
Process (ROP).

This letter, its enclosure, and your response (if any) will be made available for public inspection
and copying at http://www.nrc.gov/reading-rm/adams.html and at the NRC Public Document
Room in accordance with Title 10 of the Code of Federal Regulations 2.390, “Public
Inspections, Exemptions, Requests for Withholding.”

                                              Sincerely,
                                                                      Signed by Nguyen, April
                                                                      on 12/23/25



                                              April M. Nguyen, Lead
                                              Palisades Restart Team
                                              Division of Operating Reactor Safety

Docket Nos. 05000255
License No. DPR–20

Enclosure:
As stated

cc w/ encl: Distribution via LISTSERV®
M. Mlynarek                                   3


Letter to Michael Mlynarek from April Nguyen dated December 23, 2025.

SUBJECT:       PALISADES NUCLEAR PLANT – RESTART INSPECTION REPORT
               05000255/2025005

DISTRIBUTION:
Rodney Clagg
RidsNrrPMPalisades Resource
RidsNrrDorlLpl3
RidsNrrDroIrib Resource
Jack Giessner
Mohammed Shuaibi
Diana Betancourt-Roldan
John Pelchat
Deborah Piskura
Jared Heck
Jennifer Dalzell
R3-DORS




ADAMS Accession Number: ML25357A093
                            ☒ Non-Sensitive                       ☒ Publicly Available
  ☒     SUNSI Review
                            ☐ Sensitive                           ☐ Non-Publicly Available
 OFFICE RIII
 NAME    JWinslow:anm      ANguyen
 DATE    12/23/2025        12/23/2025


                                     OFFICIAL RECORD COPY
                         U.S. NUCLEAR REGULATORY COMMISSION
                                    Inspection Report


Docket Number:              05000255


License Number:             DPR‑20


Report Number:              05000255/2025005


Enterprise Identifier:      I‑2025‑005-0043


Licensee:                   Palisades Energy, LLC


Facility:                   Palisades Nuclear Plant


Location:                   Covert, MI


Inspection Dates:           September 01, 2025, to October 31, 2025


Inspectors:                 M. Gangewere, Senior Reactor Inspector
                            D. Hoang, Civil Engineer
                            J. Mancuso, Senior Resident Inspector
                            E. Miller, Senior Reactor Inspector, Region I
                            T. Okamoto, Resident Inspector
                            J. Robb, Operations Engineer
                            A. Shaikh, Senior Reactor Inspector
                            C. St. Peters, Senior Project Engineer
                            J. Winslow, Senior Project Engineer


Approved By:                April M. Nguyen, Lead
                            Palisades Restart Team
                            Division of Operating Reactor Safety




                                                                            Enclosure
                                           SUMMARY

The U.S. Nuclear Regulatory Commission (NRC) performed inspection activities of the
licensee’s performance associated with the return to an operational status. As available, the
NRC monitored the licensee’s performance by conducting an integrated inspection at Palisades
Nuclear Plant, in accordance with the Reactor Oversight Process. The Reactor Oversight
Process is the NRC’s program for overseeing the safe operation of commercial nuclear power
reactors. Refer to https://www.nrc.gov/reactors/operating/oversight.html for more information.
A licensee-identified non-cited violation is documented in report section: 71124.08.

                                List of Findings and Violations

 License Amendment Required for Change of Critical Heat Flux Correlations Used in the
 Main Steam Line Break Analysis to Predict the Minimum Departure of Nucleate Boiling Ratio
 Cornerstone         Significance/Severity                     Cross-Cutting Report Section
                                                               Aspect
 Barrier Integrity Green                                       None (NPP)        71111.21M
                     Severity Level IV
                     NCV 05000255/2025005‑01
                     Open/Closed
 The inspectors identified a very low safety significant (Green) and associated severity level IV
 non-cited violation of Title 10 of the Code of Federal Regulations (10 CFR) 50.59 because
 the licensee failed to obtain NRC approval prior to changing the critical heat flux correlations
 applied in their main steam line break analysis to predict the minimum departure from
 nucleate boiling ratio. Subsequently, the licensee submitted a license amendment request
 which was approved by the NRC as license amendment number 279 (ADAMS Accession
 No. ML25156A045).

                                   Additional Tracking Items

 Type     Issue Number                Title                             Report Section Status
 URI      05000255/2022010‑01         Inadequate Evaluation for         71111.21M      Closed
                                      Revised Main Steam Line
                                      Break (MSLB) Analysis

 URI      05000255/2024004‑01         Use of Decommissioning            71801‑Cat9       Closed
                                      Trust Fund During Restart
                                      Initiative




                                                2
PLANT STATUS

On August 25, 2025, Palisades notified the NRC that they rescinded their 10 CFR 50.82(a)(1)
certification, which removed the prohibition on operation and emplacement of fuel in the reactor.
Palisades also implemented the set of licensing actions to support reimplementation of their
operational licensing basis. On August 25, 2025, the NRC transitioned oversight of Palisades
to the Reactor Oversight Process (ROP).

The NRC is conducting inspections to evaluate and assess the licensee’s activities for
restoration to an operating status. The resident inspectors, as well as supplemental inspectors,
continue to provide daily oversight of the restart activities occurring at the site.

The unit ended the inspection period in a defueled status.

INSPECTION SCOPES

Inspections were conducted using the appropriate portions of the referenced inspection
procedures (IPs) in effect at the beginning of the inspection unless otherwise noted.
Currently approved IPs with their attached revision histories are located on the public website
at http://www.nrc.gov/reading-rm/doc-collections/insp-manual/inspection-procedure/index.html.
As available, samples were declared complete when the IP requirements most appropriate
to the inspection activity were met consistent with Inspection Manual Chapter (IMC) 2515,
“Light-Water Reactor Inspection Program - Operations Phase.” The inspectors reviewed
selected procedures and records, observed activities, and interviewed personnel to assess
licensee performance and compliance with Commission rules and regulations, license
conditions, site procedures, and standards.

REACTOR SAFETY

71111.05 - Fire Protection

Fire Brigade Drill Performance Sample (IP Section 03.02) (1 Sample)

   (1)   The inspectors evaluated the onsite fire brigade training and performance during live
         fire training on September 19, 2025.

71111.08P - Inservice Inspection Activities (PWR)

    From September 1 through October 31, 2025, the inspectors observed and verified the
    licensee’s nondestructive examination (NDE) and repair/replacement activities of the
    reactor vessel closure head, Alloy 600 weld mitigation activities, and steam generator tube
    plugging, stabilization, and sleeving, conducted in accordance with the requirements of the
    ASME Code Section XI and other guidance documents. The purpose of these inspections
    was to verify that the reactor coolant system boundary, reactor vessel closure head,
    steam generators, and risk-significant piping system boundaries are appropriately
    monitored for degradation. The inspectors also verified that the examination results were
    thoroughly reviewed and appropriately evaluated, and that required corrective actions to
    address identified indications and defects are being appropriately implemented. During this
    quarter, the licensee conducted repair/replacement activities for the reactor vessel closure
    head, steam generator tubes, and Alloy 600 welds in the primary coolant system and in



                                                3
    other areas. Further NRC inspections will monitor repair/replacement activities as they are
    conducted.

    The inspectors verified that the following NDE and repair/replacement activities were
    conducted appropriately per the ASME Code or required standard, and that any potential
    indications and defects were identified and evaluated at the proper thresholds:

Nondestructive Examination and Welding Activities (IP Section 03.01)

    (1) Ultrasonic Examination of Alloy 600 Mitigation Weld Overlays on Primary Coolant
        System Piping and Nozzles
    (2) Liquid Penetrant Examination of Alloy 600 Mitigation Weld Overlays on Primary Coolant
        System Piping and Nozzles
    (3) Welding of Alloy 600 Mitigation Weld Overlays on Primary Coolant System Piping and
        Nozzles

Vessel Upper Head Penetration Inspection Activities (IP Section 03.02)

   (1) Welding and Nondestructive Examination of Reactor Vessel Closure Head (RVCH)
       Nozzles
   (2) Roto-Peening of RVCH Nozzles

Steam Generator Tube Inspection Activities (IP Section 03.04)

    (1) steam generators ‘A’ and ‘B’ chemical cleaning

71111.11Q - Licensed Operator Requalification Program and Licensed Operator Performance

Licensed Operator Requalification Training/Examinations (IP Section 03.02) (1 Sample)

   (1)   The inspectors observed and evaluated Licensed Operator Requalification Training
         in the facility’s simulator on September 24 and 25, 2025.

71111.13 – Maintenance Risk Assessments and Emergent Work Control

Risk Assessment and Management (IP Section 03.01) (1 Sample)

    The inspectors evaluated the accuracy and completeness of risk assessments for the
    following planned work activities and emergent work activities to ensure configuration
    changes and appropriate work controls were addressed:

    (1) evaluation of risk for irradiated fuel moves in the spent fuel pool with one train of
        control room HVAC inoperable, using Technical Specifications (TS) LCO 3.0.4(b)
        on September 12, 2025




                                                 4
71111.20 – Refueling and Other Outage Activities

Refueling/Other Outage Sample (IP Section 03.01)

The inspectors verified that the following outage activities important to safety were appropriately
managed:

   (1) P‑50D Motor Lift Activities in Containment (‘A’ Missile Shield Landing & Upending) on
       October 7, 2025

71111.21M - Comprehensive Engineering Team Inspection

The inspectors evaluated the following 10 CFR 50.59 Evaluations for close out of the
unresolved item (URI) tracked by issue number 05000255/2022010‑01:

10 CFR 50.59 Evaluations/Screening (IP section 03.03) (2 Samples)

   (1)   50.59 Evaluation 22‑0052, “Issue Revised MSLB Analysis,” Revision 0
   (2)   50.59 Evaluation 19‑0117, “Issue Revised MSLB Analysis,” Revision 0

71111.24 – Testing and Maintenance of Equipment Important to Risk

The inspectors evaluated the following testing and maintenance activities to verify
system operability and/or functionality:

Post-Maintenance Testing (PMT) (IP Section 03.01) (4 Samples)

   (1)   1‑2 Emergency Diesel Generator PMT following major system work window
         on September 5, 2025
   (2)   RT‑202 VC‑10 SR3.7.11.1 Heat Removal Capability from September 16, 2025,
         through October 15, 2025
   (3)   Steam Generator Chemical Cleaning (SGCC) Water Testing on September 25, 2025
   (4)   E‑54B CCW HX Hydrostatic Test Following Tube Replacement and Plugging on
         October 22, 2025

Surveillance Testing (IP Section 03.01) (1 Sample)

   (1)   RO‑28A and RO‑28B, Control Room Envelope Positive Pressure and Heater Output
         Verification on October 8, 2025




                                                 5
RADIATION SAFETY

71124.04 - Occupational Dose Assessment

Internal Dosimetry (IP Section 03.03) (1 Partial)

The inspectors evaluated the following internal dose assessments:

   (1)   (Partial)
         The inspectors reviewed an event from October 21, 2025, in which an individual
         fell into the reactor cavity pool. This review included the records associated with
         the decontamination efforts, initial whole body count information, and release
         paperwork for the individual. In‑vitro analysis results were still pending at the time
         of the inspection, so a review of the final dose assessment will be performed during
         a future inspection.

71124.06 - Radioactive Gaseous and Liquid Effluent Treatment

Walkdowns and Observations (IP Section 03.01) (1 Sample)

The inspectors evaluated the following radioactive effluent systems during walkdowns:

   (1)   The inspectors walked down radiological monitoring equipment for the turbine building
         sump, service water, and gaseous effluent systems.

Sampling and Analysis (IP Section 03.02) (1 Sample)

Inspectors evaluated the following effluent samples, sampling processes:

   (1)   The inspectors observed daily and weekly routine effluent sampling activities for the
         turbine building sump, service water, and gaseous effluent systems. The inspectors
         also observed sample analysis for the weekly gaseous effluent samples taken.

71124.07 - Radiological Environmental Monitoring Program

Environmental Monitoring Equipment and Sampling (IP Section 03.01) (1 Sample)

   (1)   The inspectors observed collection of particulate and iodine samples from various
         air sampling stations, and water sample collection from lake water inlet, and drinking
         water. The inspectors also assessed material condition and calibration of air sample
         station pumps and the meteorological tower.

Radiological Environmental Monitoring Program (IP Section 03.02) (1 Sample)

   (1)   The inspectors reviewed third party laboratory results for various sampling activities
         to ensure the site had recommenced iodine analysis and that detection sensitivities
         met the requirements in the Offsite Dose Calculation Manual, which had recently been
         revised in preparation for reactor operation.




                                                6
71124.08 - Radioactive Solid Waste Processing & Radioactive Material Handling, Storage, &
Transportation

Shipping Records (IP Section 03.05) (1 Sample)

The inspectors evaluated the following non-excepted radioactive material shipments through
a record review:

   (1)    Shipment 2025‑RW-017; LSA–II

OTHER BASELINE ACTIVITIES

71152 – Problem Identification and Resolution

System Return to Service

During the inspection period, the inspectors continued reviews of Phases I and II of the
licensee’s system return to service (SRTS) plans. The SRTS plans document licensee activities
to verify that the configuration and condition of systems, structures, and components (SSCs)
are consistent with the design and licensing bases to support potential restart. The inspectors
reviewed Phases I and II of the SRTS plans, which include areas such as licensing and
design-basis functions, system material conditions, reviewing open and deferred work prior to
shutdown, and program applicability. The inspectors conducted these reviews using IP 71152,
“Problem Identification and Resolution,” and IP 71111.21M, “Comprehensive Engineering Team
Inspection (CETI),” as applicable.

The inspectors commenced reviews of the SRTS plans for the following systems:

   •     reactor protective system

The inspectors evaluated the initial SRTS plans for each system to identify if planned licensee
activities will verify that the configuration and condition of the SSCs are consistent with the
proposed operational design and licensing bases to support restart and verify readiness of the
SSCs to support a return to service. The inspectors noted that the SRTS plans are intended to
be living documents with a phased approach to SRTS. As the licensee progresses through the
SRTS phases, the SRTS plans will undergo additional reviews by NRC inspectors to ensure
appropriate SSC restoration and operability/functionality.

Safety Injection Refueling Water Tank Catacomb Inspections

As part of system return to service activities, the licensee performed inspections of the safety
injection refueling water tank (SIRWT), piping, and plant structures surrounding the SIRWT.
The inspectors performed visual inspections of the components and reviewed the licensee’s
evaluations.

   (1) The inspectors reviewed and verified previously repaired concrete cracks of the SIRWT
       catacombs as identified in Licensee Event Report 83‑006, “SIRWT Support Structure
       Discrepancies” (ADAMS Accession No. ML20071B526) on September 9, 2025.


                                                 7
         During an in‑field walkdown, the inspectors identified additional crack-like indications.
         The licensee conducted an evaluation of the structural integrity of the concrete slabs in
         the catacombs with the crack-like indications and dispositioned the indications as minor
         concrete surface cracks with no adverse effects to the structural integrity of the SIRWT
         catacombs. The licensee dispositioned a corrective action to repair the minor concrete
         surface cracks. The inspectors reviewed the licensee’s evaluation and did not identify
         any findings or violations.

   (2) The inspectors identified crystalline precipitates during initial inspections of the SIRW
       tank nozzles on September 29, 2025. The licensee conducted chemical analysis on
       samples taken of the crystalline precipitate. The licensee further evaluated the structural
       integrity of the SIRW tank piping and support structures in the affected area. The
       licensee dispositioned the precipitate as concrete leaching due to rainwater intrusion
       with no adverse effects to the structural integrity of the SIRW tank or supports. The
       inspectors reviewed the licensee’s evaluation and chemical analysis report and did not
       identify any findings or violations.

71153 - Follow-up of Events and Notices of Enforcement Discretion

Event Follow-up (IP Section 03.01) (1 Sample)

   (1)    The inspectors evaluated the licensee’s response to higher-than-expected levels of
          ammonia gas in the turbine building during the steam generator chemical cleaning
          process on October 15, 2025.

71801‑Cat9 - Decommissioning Implementation and Status

The inspectors evaluated the use of the Decommissioning Trust Fund (DTF) during restart for
closeout of the Unresolved Item (URI) tracked by issue number 05000255/2024004‑01.

INSPECTION RESULTS

 License Amendment Required for Change of Critical Heat Flux Correlations Used in the Main
 Steam Line Break Analysis to Predict the Minimum Departure of Nucleate Boiling Ratio
 Cornerstone Significance/Severity                         Cross-        Report Section
                                                           Cutting
                                                           Aspect
 Barrier      Green                                        None          71111.21M
 Integrity    Severity Level IV                            (NPP)
              NCV 05000255/2025005‑01
              Open/Closed

 The inspectors identified a very low safety significant (Green) and associated severity level IV
 non-cited violation of Title 10 of the Code of Federal Regulations (10 CFR) 50.59 because
 the licensee failed to obtain NRC approval prior to changing the critical heat flux correlations
 applied in their main steam line break analysis to predict the minimum departure from
 nucleate boiling ratio. Subsequently, the licensee submitted a license amendment request
 which was approved by the NRC as license amendment number 279 (ADAMS Accession
 No. ML25156A045).


                                                 8
Description:

During the 2022 triennial inspection of evaluations of changes, tests and experiments an
unresolved item (URI) was documented in inspection report 2022010 (ADAMS Accession
No. ML22090A254). Since this inspection procedure (IP) 71111.17T, “Evaluations of
Changes, Tests and Experiments” has been retired, this URI is closed under active
IP 71111.21M, “Comprehensive Engineering Team Inspection,” which performs this
inspection.

The URI was opened due to the licensee’s 50.59 safety evaluation (SE) 19‑0117 which
evaluated and accepted a revised main steam line break (MSLB) analysis as implemented by
engineering change (EC) 83306, “Issue Revised Main Steam Line Break (MSLB) Departure
from Nucleate Boiling (DNB) Analysis.” The licensee determined this change did not require
prior NRC approval based on evaluation of the eight criteria identified in 10 CFR 50.59. The
URI documented that SE 19‑0117 did not evaluate the change associated with application
of the elements within the existing vendor NRC-approved topical report methodology
(EMF‑2310(P)(A) Revision 1) that had been incorporated into the licensing basis. Specifically,
the original MSLB analysis applied one critical heat flux (CHF) correlation (Modified Barnett)
to determine the minimum departure from nucleate boiling ratio (MDNBR). EC 83306 altered
the elements of this methodology and applied three CHF correlations (Modified Barnett, Biasi,
and high thermal performance (HTP)). In SE 19‑0117, the licensee failed to recognize the
change from one to three CHF correlations was a departure from the method of evaluation
described in the updated final safety analysis report (UFSAR) and they were required to
submit a license amendment request pursuant to 10 CFR 50.59(c)(2)(viii). As a result of
the URI, the licensee performed SE 22‑0052 which determined the change to use the
corrected Modified Barnett and Biasi Correlation limits was a departure from a method of
evaluation and required NRC approval. The licensee submitted license amendment request
(LAR) No. 279 on May 24, 2024 (ADAMS Accession No. ML24145A145). The NRC
subsequently approved License Amendment No. 279 (ADAMS Accession No. ML25156A045)
on July 24, 2025. The amendment revised the license to incorporate the Biasi CHF correlation
for use with the Palisades MSLB analysis. Specifically, the amendment approved the use of
the Framatome Inc. Topical Report EMF‑2310, Revision 1, Supplement 2P–A, Revision 0,
“SRP Chapter 15 Non-LOCA Methodology for Pressurized Water Reactors,” which describes
the application of the Biasi CHF correlation to MSLB analysis.

In closing this URI, the inspectors reviewed SE 19‑0117 and 22‑0052 to evaluate if all
concerns addressed in the URI were captured; specifically, if the SE addressed the change
from one to three CHF correlations. In SE 22‑0052, the licensee determined applying three
CHF correlations instead of one was not a departure from a method of evaluation described in
the UFSAR. However, the licensee determined the change to use the corrected Modified
Barnett and Biasi Correlation limit was a departure from a method of evaluation described in
the UFSAR. The inspectors noted License Amendment No. 279 approved the use of the Biasi
Correlation limit applied in the MSLB analysis. The inspectors questioned why the corrected
Modified Barnett and the HTP correlations were not included in the LAR. The licensee
explained since SE 22‑0052 was approved in 2022, Framatome later decided to proceed with
using only the HTP and Biasi correlations for the MSLB analysis. This included retiring the
use of the Modified Barnett in place of the Biasi correlation for the MSLB analysis.
Additionally, the HTP correlation had already been a part of Palisades’ licensing basis.
These correlations were explained in this manner in Palisades’ docketed pre-submittal public
meeting slides (ADAMS Accession No. ML24130A145). Therefore, the inspectors had no



                                              9
further questions in close out of this URI.

Since the licensee failed to have a written evaluation that provided the bases for the
determination that the change in CHF correlations would not require a license amendment
(SE 19-0117) and since the new written evaluation (SE 22-0052) determined a license
amendment was required and was subsequently approved by the NRC, the inspectors closed
this URI to a finding of very low safety significance (Green) and associated severity level IV
non-cited violation of 10 CFR 50.59.

Corrective Actions: The licensee entered this into their corrective action program, performed a
new 50.59 evaluation, SE 22-0052, and submitted a LAR which was approved by the NRC as
License Amendment No. 279.

Corrective Action References: CR‑PLP‑2022-0044; CR‑PLP‑2022-00648.
Performance Assessment:

Performance Deficiency: The failure to document a written evaluation which provides the
bases for the determination that the change in CHF correlations applied to the MSLB analysis
would not require a license amendment was a performance deficiency and contrary to 10
CFR 50.59.

Screening: The inspectors determined the performance deficiency was more-than-minor
because it was associated with the Design Control attribute of the Barrier Integrity
cornerstone and adversely affected the cornerstone objective to provide reasonable
assurance that physical design barriers protect the public from radionuclide releases caused
by accidents or events. Specifically, the change in the application of CHF correlations, e.g.,
the Biasi correlation limit, to predict the MDNBR during MSLB events required NRC prior
approval since it resulted in a departure from a method of evaluation described in the UFSAR
used to establish the current MSLB safety analysis.

Significance: The inspectors assessed the significance of the finding using IMC 0609
Appendix A, “The Significance Determination Process (SDP) for Findings At-Power.”
The inspectors determined the finding was of very low safety significance (Green) because
the finding did not challenge the fuel cladding integrity. Therefore, the inspectors answered
“No” to all Exhibit 3, “Barrier Integrity Screening Questions,” Section A, “Fuel Cladding
Integrity” screening questions. Additionally, License Amendment No. 279 was approved by
the NRC on July 24, 2025.

Cross-Cutting Aspect: Not Present Performance. No cross-cutting aspect was assigned to
this finding because the inspectors determined the finding did not reflect present licensee
performance. The original 50.59 evaluation, SE 19‑0117, that opened the URI was performed
in 2019 and therefore, does not represent present licensee performance.
Enforcement:

The ROP’s significance determination process does not specifically consider the regulatory
process impact in its assessment of licensee performance. Therefore, it is necessary to
address this violation which impedes the NRC’s ability to regulate using traditional
enforcement to adequately deter non-compliance.




                                              10
Severity: In accordance with NRC Enforcement Manual, Section 2.1.3, “Enforcement of
10 CFR 50.59 and Related FSAR Violations,” Section D.5.a, the inspectors determined
this violation is categorized as severity level IV because the change required prior
Commission review and approval, the licensee failed to obtain Commission approval, and
the consequence of the change evaluated by the significance determination process is of
very low safety significance (i.e., Green).

Violation: Title 10 CFR 50.59(d)(1) states, in part, the licensee shall maintain records of
changes in the facility, of changes in procedures, and of tests and experiments made
pursuant to 10 CFR 50.59(c). These records must include a written evaluation which provides
the bases for the determination that the change, test, or experiment does not require a license
amendment pursuant to paragraph (c)(2) of this section.

Title 10 CFR 50.59(c)(1) states, in part, that a licensee may make changes in the facility or
procedures as described in the final safety analysis report (as updated) without obtaining a
license amendment pursuant to Section 50.90 only if: (i) An amendment to the technical
specifications incorporated in the license is not required, and (ii) the change, test, or
experiment does not meet any of the criteria in paragraph (c)(2) of this section.

Title 10 CFR50.59(c)(2)(viii) states, in part, that a licensee shall obtain a license amendment
pursuant to 10 CFR 50.90 prior to implementing a proposed change, test, or experiment if the
change, test, or experiment would result in in a departure from a method of evaluation
described in the FSAR (as updated) used in establishing the design bases or in the safety
analyses.

Technical specification (TS), revision 20, section 5.6.5, “Core Operating Limits Report
(COLR)” states:

      b. the analytical methods used to determine the core operating limits shall be
      those approved by the NRC, specifically those described in the latest approved
      revision of the following documents:

      6. EMF‑2310 (P)(A), Revision 0, Framatome ANP, Inc., May 2001,
      “SRP Chapter 15 Non-LOCA Methodology for Pressurized Water Reactors.”
      (LCOs 3.1.6, 3.2.1, 3.2.2, & 3.2.4)

Updated final safety analysis report (UFSAR), revision 35, section 14.14, “Steam Line
Rupture Incident,” references include:

      2. EMF‑2310(P)(A), Revision 1, “SRP Chapter 15 Non-LOCA Methodology for
      Pressurized Water Reactors,” Framatome ANP, May 2004.

Contrary to the above, from September 6, 2019, to May 20, 2022, the licensee failed to
maintain a record of changes in the facility including a written evaluation that provided the
bases for the determination that the change, test, or experiment did not require a license
amendment. Specifically, the licensee failed to document a written evaluation that provided a
bases for the determination that the change in critical heat flux correlations to predict the
minimum departure from nucleate boiling ratio in the main steam line break analysis was
not a departure from a method of evaluation described in the FSAR (as updated) and
would not require a license amendment. Subsequently, the licensee submitted License



                                              11
Amendment No. 279 which was approved by the NRC on July 24, 2025 (ADAMS Accession
No. ML25156A045).

Enforcement Action: This violation is being treated as a non-cited violation, consistent with
Section 2.3.2 of the Enforcement Policy.

The disposition of this finding and associated violation closes URI: 05000255/2022010-01.

Licensee-Identified Non-Cited Violation                                           71124.08
This violation of very low safety significance was identified by the licensee and has been
entered into the licensee corrective action program and is being treated as a non-cited
violation, consistent with Section 2.3.2 of the Enforcement Policy.
Violation: Title 10 of the Code of Federal Regulations (10 CFR) Part 71.5 requires, in part,
that each licensee who transports licensed material outside the site of usage comply with the
applicable requirements of the Department of Transportation (DOT) regulations in 49 CFR
Parts 171 through 180. 49 CFR 173.441 requires, in part, that exclusive use shipment
radiation levels not exceed 10 mrem/h at any point two meters from the outer lateral surfaces
of the vehicle (excluding the top and underside of the vehicle). Contrary to the above,
on September 23, 2025, the licensee failed to comply with the applicable requirements of the
DOT regulations in 49 CFR Parts 171 through 180 as required by 10 CFR 71.5. Specifically,
the licensee failed to comply with 49 CFR 173.441 when the licensee transported radioactive
waste off-site via exclusive use with dose rates of up to 16.2 mrem/hr at two meters from the
lateral surfaces (sides) of the vehicle.

Significance/Severity: Green. The performance deficiency was assessed using Inspection
Manual Chapter (IMC) 0609, Appendix D as a finding in transportation or Part 61. An external
radiation limit was exceeded in a location accessible by the public. However, the IMC allows
for other considerations to be taken into account when determining if an issue reaches the
White threshold. In this instance, the shipment was an exclusive use shipment and surveys
conducted upon return of the transport vehicle that were conducted with a survey instrument
that averages dose rates over a larger cross-sectional area indicated maximum dose rates of
10 mrem/hr at two meters from the lateral surfaces of the vehicle. With these considerations
taken into account, this issue was determined to be of very low safety significance (Green).

Corrective Action References: AR 25012715

Very Low Safety Significance Issue Resolution Process: Use of                             71801‑Cat9
Decommissioning Trust Fund During Restart Initiative
This issue is a licensing basis question and inspection effort is being discontinued in
accordance with the Very Low Safety Significance Issue Resolution (VLSSIR) process.
No further evaluation is required.
Description: In the fourth quarter of 2024, the inspectors performed an inspection of the
Decommissioning Trust Fund (DTF) use. In that inspection, the inspectors noted that in a
letter to the NRC dated September 28, 2023 (ML23271A140), the licensee submitted a
request for an exemption from certain requirements in 10 CFR 50.82 to allow for restarting
the plant after entering decommissioning. Further, as the pace of in‑plant restart activities
picked up, the licensee later verbally informed the NRC staff that it had decided to stop
incurring expenses against the DTF as of June 1, 2024. The inspectors identified DTF
expenditures that occurred prior to that later date associated with maintaining the site, such
as payroll, site security, janitorial services, and utility bills, that would generally be considered



                                                 12
legitimate uses of the DTF. The inspectors questioned the legitimacy of continuing to rely on
DTF funds for these activities for a plant that was focusing on restart, and at what point
should that transition away from the DTF use occur. The inspectors opened Unresolved Item
(URI) 05000255/2024004‑01 to address this question. A detailed discussion on what was
identified during the inspection and the URI can be found in Palisades Nuclear Plant
Inspection Report 05000255/2024004 (ML25041A225).

Through consultation with the Division of Decommissioning, Uranium Recovery, and Waste
Programs (DUWP), and the Financial Assurance Branch (FAB) in the Division of
Rulemaking, Environmental, and Financial Support (REFS), it was determined that
considerable staff effort would be required to resolve this issue. For example, under these
specific circumstances, it may be necessary to interpret terms such as “legitimate
decommissioning activity.” In addition, the licensee has since ceased incurring expenses
against the DTF, and according to the most recent DTF report, it continues to maintain
sufficient funding for decommissioning activities should restart not take place.

This issue is an unresolved question that has ambiguity in the licensing basis, design basis,
or applicability of regulatory requirements which is determined to be no greater than
Severity Level IV, if resolved. Inspection and evaluation effort is being discontinued using the
Very Low Safety Significance Issue Resolution (VLSSIR) process. No further staff evaluation
is required.

Licensing Basis: 10 CFR 50.82(a)(8)(i) states, in part, that decommissioning trust funds may
be used by licensees if the withdrawals are for expenses for legitimate decommissioning
activities consistent with the definition of decommissioning in 10 CFR 50.2.

10 CFR 50.2 defines decommissioning as removing a facility or site safely from service and
reducing residual radioactivity to a level that permits—
(1) Release of the property for unrestricted use and termination of the license; or
(2) Release of the property under restricted conditions and termination of the license.

Significance: The inspectors determined that the issue of concern would not have the
potential to be more than Severity Level IV if processed via the Enforcement Policy as
a violation. Specifically, the Enforcement Policy examples (section 6.3), indicate that to be
more than Severity Level IV, there would need to be a significant failure to meet
decommissioning as required by regulation or license condition or a failure to meet required
schedules without adequate justification. There was no failure to meet decommissioning or
any required schedule.

Technical Assistance Request: The inspectors discussed use of a Technical Assistance
Request (TAR) with the DUWP, but it was determined that a TAR was not warranted as this
issue would not screen as more the SL IV.

Corrective Action Reference: No corrective actions are required by the licensee.

This VLSSIR closes URI 05000255/2024004‑01, Use of Decommissioning Trust Fund During
Restart Initiative.




                                               13
EXIT MEETINGS AND DEBRIEFS

The inspectors verified no proprietary information was retained or documented in this report.

   •   On December 10, 2025, the inspectors presented the inspection results to M. Mlynarek,
       Site Vice President, and other members of the licensee staff.




                                               14
DOCUMENTS REVIEWED

Inspection   Type                Designation       Description or Title                                        Revision or
Procedure                                                                                                      Date
71111.08P    NDE Reports         HLS 360-00-UT-    Ultrasonic Examination on HL Surge Line Elbow to SE         06/18/2025
                                 001               to Nozzle Overlay
                                 HLS-350-00-PT-    Liquid Penetrant Examination on HL Surge Line Nozzle        06/18/2025
                                 001               Overlay
                                 SI2B 360-00-UT-   Ultrasonic Examination of CL Safety Injection Valve to SE   03/27/2025
                                 001               to Nozzle Weld
                                 VLNM-240-00-PT-   Liquid Penetrant Examination on RVCH Vent Line Nozzle       09/15/2025
                                 001
             Procedures          54-ISI-460-009 Multi-Frequency Eddy Current Orthogonal Coil Array Probe       08/30/2025
                                                Examination of Nozzles Welds and Regions
71111.11Q    Miscellaneous       PLSEG-LOR-25E- Simulator Exercise Guide “Plant Heat-Up 1”                     1
                                 01
                                 PLSEG-LOR-25E- Training Simulator Guide “Turbine Synch”                       1
                                 02
                                 PLSEG-LOR-25E- Simulator Exercise Guide “Plant Heat-Up 2”                     1
                                 03
71111.24     Corrective Action   25012427       VC-10 Required Manual Reset of Pressure Switch                 09/17/2025
             Documents           25013662       E-54B Tube Plug Leakage                                        10/22/2025
             Miscellaneous                      Eddy Current Report for Holtec International Palisades         06/2025
                                                Nuclear Power Plant Unit 1 CCW E-54B
                                                SGCC Key Milestones                                            09/23/2025
             Procedures          03-9096916     Chemical Cleaning Site Setup Procedure                         004
                                 RO-28          Control Room Envelope Positive Pressure and Heater             34
                                                Output Verification
                                 RT-202         Control Room HVAC Heat Removal Capability                      18
             Work Orders         00584765-01    RT-202B VC-10 CR HVAC “B” Train Heat Removal                   10/15/2025
                                                Capability
                                 52954340       RO-28A - A-Train Control Room/TSC Ventilation                  10/08/2025
                                 52959536       RO-28B - B Train Control Room/TSC Ventilation                  10/08/2025
                                 582941696-34   E-54B; Vendor to Replace HX Tubes                              10/30/2025
71124.04     Miscellaneous                      Whole Body Counter Analyses                                    10/21/025



                                                             15
Inspection   Type                Designation       Description or Title                                       Revision or
Procedure                                                                                                     Date
             Procedures          EN-RP-104         Personnel Contamination Events                             11
                                 EN-RP-104,        Personnel Contamination Event Log                          03/18/2025
                                 Attachment 9.11                                                              through
                                                                                                              10/24/2025
                                 EN-RP-104,        Personnel Contamination Event Record                       10/21/2025
                                 Attachment 9.12
                                 EN-RP-104,        Contaminated Individual Release Authorization Log          05/19/2025
                                 Attachment 9.13                                                              through
                                                                                                              10/21/2025
                                 EN-RP-104,        Green IRA Briefing Form                                    10/21/2025
                                 Attachment 9.9
71124.06     Calibration                           Gamm Spec Detector 4 Calibration                           10/13/2025
             Records
             Miscellaneous       2_2025-10-        Gamma Isotopic Results for Stack Iodine                    10/29/2025
                                 29_005
                                 4_2025-10-        Gamma Isotopic for Stack Particulate                       10/29/2025
                                 29_003
71124.07     Corrective Action   25013668          Meteorological Tower Calibration Performed on 10/19/2023   10/23/2025
             Documents
             Miscellaneous       LIMS L111382      Environmental Sample Analysis Certificate                  10/03/2025
                                 LIMS L111468      Environmental Sample Analysis Certificate                  10/10/2025
             Procedures          EM-33             Meteorological Monitoring System                           5
             Work Orders         50082222-01-01-   Met Tower Bi-Annual Instrument Calibration                 01/04/2024
                                 0002
71124.08     Corrective Action   25012715          Shipment 2025-RW-017 Exceeded Allowable Limits             09/25/2025
             Documents
             Procedures          RP-412            Radioactive Shipping Procedure                             1
             Radiation           2025-1801         Shipment 2025-RW-017 Truck Survey                          09/23/2025
             Surveys             2025-1810         Shipment 2025-RW-017 Return Surveys                        09/25/2025
                                 2025-RW-017       Shipping Package                                           09/23/2025
71152        Calculations        097-670-9(Q)      Bechtel Calculation                                        06/06/1983
             Corrective Action   25011687          Boric Acid Precipitate Identified on T-58 SIRWT Nozzles    11/18/2025
             Documents                             in Catacombs



                                                             16
Inspection   Type                Designation      Description or Title                                        Revision or
Procedure                                                                                                     Date
                                 25012889         Suspected Boric Acid Leakage into T-58 SIRW Tank            09/09/2025
                                                  Catacombs
             Corrective Action   25012261         NRC Inspection of Catacombs - Minor Surface Cracking        09/12/2025
             Documents                            (Non-through-wall)
             Resulting from      25012262         NRC Inspection of Catacombs- Minor Through-Wall             09/12/2025
             Inspection                           Cracking
             Miscellaneous                        SIRW Tank - Structural Upgrade GWO 6861 Project Plan        01/08/1987
                                 NRC Report 50-   Inspection on December 3-5,1985, and January 7-10, 23-24,   02/05/1986
                                 255/85032        1986
                                 PLP-SRTSP-RPS    Reactor Protective System                                   0
             Procedures          PAL-5382         Main Control Roof Cellular Slab                             02/11/2025




                                                            17
"
ML25351A275,2025405,2025-12-18,PALISADES NUCLEAR PLANT – CYBER SECURITY INSPECTION REPORT 05000255/2025405,https://www.nrc.gov/docs/ML2535/ML25351A275.pdf,0,archive/reports/ML25351A275/50eedf5eb7371df3ef9c553393a72af3b79046eecbdcae84bf8c9978c2db588e.pdf,archive/reports/ML25351A275/50eedf5eb7371df3ef9c553393a72af3b79046eecbdcae84bf8c9978c2db588e.txt,"                OFFICIAL USE ONLY – SECURITY-RELATED INFORMATION




                                           December 18, 2025
Mike Mlynarek
Site Vice President
Holtec Decommissioning International, LLC
Palisades Nuclear Plant
27780 Blue Star Memorial Highway
Covert, MI 49043-9530

SUBJECT:       PALISADES NUCLEAR PLANT – CYBER SECURITY INSPECTION REPORT
               05000255/2025405

Dear Mike Mlynarek:

On September 10, 2025, the U.S. Nuclear Regulatory Commission (NRC) completed an
inspection at Palisades Nuclear Plant and discussed the results of this inspection with you and
other members of your staff. The results of this inspection are documented in the enclosed
report.

Due to the temporary cessation of government operations, which commenced on
October 01, 2025, the NRC began operating under its Office of Management and
Budget-approved plan for operations during a lapse in appropriations. Consistent with that plan,
the NRC operated at a reduced staffing levels throughout the duration of the shutdown.
However, the NRC continued to perform critical health and safety functions and make progress
on other high-priority activities associated with the ADVANCE Act and Executive Order 14300.
On November 13, 2025, following the passage of a continuing resolution, the NRC resumed
normal operations. However, due to the 43-day lapse in normal operations, the Office of Nuclear
Reactor Regulation granted the Regional Offices an extension on the issuance of the calendar
year 2025 inspection reports that should have been issued by November 13, 2025, to
December 31, 2025. The NRC resumed the routine cycle of issuing inspection reports on
November 13, 2025.

No findings or violations of more than minor significance were identified during this inspection.

This letter will be made available for public inspection and copying at
http://www.nrc.gov/reading-rm/adams.html and at the NRC Public Document Room in
accordance with Title 10 of the Code of Federal Regulations 2.390, “Public Inspections,
Exemptions, Requests for Withholding.”




 Enclosure(s) transmitted herewith contain(s) SUNSI. When separated from enclosure(s), this
                            transmittal document is decontrolled.

                OFFICIAL USE ONLY – SECURITY-RELATED INFORMATION
                OFFICIAL USE ONLY – SECURITY-RELATED INFORMATION

M. Mlynarek                                    2

The enclosed report contains Security-Related Information, so the enclosed report
will not be made publicly available in accordance with Title 10 of the Code of Federal
Regulations (10 CFR) 2.390(d)(1). If you choose to provide a response that contains
Security-Related Information, please mark your entire response “Security-Related
Information–Withhold from public disclosure under 10 CFR 2.390” in accordance with
10 CFR 2.390(d)(1) and follow the instructions for withholding in 10 CFR 2.390(b)(1).
The NRC is waiving the affidavit requirements for your response in accordance with
10 CFR 2.390(b)(1)(ii).

                                              Sincerely,
                                                                    Sanchez Santiago, Elba signing on behalf
                                                                    of Gilliam, Jasmine
                                                                    on 12/18/25


                                              Jasmine A. Gilliam, Chief
                                              Engineering Branch 2
                                              Division of Operating Reactor Safety

Docket No. 05000255
License No. DPR-20

Enclosure:
As stated

cc: S. Summers, Site Security Manager
     Palisades Nuclear Plant
    T. R. Wentworth, State Liaison Officer,
     State of Michigan

cc w/o encl: Distribution via LISTSERV®




 Enclosure(s) transmitted herewith contain(s) SUNSI. When separated from enclosure(s), this
                            transmittal document is decontrolled.

                OFFICIAL USE ONLY – SECURITY-RELATED INFORMATION
                  OFFICIAL USE ONLY – SECURITY-RELATED INFORMATION

M. Mlynarek                                       3

Letter to Mike Mlynarek from Jasmine A. Gilliam dated December 18, 2025.

SUBJECT:          PALISADES NUCLEAR PLANT – CYBER SECURITY INSPECTION REPORT
                  05000255/2025405

DISTRIBUTION w/encl:
Brian Yip
Kim Lawson-Jenkins
Glenn Dentel
Daniel Bacon
Jack Giessner
Mohammed Shuaibi
Fanta Sacko
SOSBInspRptDistro@usnrc.onmicrosoft.com

DISTRIBUTION w/o encl:
Rodney Clagg
RidsNrrPMPalisades Resource
RidsNrrDorlLpl3
RidsNrrDroIrib Resource
Jack Giessner
Mohammed Shuaibi
Diana Betancourt-Roldan
John Pelchat
Deborah Piskura
Jared Heck
Jennifer Dalzell
R3-DORS



Non-Public Designation Category: MD 3.4 Non-Public A.3
ADAMS ACCESSION NUMBER: ML25351A274 (Cover letter w/ enclosure(s))
ADAMS ACCESSION NUMBER: ML25351A275 (Cover letter)
 Entire Report:                 ☐ Non-Sensitive                    ☐ Publicly Available
 ☐ SUNSI Review                 ☐ Sensitive                        ☐ Non-Publicly Available
 Cover Letter Only:             ☒ Non-Sensitive                    ☒ Publicly Available
 ☒ SUNSI Review                 ☐ Sensitive                        ☐ Non-Publicly Available
 OFFICE            RIII         RIII
 NAME              KFay for     ESanchez
                   ADahbur:sw   Santiago for
                                JGilliam
 DATE              12/18/2025   12/18/2025

                                        OFFICIAL RECORD COPY




 Enclosure(s) transmitted herewith contain(s) SUNSI. When separated from enclosure(s), this
                            transmittal document is decontrolled.

                  OFFICIAL USE ONLY – SECURITY-RELATED INFORMATION
"
ML25260A036,2025004,2025-09-17,PALISADES NUCLEAR PLANT – RESTART INSPECTION REPORT 05000255/2025004,https://www.nrc.gov/docs/ML2526/ML25260A036.pdf,0,archive/reports/ML25260A036/06895cbc5145b238b30d1299474061c321c26df0ed334901d0173190b68ab1dd.pdf,archive/reports/ML25260A036/06895cbc5145b238b30d1299474061c321c26df0ed334901d0173190b68ab1dd.txt,"                                          September 17, 2025
Michael Mlynarek,
Site Vice President,
Palisades Energy, LLC
Palisades Nuclear Plant
27780 Blue Star Memorial Hwy
Covert, MI 49043-9530

SUBJECT:       PALISADES NUCLEAR PLANT – RESTART INSPECTION REPORT
               05000255/2025004

Dear Mr. Michael Mlynarek:

On August 31, 2025, the U.S. Nuclear Regulatory Commission (NRC) completed an inspection
at the Palisades Nuclear Plant. The enclosed inspection report documents the inspection
results, which the inspectors discussed on September 9, 2025, with yourself and other members
of your staff.

No violations of more than minor significance were identified during this inspection.

On June 13, 2022, Palisades ceased permanent power operations and subsequently removed
all fuel from the reactor, as detailed in the letter from Entergy to the NRC, “Certifications of
Permanent Cessation of Power Operations and Permanent Removal of Fuel from the Reactor
Vessel,” (ADAMS Accession No. ML22164A067). On September 28, 2023, Holtec
Decommissioning International, LLC (Holtec) submitted a letter to the NRC requesting
exemptions from certain portions of the requirements of Title 10 of the Code of Federal
Regulations (10 CFR) 50.82(a)(2) to pursue the potential reauthorization of power operations
at Palisades (ADAMS Accession No. ML23271A140).

On July 24, 2025, the NRC approved an exemption from the requirements of
10 CFR 50.82(a)(2), as detailed in the letter, “Palisades Nuclear Plant – Exemption from
the Requirements of 10 CFR 50.82(a)(2) Concerning the Prohibition to Operate and
Emplace Fuel in the Reactor Vessel,” (ADAMS Accession No. ML25163A182) and a set of
licensing actions supporting reauthorization of Palisades Nuclear Plant. On August 25, 2025,
Palisades notified the NRC that they rescinded their 10 CFR 50.82(a)(1) certification, which
removed the prohibition on operation and emplacement of fuel in the reactor (ADAMS
Accession No. ML25237A317). Palisades also implemented the set of licensing actions
to support reimplementation of their operational licensing basis.

On August 25, 2025, the NRC transitioned oversight of Palisades to the Reactor Oversight
Process (ROP).
M. Mlynarek                                   2



This letter, its enclosure, and your response (if any) will be made available for public inspection
and copying at http://www.nrc.gov/reading-rm/adams.html and at the NRC Public Document
Room in accordance with Title 10 of the Code of Federal Regulations 2.390, “Public
Inspections, Exemptions, Requests for Withholding.”

                                              Sincerely,
                                                                      Signed by Nguyen, April
                                                                      on 09/17/25



                                              April M. Nguyen, Lead
                                              Palisades Restart Team
                                              Division of Operating Reactor Safety

Docket No. 05000255
License No. DPR–20

Enclosure:
As stated

cc: Distribution via LISTSERV®
M. Mlynarek                                3



Letter to Michael Mlynarek from April Nguyen dated September 17, 2025.

SUBJECT:       PALISADES NUCLEAR PLANT – RESTART INSPECTION REPORT
               05000255/2025004

DISTRIBUTION:
Rodney Clagg
RidsNrrPMPalisades Resource
RidsNrrDorlLpl3
RidsNrrDroIrib Resource
Jack Giessner
Mohammed Shuaibi
Diana Betancourt-Roldan
John Pelchat
Jared Heck
Jennifer Dalzell
R3-DORS




ADAMS Accession Number: ML25260A036
                             ☒ Non-Sensitive                       ☒ Publicly Available
   ☒    SUNSI Review
                             ☐ Sensitive                           ☐ Non-Publicly Available
 OFFICE RIII               RIII
 NAME    JWinslow:anm      ANguyen
 DATE    09/17/2025        09/17/2025


                                     OFFICIAL RECORD COPY
                         U.S. NUCLEAR REGULATORY COMMISSION
                                    Inspection Report


Docket Number:              05000255


License Number:             DPR-20


Report Number:              05000255/2025004


Enterprise Identifier:      I-2025-004-0065


Licensee:                   Palisades Energy, LLC


Facility:                   Palisades Nuclear Plant


Location:                   Covert, MI


Inspection Dates:           July 01, 2025, to August 31, 2025


Inspectors:                 P. Cataldo, Senior Reactor Inspector, Region I
                            K. Fay, Senior Reactor Inspector
                            L. Flores, Resident Inspector, South Texas Project
                            N. Floyd, Senior Reactor Inspector, Region I
                            M. Gangewere, Senior Reactor Inspector
                            D. Hoang, Civil Engineer
                            D. Lanyi, Senior Operations Engineer, Region II
                            J. Mancuso, Senior Resident Inspector
                            E. Miller, Senior Reactor Inspector
                            T. Okamoto, Resident Inspector
                            C. Padilla, Reactor Inspector
                            J. Park, Senior Reactor Inspector
                            A. Shaikh, Senior Reactor Inspector
                            C. Speer, Reactor Systems Engineer
                            C. St. Peters, Senior Project Engineer
                            J. Winslow, Senior Project Engineer


Approved By:                April M. Nguyen, Lead
                            Palisades Restart Team
                            Division of Operating Reactor Safety




                                                                                 Enclosure
                                        SUMMARY

The U.S. Nuclear Regulatory Commission (NRC) performed inspection activities of the
licensee’s performance associated with the return to an operational status.

                              List of Findings and Violations

None.

                                Additional Tracking Items

None.




                                             2
PLANT STATUS

On August 25, 2025, Palisades notified the NRC that they rescinded their 10 CFR 50.82(a)(1)
certification, which removed the prohibition on operation and emplacement of fuel in the reactor.
Palisades also implemented the set of licensing actions to support reimplementation of their
operational licensing basis. On August 25, 2025, the NRC transitioned oversight of Palisades
to the Reactor Oversight Process (ROP).

The NRC is conducting inspections to evaluate and assess the licensee’s activities for
restoration to an operating status. The resident inspectors, as well as supplemental inspectors,
continue to provide daily oversight of the restart activities occurring at the site.

The unit ended the inspection period in a defueled status.

INSPECTION SCOPES

Inspections were conducted using the appropriate portions of the referenced inspection
procedures (IPs) in effect at the beginning of the inspection unless otherwise noted.
Currently approved IPs with their attached revision histories are located on the public website
at http://www.nrc.gov/reading-rm/doc-collections/insp-manual/inspection-procedure/index.html.

REACTOR SAFETY

71111.04 – Equipment Alignment

Partial Walkdown (IP Section 03.01)

    The inspectors evaluated system configurations during a partial walkdown of the following
    system/train:

    (1) emergency diesel generator (EDG) 1-2 during maintenance on EDG 1-1
        on August 6, 2025

71111.07 – Heat Exchanger/Sink Performance

Annual Review (IP Section 03.01)

    The inspectors observed and evaluated the licensee’s inspection and maintenance
    activities of the following heat exchanger:

    (1) component cooling water (CCW) heat exchanger E-54B from August 12, 2025 through
        August 22, 2025




                                                3
71111.08P - Inservice Inspection Activities (PWR)

    From July 1 through August 31, 2025, the inspectors observed and verified the licensee’s
    nondestructive examination (NDE) and repair/replacement activities of the reactor vessel
    closure head, Alloy 600 weld mitigation activities, and steam generator tube plugging,
    stabilization, and sleeving, conducted in accordance with the requirements of the
    ASME Code Section XI and other guidance documents. The purpose of these inspections
    was to verify that the reactor coolant system boundary, reactor vessel closure head, steam
    generators, and risk-significant piping system boundaries are appropriately monitored for
    degradation. The inspectors also verified that the examination results were thoroughly
    reviewed and appropriately evaluated, and that required corrective actions to address
    identified indications and defects are being appropriately implemented. During this quarter,
    the licensee conducted repair/replacement activities for the reactor vessel closure head,
    steam generator tubes, and Alloy 600 welds in the primary coolant system and in other
    areas. Further NRC inspections will monitor repair/replacement activities as they are
    conducted.

    The inspectors verified that the following NDE and repair/replacement activities were
    conducted appropriately per the ASME Code or required standard, and that any potential
    indications and defects were identified and evaluated at the proper thresholds:

Nondestructive Examination and Welding Activities (IP Section 03.01)

    (1) reactor vessel inside surface ultrasonic examination

Vessel Upper Head Penetration Inspection Activities (IP Section 03.02)

   (1) reactor head penetration Alloy 690 nozzle repair welds ultrasonic examinations
   (2) reactor head vent line repair welding

Steam Generator Tube Inspection Activities (IP Section 03.04)

   (1) steam generators ‘A’ and ‘B’ tube sleeving and eddy current testing

71111.13 – Maintenance Risk Assessments and Emergent Work Control

Risk Assessment and Management (IP Section 03.01)

    The inspectors evaluated the accuracy and completeness of risk assessments for the
    following planned work activities to ensure configuration changes and appropriate work
    controls were addressed:

   (1) risk management for work activities with the following equipment out of service:
       EDG 1-1 maintenance outage; battery charger 1; CCW pump P-52A; fire pump P-9B;
       and service water pump P-7C during the work week of August 11, 2025




                                               4
71111.20 – Refueling and Other Outage Activities

Refueling/Other Outage Sample (IP Section 03.01)

The inspectors verified that the following outage activities important to safety were appropriately
managed:

   (1) control of work activities and foreign material exclusion control during steam generator
       ‘B’ nozzle dam installation on July 1, 2025
   (2) primary coolant pump P-50B motor heavy lift activities in containment and spent fuel
       pool areas during work from July 17, 2025, to August 13, 2025
   (3) main generator rotor heavy lift and installation activities on August 21, 2025

Additionally, the inspectors verified that the licensee managed fatigue by ensuring workers
subject to the requirements in 10 CFR 26 Subpart 4 met all the requirements listed therein.

71111.24 – Testing and Maintenance of Equipment Important to Risk

The inspectors evaluated the following testing and maintenance activities to verify
system operability and/or functionality:

Post-Maintenance Testing (PMT) (IP Section 03.01)

   (1) post-maintenance testing following EDG 1-1 work window during the week of
       August 11, 2025

Diverse and Flexible Coping Strategies (FLEX) Testing (IP Section 03.02)

   (1) testing of FLEX pump P-990 and FLEX generators K-1 and K-2 on July 29 and 30, 2025
   (2) testing of FLEX pump P-1003 on August 27, 2025

71114.06 – Drill Evaluation

Additional Drill and/or Training Evolution

    The inspectors observed and evaluated the licensee’s performance during:

       (1) emergency preparedness exercise on July 29, 2025




                                                 5
OTHER BASELINE ACTIVITIES

71152 – Problem Identification and Resolution

System Return to Service

During the inspection period, the inspectors continued reviews of Phases I and II of the
licensee’s system return to service (SRTS) plans. The SRTS plans document licensee activities
to verify that the configuration and condition of systems, structures, and components (SSCs)
are consistent with the design and licensing bases to support potential restart. The inspectors
reviewed Phases I and II of the SRTS plans, which include areas such as licensing and
design-basis functions, system material conditions, reviewing open and deferred work
prior to shutdown, and program applicability. The inspectors conducted these reviews using
IP 71152, “Problem Identification and Resolution,” and IP 71111.21M, “Comprehensive
Engineering Team Inspection (CETI),” as applicable.

The inspectors commenced reviews of the SRTS plans for the following systems:

   •   datalogger

The inspectors completed initial reviews of the SRTS plans for the following systems:

   •   alternate shutdown panel
   •   containment isolations and penetrations
   •   containment air coolers
   •   digital electro-hydraulic controls
   •   emergency lighting
   •   spent fuel pool and auxiliary building HVAC

These systems were selected based on the importance of the SSCs during normal and
emergency plant operating conditions, risk significance and defense-in-depth of the SSC’s
specific functions and required work/modifications of the SSCs scheduled prior to potential
restart.

The inspectors evaluated the initial SRTS plans for each system to identify if planned licensee
activities will verify that the configuration and condition of the SSCs are consistent with the
proposed operational design and licensing bases to support restart and verify readiness of the
SSCs to support a return to service. The inspectors noted that the SRTS plans are intended to
be living documents with a phased approach to SRTS. As the licensee progresses through
the SRTS phases, the SRTS plans will undergo additional reviews by NRC inspectors to ensure
appropriate SSC restoration and operability/functionality.

INSPECTION RESULTS

No additional inspection results.




                                                6
EXIT MEETINGS AND DEBRIEFS

The inspectors verified no proprietary information was retained or documented in this report.

   •   On September 9, 2025, the inspectors presented the inspection results to M. Mlynarek,
       Site Vice President, and other members of the licensee staff.




                                               7
DOCUMENTS REVIEWED

Inspection Type                Designation       Description or Title                                        Revision or
Procedure                                                                                                    Date
71111.04   Procedures          SOP-22            Emergency Diesel Generators                                 85
71111.07A Corrective Action    25011445          E-54B ECT Possibly Affected by Tube Cleanliness             08/20/2025
           Documents
71111.08P Corrective Action    25010690          RVCH UT Inspection Results                                  07/26/2025
           Documents           CR 2024-3591      Rejectable PT Indications                                   12/17/2024
                               CR 2025-1653      Tube 105-112 (row-col) Sleeve Mid Expansion Inadvertently   06/13/2025
                                                 Performed Twice
                               CR 2025-1661      Palisades SG A, 05H TSP Sleeve Mid Expansion                06/11/2025
                                                 Inadvertently Performed Twice
           NDE Reports         180-9392377-000   Palisades Unit 1 Restart RPV ID Cladding Ultrasonic         0
                                                 Examination Final Report
           Procedures          54-ISI-619-001    Automated Ultrasonic Examination of Open Tube RPV           1
                                                 Closure Head Penetrations - Palisades Specific
                               PAL 1 D28 ETSS    3-Coil + Point Examination Technique Specification Sheet    0
                               #2
71111.13   Corrective Action   25011236          Sinkhole Starting Near Walkway                              08/14/2025
           Documents
71111.20   Corrective Action   25011226          Rigging plan change for P-50B Motor installation            08/13/2025
           Documents           25011481          Main Generator Rotor Rigging Jacket Tear                    08/21/2025
           Procedures          FHS-M-23          Movement of Heavy Loads in the Spent Fuel Pool Area         42
                               FHS-M-24          Movement of Heavy Loads in the Containment Building Area    42
                               MA-314            Movement of Heavy Loads in the Turbine Building             0
                               RFL-SG-2          S/G Primary Nozzle Dam Installation and Removal             11
                               WI 00584410-06    Primary Coolant Pump Motor Receipt, Movement, and           06/17/2025
                                                 Preoperational Checks
71111.24   Corrective Action   25010759          Working Order Enhancements for FLEX Hale Pump               07/29/2025
           Documents           25010942          Pin Hole Leak Found on Hale pump P-990                      08/04/2025
                               25010946          3 Yr FLEX Pump Testing Not Completed                        08/04/2025
                               25010960          Automatic Load Trip Setting Was Too Low                     08/04/2025
                               25011229          EDG 1-1 Governor Oil Drop During SOP-22 Testing             08/14/2025
                               25011239          DBA Load Exhaust Temperatures Missed During MO-7A-1         08/13/2024



                                                            8
Inspection   Type                Designation     Description or Title                                       Revision or
Procedure                                                                                                   Date
                                 25011267        This CR is to Document the Replacement of EMB-0116D        08/14/2025
                                                 (Q1) with a Q4 motor
                                 25011274        CK-DE412 OUTLET FITTING HAS LEAK                           08/14/2025
                                 25011278        XJ-802 Small Leak ~ 5 Drops A Minute                       08/14/2024
                                 25011286        Unexpected Alarm EK-0515                                   08/14/2025
             Procedures          OPS-201         Diverse and Flexible Coping Strategies (FLEX)              0
                                                 Program Document
                                 OPS-203         Palisades FLEX Program Document                            0
                                 SOP-22          Emergency Diesel Generators                                85
             Work Orders         00583510        FLEX Standby PM: K-1 FLEX Three Year Load Test (FSB A)     08/11/2025
                                 00583511        FLEX Standby PM: K-2 FLEX Three Year Load Test             08/11/2025
                                 00583512        FLEX Standby PM: P-990 Three Year Performance Test         08/11/2025
                                                 (FSB B)
                                 00583513        FLEX Standby PM: P-1003 Three Year Performance Test        08/27/2025
                                                 (FSB A)
71114.06     Corrective Action   25010825        EP Graded Exercise Objective Unsatisfactory                07/30/2025
             Documents           25010827        EP Graded Exercise Evaluation Criteria, N.2.3, Needs       07/30/2025
                                                 Improvement
                                 25010828        EP Graded Exercise Objective Unsatisfactory                07/30/2025
                                 25010830        EP Graded Exercise Evaluation Criteria Needs Improvement   07/30/2025
                                 25010833        EP Graded Exercise Evaluation Criteria B.3.2 Needs         07/30/2025
                                                 Improvement
                                 25010834        EP Graded Exercise Evaluation Criteria Needs Improvement   07/30/2025
                                 25010835        EP Graded Exercise Evaluation Criteria I.1.5 Needs         07/30/2025
                                                 Improvement
                                 25010837        EP Graded Exercise Objective, K.2 Needs Improvement        07/30/2025
71152        Miscellaneous       PLP-SRTSP-ASP   Alternate Shutdown Panel                                   0
                                 PLP-SRTSP-CIS   Containment Isolations and Penetrations (Airlocks)         0
                                 PLP-SRTSP-CRS   Containment Air Coolers System                             0
                                 PLP-SRTSP-DEH   Digital Electro-Hydraulic Controls                         0
                                 PLP-SRTSP-DTA   Datalogger                                                 0
                                 PLP-SRTSP-ELU   Emergency Lighting                                         0
                                 PLP-SRTSP-VAS   Spent Fuel Pool and Auxiliary Building HVAC                0



                                                            9
"
ML25241A323,2025501,2025-09-02,PALISADES NUCLEAR PLANT - EMERGENCY PREPAREDNESS BIENNIAL EXERCISE INSPECTION REPORT 05000255/2025501,https://www.nrc.gov/docs/ML2524/ML25241A323.pdf,0,archive/reports/ML25241A323/9e4dfc20b022db39ee23c7f6c29afadb4c8e178df78acdf6b7ec1e8ed04b7ec9.pdf,archive/reports/ML25241A323/9e4dfc20b022db39ee23c7f6c29afadb4c8e178df78acdf6b7ec1e8ed04b7ec9.txt,"                                           September 2, 2025
Mike Mlynarek
Site Vice President
Palisades Energy, LLC
27780 Blue Star Memorial Highway
Covert, MI 49043

SUBJECT:       PALISADES NUCLEAR PLANT - EMERGENCY PREPAREDNESS BIENNIAL
               EXERCISE INSPECTION REPORT 05000255/2025501

Dear Mike Mlynarek:

On July 31, 2025, the U.S. Nuclear Regulatory Commission (NRC) completed an inspection at
Palisades Nuclear Plant and discussed the results of this inspection with you and other
members of your staff. The results of this inspection are documented in the enclosed report.

No violations were identified during this inspection.

On June 13, 2022, Palisades ceased permanent power operations and subsequently removed
all fuel from the reactor, as detailed in the letter from Entergy to the NRC, “Certifications of
Permanent Cessation of Power Operations and Permanent Removal of Fuel from the Reactor
Vessel,” (ADAMS Accession No. ML22164A067). On September 28, 2023, Holtec
Decommissioning International, LLC (Holtec) submitted a letter to the NRC requesting
exemptions from certain portions of the requirements of Title 10 of the Code of Federal
Regulations (10 CFR) 50.82(a)(2) to pursue the potential reauthorization of power operations at
Palisades (ADAMS Accession No. ML23271A140). On July 24, 2025, the NRC approved an
exemption from the requirements of 10 CFR 50.82(a)(2), as detailed in the letter, “Palisades
Nuclear Plant - Exemption from the Requirements of 10 CFR 50.82(a)(2) Concerning the
Prohibition to Operate and Emplace Fuel in the Reactor Vessel,” (ADAMS Accession No.
ML25163A182).
M. Mlynarek                                     2


This letter, its enclosure, and your response (if any) will be made available for public inspection
and copying at http://www.nrc.gov/reading-rm/adams.html and at the NRC Public Document
Room in accordance with Title 10 of the Code of Federal Regulations 2.390, “Public
Inspections, Exemptions, Requests for Withholding.”

                                              Sincerely,
                                                                      Kutlesa, Jure signing on behalf
                                                                      of Ziolkowski, Michael
                                                                      on 09/02/25


                                              Michael E. Ziolkowski, Chief
                                              Security, Emergency Preparedness, and Incident
                                              Response Branch
                                              Division of Radiological Safety and Security

Docket No. 05000255
License No. DPR-20

Enclosure:
As stated

cc w/ encl: Distribution via LISTSERV
                                             3


Letter to M. Mlynarek from M. Ziolkowski dated September 2, 2025.

SUBJECT:      PALISADES NUCLEAR PLANT - EMERGENCY PREPAREDNESS BIENNIAL
              EXERCISE INSPECTION REPORT 05000255/2025501

DISTRIBUTION:
RidsNrrPMPalisades Resource
RidsNrrDorlLpl3
RidsNrrDroIrib Resource
Jack Giessner
Mohammed Shuaibi
Rodney Clagg
Diana Betancourt-Roldan
John Pelchat
Jared Heck
Jennifer Dalzell
R3-DORS
April Nguyen
Julie Winslow
Jefferson Clark
SOSBInspRptDistro@usnrc.onmicrosoft.com




ADAMS Accession Number: ML25241A323
 Entire Report:       ☒ Non-Sensitive                               ☒ Publicly Available
 ☒ SUNSI Review       ☐ Sensitive                                   ☐ Non-Publicly
                                                                    Available
 OFFICE    RIII/DRSS        RIII/DRSS
 NAME      TMcGowan:dc      MZiolkowski
 DATE      08/29/2025       09/02/2025
                                 OFFICIAL RECORD COPY
                        U.S. NUCLEAR REGULATORY COMMISSION
                                   Inspection Report


Docket Number:       05000255


License Number:      DPR-20


Report Number:       05000255/2025501


Enterprise Identifier: I-2025-501-0011


Licensee:            Palisades Energy, LLC


Facility:            Palisades Nuclear Plant


Location:            Covert, MI


Inspection Dates:    July 28, 2025, to July 31, 2025


Inspectors:          B. Jebbia, Operations Engineer
                     J. Kutlesa, Sr Emergency Preparedness Inspector
                     T. McGowan, Emergency Preparedness Inspector
                     K. Miller, Emergency Preparedness Specialist
                     J. Quichocho, Branch Chief
                     V. Myers, Sr Health Physicist
                     J. Winslow, Sr Project Engineer


Approved By:         Michael E. Ziolkowski, Chief
                     Security, Emergency Preparedness, and Incident Response Branch
                     Division of Radiological Safety and Security




                                                                               Enclosure
                                          SUMMARY

The U.S. Nuclear Regulatory Commission (NRC) performed inspections of the licensee’s
readiness to restart by conducting an emergency preparedness biennial exercise inspection at
Palisades Nuclear Plant.

                                 List of Findings and Violations

No violations were identified.

                                   Additional Tracking Items

None.




                                               2
INSPECTION SCOPES

Inspections were conducted using the appropriate portions of the inspection procedures (IPs) in
effect at the beginning of the inspection unless otherwise noted. Currently approved IPs with
their attached revision histories are located on the public website at http://www.nrc.gov/reading-
rm/doc-collections/insp-manual/inspection-procedure/index.html. The inspectors reviewed
selected procedures and records, observed activities, and interviewed personnel to assess
licensee performance and compliance with Commission rules and regulations, license
conditions, site procedures, and standards.

REACTOR SAFETY

71114.01 - Exercise Evaluation

Exercise Evaluation (1 Sample)

   (1)    The inspectors evaluated the biennial emergency plan exercise and evaluated
          emergency plan performance on July 29, 2025. The exercise scenario simulated an
          event at the Palisades Nuclear Plant that initiated with the declaration and notification
          of an Alert caused by a failure of the Reactor Protection System automatic trip when
          a Primary Coolant Pump experienced a rapid increase in vibration and tripped on
          overcurrent. The scenario conditions simulated the escalation of the significance of
          the event, requiring the declaration of a Site Area Emergency and a General
          Emergency which was communicated to the required state and local government
          agencies.

          The inspectors observed and evaluated the exercise at the site’s emergency
          response facilities, including the Control Room Simulator, the Technical Support
          Center, the Operations Support Center, and the Emergency Operations Facility.

          The inspectors observed that some Emergency Preparedness Implementing
          Procedures (EPIPs) were not consistent with the Site Emergency Plan. For example,
          the Technical Support Center (TSC) minimum staffing in the Emergency Plan states
          that minimum staffing to activate the TSC is 9 personnel. The TSC Activation
          Procedure (EI-4.1) is unclear in defining minimum staffing requirements. During the
          exercise the licensee staffed the TSC to the Emergency Plan required minimum
          staffing. The licensee entered this issue into their corrective action program as CR
          25011215. The NRC will inspect this issue during a future program/baseline
          inspection.

          The inspectors observed that the Emergency Response Data System (ERDS) was
          activated during the exercise, however data transmission to the NRC was not
          functioning. The licensee entered this issue into their corrective action program as CR
          25006740. The NRC will inspect this issue during a future program/baseline
          inspection.




                                                3
          During the inspection, the inspectors verified the licensee has developed and is
          implementing an emergency preparedness program that effectively protects the
          public health and safety. The inspectors familiarized themselves with relevant
          documentation which may include but is not limited to the licensee's emergency plan
          and site-specific and/or corporate implementing procedures.

          The inspectors reviewed the licensee plans:
             • for a standard emergency classification and action level scheme, the bases of
                 which include facility system and effluent parameters, is in use by the nuclear
                 facility licensee, and State and local response plans call for reliance on
                 information provided by facility licensees for determinations of minimum initial
                 offsite response measures;
             • that procedures have been established for notification, by the licensee, of
                 State and local response organizations and for notification of emergency
                 personnel by all organizations; the content of initial and follow-up messages to
                 response organizations and the public has been established;
             • that adequate methods, systems, and equipment for assessing and monitoring
                 actual or potential offsite consequences of a radiological emergency condition
                 are in use;
             • that a range of protective actions has been developed for the plume exposure
                 pathway EPZ for emergency workers and the public. In developing this range
                 of actions, consideration has been given to evacuation, sheltering, and, as a
                 supplement to these, the prophylactic use of potassium iodide (KI), as
                 appropriate. Evacuation time estimates have been developed by the licensee.
                 Guidelines for the choice of protective actions during an emergency,
                 consistent with Federal guidance, are developed and in place, and protective
                 actions for the ingestion exposure pathway EPZ appropriate to the locale have
                 been developed.

          The inspectors also conducted a review of past emergency preparedness inspection
          reports for the facility, to a level which provides assurance that the licensee is
          meeting or prepared to meet the NRC regulatory requirements within the emergency
          preparedness program area being inspected.

71114.08 - Exercise Evaluation - Scenario Review

Exercise Evaluation - Scenario Review (1 Sample)

   (1)    The inspectors reviewed and evaluated the proposed scenario for biennial
          emergency plan exercise on June 11, 2025.

INSPECTION RESULTS

No violations were identified.




                                               4
EXIT MEETINGS AND DEBRIEFS

The inspectors verified no proprietary information was retained or documented in this report.

   •   On July 31, 2025, the inspectors presented the emergency preparedness biennial
       exercise inspection results to Mike Mlynarek and other members of the licensee staff.




                                               5
DOCUMENTS REVIEWED
 Inspection Type                Designation     Description or Title                                      Revision or
 Procedure                                                                                                Date
 71114.01   Corrective Action   PAL-06740, CR   ERDS Connection to Existing PPC                           04/30/2025
            Documents           25006740
            Corrective Action   25011215        NRC Observation During Graded Exercise                    08/13/2015
            Documents
            Resulting from
            Inspection
            Procedures          EI-4.1          Technical Support Center Activation                       Draft
                                EI-4.2          Operations Support Center Activation                      Draft
                                HDI PNP 2022-   Palisades Nuclear Plant 2022 Evacuation Time Estimate     09/07/2022
                                032             Report
                                KLD TR – 24-    Palisades Power Plant 2023 Population Update Analysis     08/31/2023
                                1447
                                KLD TR – 24-    Palisades Power Plant 2024 Population Update Analysis     08/30/2024
                                1448
                                PNP SEP         Palisades Nuclear Plant Site Emergency Plan               Draft
                                04.07.2025
                                SEP Supp 1      Site Emergency Plan Supplement 1 - EAL Wall Charts        05/31/2018
 71114.08    Miscellaneous      PNP 2025-044    Updated 2025 Palisades Nuclear Plant Emergency Exercise   06/30/2025
                                                Scenario




                                                           6
"
ML25205A049,2025403,2025-07-24,PALISADES NUCLEAR PLANT - RESTART SECURITY INSPECTION REPORT 05000255/2025403,https://www.nrc.gov/docs/ML2520/ML25205A049.pdf,1,archive/reports/ML25205A049/3049f96339e187f5e37c1878bc77b590e0327453681711e3cba69c5f560cb80b.pdf,archive/reports/ML25205A049/3049f96339e187f5e37c1878bc77b590e0327453681711e3cba69c5f560cb80b.txt,"                 OFFICIAL USE ONLY – SECURITY-RELATED INFORMATION




                                           July 24, 2025
Mike Mlynarek
Site Vice President
Holtec Decommissioning International, LLC
Palisades Nuclear Plant
27780 Blue Star Memorial Highway
Covert, MI 49043

SUBJECT:       PALISADES NUCLEAR PLANT - RESTART SECURITY INSPECTION
               REPORT 05000255/2025403

Dear Mike Mlynarek:

On July 2, 2025, the U.S. Nuclear Regulatory Commission (NRC) completed an inspection at
Palisades Nuclear Plant and discussed the results of this inspection with you and other members
of your staff. The results of this inspection are documented in the enclosed report.

One Severity Level IV violation without an associated finding is documented in this report. We are
treating this violation as a non-cited violation (NCV) consistent with Section 2.3.2 of the
Enforcement Policy.

If you contest the violation or the significance or severity of the violation documented in this
inspection report, you should provide a response within 30 days of the date of this inspection
report, with the basis for your denial, to the U.S. Nuclear Regulatory Commission,
ATTN: Document Control Desk, Washington, DC 20555-0001; with copies to the Regional
Administrator, Region III; the Director, Office of Enforcement; the Director, Office of Nuclear
Security and Incident Response; and the NRC Resident Inspector at Palisades Nuclear Plant.

On June 13, 2022, Palisades ceased permanent power operations and subsequently removed
all fuel from the reactor, as detailed in the letter from Entergy to the NRC, “Certifications of
Permanent Cessation of Power Operations and Permanent Removal of Fuel from the Reactor
Vessel,” (ADAMS Accession No. ML22164A067). On September 28, 2023, Holtec
Decommissioning International, LLC (Holtec) submitted a letter to the NRC requesting
exemptions from certain portions of the requirements of Title 10 of the Code of Federal
Regulations (10 CFR) 50.82(a)(2) to pursue the potential reauthorization of power operations at
Palisades (ADAMS Accession No. ML23271A140). The NRC’s initial acceptance to review
Palisades’ request for exemptions was documented in ADAMS at Accession No. ML23291A440
on November 3, 2023.




 Enclosure(s) transmitted herewith contain(s) SUNSI. When separated from enclosure(s), this
                            transmittal document is decontrolled.

                 OFFICIAL USE ONLY – SECURITY-RELATED INFORMATION
                OFFICIAL USE ONLY – SECURITY-RELATED INFORMATION

M. Mlynarek                                   2

This letter will be made available for public inspection and copying at http://www.nrc.gov/reading-
rm/adams.html and at the NRC Public Document Room in accordance with Title 10 of the Code of
Federal Regulations 2.390, “Public Inspections, Exemptions, Requests for Withholding.”

The enclosed report contains Security-Related Information, so the enclosed report will not be
made publicly available in accordance with Title 10 of the Code of Federal Regulations
(10 CFR) 2.390(d)(1). If you choose to provide a response that contains Security-Related
Information, please mark your entire response “Security-Related Information–Withhold from public
disclosure under 10 CFR 2.390” in accordance with 10 CFR 2.390(d)(1) and follow the
instructions for withholding in 10 CFR 2.390(b)(1). The NRC is waiving the affidavit requirements
for your response in accordance with 10 CFR 2.390(b)(1)(ii).

                                            Sincerely,
                                                                   Signed by Ziolkowski, Michael
                                                                   on 07/24/25



                                            Michael E. Ziolkowski, Chief
                                            Security, Emergency Preparedness, and Incident
                                            Response Branch
                                            Division of Radiological Safety and Security

Docket No. 05000255
License No. DPR-20

Enclosure:
As stated

cc: M. Schultheis,
     Director Reg. & Site Strategies
    S. Summers,
     Site Security Manager
    D. Gagnon,
     Director Corporate Security
    A. Filbrandt,
     Supervisor Reg. Assurance
    T. R. Wentworth,
     Michigan State Liaison Officer

cc w/o encl: Distribution via LISTSERV®




                OFFICIAL USE ONLY – SECURITY-RELATED INFORMATION
                OFFICIAL USE ONLY – SECURITY-RELATED INFORMATION

M. Mlynarek                                  2

Letter to M. Mlynarek from M. Ziolkowski dated July, 24 2025.

SUBJECT:      PALISADES NUCLEAR PLANT – RESTART SECURITY INSPECTION REPORT
              05000255/2025403

DISTRIBUTION:
RidsNrrPMPalisades Resource
RidsNrrDorlLpl3
RidsNrrDroIrib Resource
Stacy Prasad
Jack Giessner
Mohammed Shuaibi
Tim Steadham
Diana Betancourt-Roldan
John Pelchat
Jared Heck
Jennifer Dalzell
Prema Chandrathil
Viktoria Mitlyng
R3-DORS
Jeremiah Rey
Desiree Davis
April Nguyen
Julie Winslow
Brice Bickett
Jannette Worosilo
Jesse Rollins
Jefferson Clark
DSODivision.Resource@nrc.gov
SOSBInspRptDistro@usnrc.onmicrosoft.com




Non-Public Designation Category: MD 3.4 Non-Public A.3
ADAMS Accession Number: ML25205A048 (Cover letter w/ enclosure(s))
ADAMS Accession Number: ML25205A049 (Cover letter)
 Entire Report:           ☐ Non-Sensitive                            ☐ Publicly Available
 ☒ SUNSI Review           ☒ Sensitive                                ☒ Non-Publicly Available
 Cover Letter Only:       ☒ Non-Sensitive                            ☒ Publicly Available
 ☒ SUNSI Review           ☐ Sensitive                                ☐ Non-Publicly Available
 OFFICE     RIII/DRSS     NSIR          RIII/DORS  RIII/DRSS
 NAME       Negan:dc      JRey          ANguyen    MZiolkowski
 DATE       07/24/2025    07/24/2025    07/24/2025 07/24/2025
                                    OFFICIAL RECORD COPY




                OFFICIAL USE ONLY – SECURITY-RELATED INFORMATION
"
ML25203A191,2025406,2025-07-23,PALISADES NUCLEAR PLANT – MATERIAL CONTROL AND ACCOUNTING PROGRAM INSPECTION REPORT 05000255/2025406,https://www.nrc.gov/docs/ML2520/ML25203A191.pdf,0,archive/reports/ML25203A191/84b2745ec985cb8e981a3330aa426bb80ebb7e0cb106931d4833a818ab5514d4.pdf,archive/reports/ML25203A191/84b2745ec985cb8e981a3330aa426bb80ebb7e0cb106931d4833a818ab5514d4.txt,"                OFFICIAL USE ONLY – SECURITY-RELATED INFORMATION




                                           July 23, 2025
Mike Mlynarek
Site Vice President
Holtec Decommissioning International, LLC
Palisades Nuclear Plant
27780 Blue Star Memorial Highway
Covert, MI 49043-9530

SUBJECT:       PALISADES NUCLEAR PLANT – MATERIAL CONTROL AND ACCOUNTING
               PROGRAM INSPECTION REPORT 05000255/2025406

Dear Mike Mlynarek:

On July 15, 2025, the U.S. Nuclear Regulatory Commission (NRC) completed an inspection
Palisades Nuclear Plant and discussed the results of this inspection with you and other
members of your staff. The results of this inspection are documented in the enclosed report.

No findings or violations of more than minor significance were identified during this inspection.

On June 13, 2022, Palisades ceased permanent power operations and subsequently removed
all fuel from the reactor, as detailed in the letter from Entergy to the NRC, “Certifications of
Permanent Cessation of Power Operations and Permanent Removal of Fuel from the Reactor
Vessel,” (ADAMS Accession No. ML22164A067). On September 28, 2023, Holtec
Decommissioning International, LLC (Holtec) submitted a letter to the NRC requesting
exemptions from certain portions of the requirements of Title 10 of the Code of Federal
Regulations (10 CFR) 50.82(a)(2) to pursue the potential reauthorization of power operations at
Palisades (ADAMS Accession No. ML23271A140). The NRC’s initial acceptance to review
Palisades’ request for exemptions was documented in ADAMS at Accession No. ML23291A440
on November 3, 2023.

This letter will be made available for public inspection and copying at
http://www.nrc.gov/reading-rm/adams.html and at the NRC Public Document Room in
accordance with Title 10 of the Code of Federal Regulations 2.390, “Public Inspections,
Exemptions, Requests for Withholding.”




 Enclosure(s) transmitted herewith contain(s) SUNSI. When separated from enclosure(s), this
                            transmittal document is decontrolled.

                OFFICIAL USE ONLY – SECURITY-RELATED INFORMATION
               OFFICIAL USE ONLY – SECURITY-RELATED INFORMATION

M. Mlynarek                                   2

The enclosed report contains Security-Related Information, so the enclosed report will not be
made publicly available in accordance with Title 10 of the Code of Federal
Regulations (10 CFR) 2.390(d)(1). If you choose to provide a response that contains Security-
Related Information, please mark your entire response “Security-Related Information–Withhold
from public disclosure under 10 CFR 2.390” in accordance with 10 CFR 2.390(d)(1) and follow
the instructions for withholding in 10 CFR 2.390(b)(1). The NRC is waiving the affidavit
requirements for your response in accordance with 10 CFR 2.390(b)(1)(ii).

                                             Sincerely,
                                                                   Signed by Nguyen, April
                                                                   on 07/23/25



                                             April Nguyen, Lead
                                             Palisades Restart Team
                                             Division of Operating Reactor Safety

Docket No. 05000255
License No. DPR–20

Enclosure:
As stated

cc: S. Summers, Site Security Manager
       Palisades Nuclear Plant
   T. R. Wentworth, State Liaison Officer,
       State of Michigan

cc w/o encl: Distribution via LISTSERV®




               OFFICIAL USE ONLY – SECURITY-RELATED INFORMATION
                  OFFICIAL USE ONLY – SECURITY-RELATED INFORMATION

M. Mlynarek                                         3

Letter to Mike Mlynarek from April Nguyen dated July 23, 2025.

SUBJECT:          PALISADES NUCLEAR PLANT – MATERIAL CONTROL AND ACCOUNTING
                  PROGRAM INSPECTION REPORT 05000255/2025406


DISTRIBUTION w/encl:
Stacy Prasad
Jack Giessner
Mohammed Shuaibi
SOSBInspRptDistro@usnrc.onmicrosoft.com


DISTRIBUTION w/o encl:
Tim Steadham
RidsNrrPMPalisades Resource
RidsNrrDorlLpl3
RidsNrrDroIrib Resource
Jack Giessner
Mohammed Shuaibi
Diana Betancourt-Roldan
John Pelchat
Jared Heck
Jennifer Dalzell
R3-DORS




Non-Public Designation Category: MD 3.4 Non-Public A.3
ADAMS Accession Number: ML25203A190 (Cover letter w/ enclosure(s))
ADAMS Accession Number: ML25203A191 (Cover letter)
 Entire Report:                   ☐ Non-Sensitive                ☐ Publicly Available
 ☐ SUNSI Review                   ☐ Sensitive                    ☐ Non-Publicly Available
 Cover Letter Only:               ☒ Non-Sensitive                ☒ Publicly Available
 ☒ SUNSI Review                   ☐ Sensitive                    ☐ Non-Publicly Available
 OFFICE            R-III          R-III
 NAME              TOkamoto:anm   ANguyen
 DATE              07/23/2025     07/23/2025

                                       OFFICIAL RECORD COPY




                  OFFICIAL USE ONLY – SECURITY-RELATED INFORMATION
"
ML25203A098,2025009,2025-07-22,PALISADES NUCLEAR PLANT – BIENNIAL PROBLEM IDENTIFICATION AND RESOLUTION INSPECTION REPORT 05000255/2025009,https://www.nrc.gov/docs/ML2520/ML25203A098.pdf,0,archive/reports/ML25203A098/b420bf61b5fe72e622132c88e2e737ecd61accc2b26fd080ef01057765479324.pdf,archive/reports/ML25203A098/b420bf61b5fe72e622132c88e2e737ecd61accc2b26fd080ef01057765479324.txt,"                                          July 22, 2025
Mike Mlynarek
Site Vice President
Holtec Decommissioning
International, LLC
Palisades Nuclear Plant
27780 Blue Star Memorial Highway
Covert, MI 49043-9530

SUBJECT:       PALISADES NUCLEAR PLANT – BIENNIAL PROBLEM IDENTIFICATION
               AND RESOLUTION INSPECTION REPORT 05000255/2025009

Dear Mike Mlynarek:

On June 27, 2025, the U.S. Nuclear Regulatory Commission (NRC) completed an inspection at
the Palisades Nuclear Plant. The enclosed inspection report documents the inspection results,
which the inspectors discussed on July 9, 2025, with yourself and other members of your staff.

No violations of more than minor significance were identified during this inspection.

On June 13, 2022, Palisades ceased permanent power operations and subsequently removed
all fuel from the reactor, as detailed in the letter from Entergy to the NRC, “Certifications of
Permanent Cessation of Power Operations and Permanent Removal of Fuel from the Reactor
Vessel,” (ADAMS Accession No. ML22164A067). On September 28, 2023, Holtec
Decommissioning International, LLC (Holtec) submitted a letter to the NRC requesting
exemptions from certain portions of the requirements of Title 10 of the Code of Federal
Regulations (10 CFR) 50.82(a)(2) to pursue the potential reauthorization of power operations at
Palisades (ADAMS Accession No. ML23271A140). The NRC’s initial acceptance to review
Palisades’ request for exemptions was documented in ADAMS at Accession No. ML23291A440
on November 3, 2023.
M. Mlynarek                                      2


This letter, its enclosure, and your response (if any) will be made available for public inspection
and copying at http://www.nrc.gov/reading-rm/adams.html and at the NRC Public Document
Room in accordance with Title 10 of the Code of Federal Regulations 2.390, “Public
Inspections, Exemptions, Requests for Withholding.”

                                              Sincerely,
                                                                      Signed by Nguyen, April
                                                                      on 07/22/25



                                              April Nguyen, Lead
                                              Palisades Restart Team
                                              Division of Operating Reactor Safety

Docket No. 05000255
License No. DPR–20

Enclosure:
As stated

cc w/ encl: Distribution via LISTSERV®
M. Mlynarek                                     3


Letter to Mike Mlynarek from April Nguyen dated July 22, 2025.

SUBJECT:        PALISADES NUCLEAR PLANT – BIENNIAL PROBLEM IDENTIFICATION
                AND RESOLUTION INSPECTION REPORT 05000255/2025009

DISTRIBUTION:
Tim Steadham
RidsNrrPMPalisades Resource
RidsNrrDorlLpl3
RidsNrrDroIrib Resource
Jack Giessner
Mohammed Shuaibi
Diana Betancourt-Roldan
John Pelchat
Jared Heck
Jennifer Dalzell
R3-DORS




ADAMS Accession Number: ML25203A098
                              ☒ Non-Sensitive                    ☒ Publicly Available
   ☒    SUNSI Review
                              ☐ Sensitive                        ☐ Non-Publicly Available
 OFFICE R-III               R-III
 NAME    JWinslow:anm       ANguyen
 DATE    07/22/2025         07/22/2025


                                      OFFICIAL RECORD COPY
                          U.S. NUCLEAR REGULATORY COMMISSION
                                     Inspection Report


Docket Numbers:              05000255


License Numbers:             DPR–20


Report Numbers:              05000255/2025009


Enterprise Identifiers:      I-2025-009-0000


Licensee:                    Holtec Decommissioning International, LLC


Facility:                    Palisades Nuclear Plant


Location:                    Covert, MI


Inspection Dates:            June 09, 2025, to June 27, 2025


Inspectors:                  M. Keefe-Forsyth, Safety Culture Program Manager
                             D. Lanyi, Senior Operations Engineer
                             S. Obadina, Reactor Operations Engineer
                             G. Stock, Reactor Operations Engineer (Observer)
                             D. Willis, Allegation Team Leader, Office of Enforcement
                             J. Winslow, Senior Project Engineer


Approved By:                 April M. Nguyen, Lead
                             Palisades Restart Team
                             Division of Operating Reactor Safety




                                                                                    Enclosure
                                         SUMMARY

The U.S. Nuclear Regulatory Commission (NRC) continued monitoring the licensee’s
performance by conducting a biennial problem identification and resolution inspection at
Palisades Nuclear Plant, in accordance with Inspection Manual Chapter 2562, “Light-Water
Reactor Inspection Program for Restart of Reactor Facilities following Permanent Cessation
of Power Operations.”

                               List of Findings and Violations

None.

                                 Additional Tracking Items

None.




                                              2
INSPECTION SCOPES

Inspections were conducted using the appropriate portions of the referenced inspection
procedures (IPs) in effect at the beginning of the inspection unless otherwise noted.
Currently approved IPs with their attached revision histories are located on the public website
at https://www.nrc.gov/reading-rm/doc-collections/insp-manual/inspection-procedure/index.html.

OTHER ACTIVITIES

71152 - Problem Identification and Resolution

Biennial Team Inspection (IP Section 03.04)

The inspectors performed an assessment of the effectiveness of the licensee’s Problem
Identification and Resolution program, use of operating experience, self-assessments
and audits, and safety-conscious work environment.

INSPECTION RESULTS

  Assessment                                                                           71152
  Corrective Action Program Effectiveness

  The inspectors assessed the effectiveness of the license’s Problem Identification and
  Resolution program in identifying, prioritizing, evaluating, and correcting problems. Based on
  the samples reviewed, the inspectors concluded that the licensee’s implementation of the
  Corrective Action Program (CAP) was generally effective and supported nuclear safety.

  Problem Identification

  Based on the items reviewed, the inspectors concluded that the licensee identifies issues
  at a low threshold and appropriately enters these issues into the CAP. The inspectors
  determined that the licensee usually enters problems into the CAP completely and
  accurately. The licensee reviews CAP data for issue trending. However, due to the lower
  number of issue reports in the CAP, most trends are identified through cognitive trending.

  The inspectors performed a 5-year review of the component cooling water system. As part
  of this review, the inspectors reviewed the system return to service plan, walked down the
  system, and reviewed selective corrective actions and condition evaluation documents.

  Problem Prioritization and Evaluation

  Based on the items reviewed, the inspectors determined that the licensee was generally
  effective at prioritizing and thoroughly evaluating issues commensurate with the safety
  significance of the identified problem. The Issue Report Screening Committee and the
  Management Review Committee meetings were generally thorough and intrusive in reviewing
  issues and prioritizing actions. In addition, the inspectors observed a healthy dialogue
  between the members of these committees. The members were engaged and challenged
  each other when dispositioning issues.




                                                3
The inspectors reviewed the apparent cause evaluation (ACE) associated issue report
PAL-03752, Palisades Steam Generator Tube Inspection and Repair. It was noted that,
contrary to RA-102, Corrective Action Program, section 3.4, the ACE did not include an
extent of condition review. The licensee identified this gap during performance of their
Biennial Problem Identification and Resolution Inspection Self-Assessment, where several
ACEs did not include an extent of condition. The trend was entered into the CAP as
Issue Report (IR) PAL-07331 and the licensee is implementing corrective actions. The
inspectors did not identify any additional concerns in this area.

Corrective Actions

Based on the items reviewed, the inspectors determined that the licensee was generally
effective in corrective action implementation. In general, corrective actions for deficiencies
that were safety significant were implemented in a timely manner.

The inspectors noted that the licensee identified a trend in unsatisfactory closure of corrective
actions. Specifically, the trend identified instances where corrective actions were not
performed as prescribed and objective evidence of closure was not provided. The licensee
performed a performance analysis of the trend and corrective actions are planned.

Assessment                                                                             71152
Use of Operating Experience

The inspectors assessed the effectiveness of the licensee’s process for use of operating
experience. The inspectors noted that the licensee reviewed industry and NRC operating
experience information for applicability to the station. Operating experience lessons learned
were communicated and incorporated into plant operations. However, full implementation of
the licensee’s operating experience program, including the program procedures, is planned
for later in the restart process and the inspectors could not fully assess the implementation of
operating experience as part of this inspection. The NRC resident inspectors will assess full
implementation of the operating experience program as part of their routine CAP reviews.

Assessment                                                                             71152
Self-Assessments and Audits

The inspectors assessed the effectiveness of the licensee’s identification and correction of
problems identified through audits and self-assessments. The inspectors determined that
the licensee’s self-assessments and audits were generally effective. The licensee conducted
self-assessments and quality assurance audits throughout the organization. These
assessments and audits were generally effective in identifying issues and opportunities for
improvement at an appropriate threshold. Deficiencies identified in the licensee’s processes
were addressed through the CAP.

The inspectors noted that a quality assurance audit of the CAP identified the program
elements of identification and evaluation as unsatisfactory. Deficiencies were identified
during the Biennial Problem Identification and Resolution Inspection Self-Assessment and
the quality assurance CAP audit and entered into the CAP process. The inspectors did not
identify any additional concerns in this area.




                                               4
  Assessment                                                                          71152
  Safety Culture and Safety-Conscious Work Environment

  The inspectors assessed the effectiveness of the station’s programs to establish and maintain
  a safety-conscious work environment. During this assessment, the inspectors conducted
  focus groups and interviews of over 90 individuals in multiple departments including
  Operations, Security, Maintenance, Radiation Protection, Chemistry, and Engineering.
  In addition, the team reviewed documents associated with Safety Culture survey results and
  procedures associated with the Employee Concerns Program (ECP).

  The team observed a Nuclear Safety Culture Monitoring Panel meeting and found it to be
  aligned with the site’s procedure and the NEI 09-07 “Fostering a Healthy Nuclear Safey
  Culture” guidance. The team observed the panel members engaging in robust dialogue and
  self-assessment during the meeting. They asked each other thoughtful, probing questions
  to understand the safety culture related information being discussed.

  Based on interviews, the inspectors determined that the licensee has maintained a
  safety-conscious work environment (SCWE) where personnel feel free to raise safety
  concerns without fear of retaliation, intimidation, harassment, or discrimination. All staff
  interviewed stated that they would not hesitate to raise nuclear safety and security concerns
  through multiple avenues including supervisors and managers, and the CAP. The inspectors
  found that personnel indicated they were aware of the ECP, knew who managed it, and how
  to get in touch with that manager. The inspectors determined that trust seems to permeate
  the work environment from the top down, and that no one had concerns about retaliatory
  behavior for raising issues.

EXIT MEETINGS AND DEBRIEFS

The inspectors verified no proprietary information was retained or documented in this report.

   •   On July 9, 2025, the inspectors presented the inspection results to M. Mlynarek,
       Site Vice President, and other members of the licensee staff.




                                               5
DOCUMENTS REVIEWED

Inspection   Type                Designation   Description or Title                                        Revision or
Procedure                                                                                                  Date
71152        Corrective Action   PAL-01475     Calculation Missing from Plant Records                      10/24/2023
             Documents           PAL-01683     Engineering Change Needed for Part 21 on Battery Chargers   01/09/2024
                                 PAL-02004     Replace Station Batteries ED-01 and ED-02                   03/26/2024
                                 PAL-02204     Evaluate Installation of Control Switch Robust Barriers     05/03/2024
                                 PAL-02207     NSRB Identified Water Near ‘A’ 4160V Bus                    05/03/2024
                                 PAL-02520     Steam Generators E-50A and E-50B Layup Since 2022           06/20/2024
                                 PAL-03260     Foreign Material Exclusion (FME)                            09/16/2024
                                 PAL-03433     M&TE Quality Control Code                                   10/02/2024
                                 PAL-03672     Corrosion Build-Up and Evidence of Leakage on CV-0946       10/18/2024
                                 PAL-03673     Tripping Hazard in CCW Room Due to Elevated                 10/18/2024
                                               Epoxy Coating
                                 PAL-03674     Unknown Leakage/Discharge Found in T-3 CCW Surge            10/18/2024
                                               Tank Room
                                 PAL-03752     Palisades Steam Generator Tube Inspection and Repair        10/22/2024
                                 PAL-03759     K-6A, EDG 1-1 Exhaust and Lube Oil Leak                     10/22/2024
                                 PAL-03945     P-54B, Containment Spray Pump, Leaks Oil                    10/31/2024
                                 PAL-04949     NRC Identified - L-3 (Spent Fuel Pool Crane) Readings       01/16/2025
                                 PAL-05012     Expand the EOC Regarding M&TE                               01/20/2025
                                 PAL-05083     IER L2-12-14, Automatic Reactor Scram Resulting from a      01/23/2025
                                               Design Vulnerability in the 4.16kV bus
                                 PAL-05586     Multiple CAs Were Identified as Being Closed                02/20/2025
                                               Without Quality
                                 PAL-05756     Adverse Trend in Foreign Material in Spent Fuel Pool        03/03/2025
                                 PAL-06115     Trend in Accredited Training Program Exam Security          03/24/2025
                                 PAL-06172     Maintenance / Work Management Assignment                    03/27/2025
                                               PAL-05161-02 is Missing Closure Notes and an Attachment
             Corrective Action   PAL-07759     NRC Identified: IR Voided Without Explanation               06/12/2025
             Documents           PAL-08024     NRC Identified: OPS610 References Old Procedure             06/24/2025
             Resulting from      PAL-08034     NRC Observation: Deficiencies in Signage vs. Logbook        06/25/2025
             Inspection          PAL-08043     NRC Observation: Housekeeping Issues                        06/25/2025
             Engineering         EC 86357      Installation of Temporary Shaft Packing Gland Support for   0



                                                          6
Inspection   Type               Designation   Description or Title                                         Revision or
Procedure                                                                                                  Date
             Changes                          Manual Actuator Side of CV-0944A (Cooling Water to SFP &
                                              RW Evaporators)
             Miscellaneous                    Management Review Committee (MRC) Screening Packages         Various
                                              Issue Report (IR) Screening Committee Packages               Various
                                              System Return to Service Plan – Component Cooling Water      0
                                              System
                                              USA Alliance 2024 Holtec Palisades Nuclear Station Nuclear   November
                                              Safety Culture Assessment Survey                             2024
             Procedures         DSP-RA-002    Decommissioning Employee Concern Program                     0
                                EC-100        Employee Concern Program                                     Draft*
                                OM-003        Nuclear Safety Culture Monitoring Report                     02/25/2025
                                OM-003        Nuclear Safety Culture Monitoring                            12/12/2024
                                PI-001        Corrective Action Program                                    0
                                PI-002        Causal Analysis Process                                      0
                                PI-003        Self-Assessment and Benchmark Process                        0
                                PI-004        Trending and Performance Review Process                      0
                                PI-007        Management Review Committee Process                          0
                                RA-102        Corrective Action Program                                    0
                                WI-MA-350     Spent Fuel Pool Crane L-3 Periodic Inspection                0
             Self-Assessments   PAL-02097     Biennial Evaluation of the Corrective Action Program         05/23/2025
                                PAL-04837     Pre-Startup Self-Assessment                                  01/10/2025




                                                         7
"
ML25197A764,2025003,2025-07-17,PALISADES NUCLEAR PLANT – RESTART INSPECTION REPORT 05000255/2025003,https://www.nrc.gov/docs/ML2519/ML25197A764.pdf,0,archive/reports/ML25197A764/f9ae1d33b4fb18d34fe2286bc67b5f3f91726dd7d8bb2459c07a0db9f029e571.pdf,archive/reports/ML25197A764/f9ae1d33b4fb18d34fe2286bc67b5f3f91726dd7d8bb2459c07a0db9f029e571.txt,"                                          July 17, 2025
Mike Mlynarek
Site Vice President
Holtec Decommissioning
International, LLC
Palisades Nuclear Plant
27780 Blue Star Memorial Highway
Covert, MI 49043-9530

SUBJECT:       PALISADES NUCLEAR PLANT – RESTART INSPECTION REPORT
               05000255/2025003

Dear Mr. Mike Mlynarek:

On June 30, 2025, the U.S. Nuclear Regulatory Commission (NRC) completed an inspection at
the Palisades Nuclear Plant. The enclosed inspection report documents the inspection results,
which the inspectors discussed on July 15, 2025, with yourself and other members of your staff.

No violations of more than minor significance were identified during this inspection.

On June 13, 2022, Palisades ceased permanent power operations and subsequently removed
all fuel from the reactor, as detailed in the letter from Entergy to the NRC, “Certifications of
Permanent Cessation of Power Operations and Permanent Removal of Fuel from the Reactor
Vessel,” (ADAMS Accession No. ML22164A067). On September 28, 2023, Holtec
Decommissioning International, LLC (Holtec) submitted a letter to the NRC requesting
exemptions from certain portions of the requirements of Title 10 of the Code of Federal
Regulations (10 CFR) 50.82(a)(2) to pursue the potential reauthorization of power operations at
Palisades (ADAMS Accession No. ML23271A140). The NRC’s initial acceptance to review
Palisades’ request for exemptions was documented in ADAMS at Accession No. ML23291A440
on November 3, 2023.
M. Mlynarek                                      2


This letter, its enclosure, and your response (if any) will be made available for public inspection
and copying at http://www.nrc.gov/reading-rm/adams.html and at the NRC Public Document
Room in accordance with Title 10 of the Code of Federal Regulations 2.390, “Public
Inspections, Exemptions, Requests for Withholding.”

                                              Sincerely,
                                                                      Signed by Nguyen, April
                                                                      on 07/17/25



                                              April M. Nguyen, Lead
                                              Palisades Restart Team
                                              Division of Operating Reactor Safety

Docket No. 05000255
License No. DPR–20

Enclosure:
As stated

cc: Distribution via LISTSERV®
M. Mlynarek                                     3


Letter to Mike Mlynarek from April Nguyen dated July 17, 2025.

SUBJECT:        PALISADES NUCLEAR PLANT – RESTART INSPECTION REPORT
                05000255/2025003

DISTRIBUTION:
Tim Steadham
RidsNrrPMPalisades Resource
RidsNrrDorlLpl3
RidsNrrDroIrib Resource
Jack Giessner
Mohammed Shuaibi
Diana Betancourt-Roldan
John Pelchat
Jared Heck
Jenniffer Dalzell
R3-DORS




ADAMS Accession Number: ML25197A764
                              ☒ Non-Sensitive                    ☒ Publicly Available
   ☒    SUNSI Review
                              ☐ Sensitive                        ☐ Non-Publicly Available
 OFFICE R-III               R-III
 NAME    JWinslow:anm       ANguyen
 DATE    07/16/2025         07/17/2025


                                      OFFICIAL RECORD COPY
                         U.S. NUCLEAR REGULATORY COMMISSION
                                    Inspection Report


Docket Number:              05000255


License Number:             DPR–20


Report Number:              05000255/2025003


Enterprise Identifier:      I-2025-003-0065


Licensee:                   Holtec Decommissioning International, LLC


Facility:                   Palisades Nuclear Plant


Location:                   Covert, MI


Inspection Dates:           May 01, 2025, to June 30, 2025


Inspectors:                 P. Cataldo, Senior Reactor Inspector, Region I
                            L. Flores, Resident Inspector, South Texas Project
                            N. Floyd, Senior Reactor Inspector, Region I
                            A. Golio, Reactor Inspector, Region I
                            N. Hansing, Mechanical Engineer
                            D. Hoang, Civil Engineer
                            K. Kirchbaum, Senior Operations Engineer, Region II
                            D. Lanyi, Senior Operations Engineer, Region II
                            J. Mancuso, Senior Resident Inspector
                            K. Mangan, Senior Reactor Inspector
                            D. McHugh, Reactor Inspector
                            E. Miller, Senior Reactor Inspector
                            V. Myers, Senior Health Physicist
                            T. Okamoto, Resident Inspector
                            C. Padilla, Reactor Inspector
                            J. Robb, Operations Engineer
                            A. Shaikh, Senior Reactor Inspector
                            C. Speer, Reactor Systems Engineer
                            C. St. Peters, Senior Project Engineer
                            K. Warner, Senior Health Physicist, Region I
                            J. Winslow, Senior Project Engineer




                                                                                  Enclosure
Approved By:   April M. Nguyen, Lead
               Palisades Restart Team
               Division of Operating Reactor Safety




                                2
                                            SUMMARY

The U.S. Nuclear Regulatory Commission (NRC) performed inspections of the licensee’s
activities to verify that modifications performed during increased risk-significant configurations
that could cause initiating events or impact the availability and functional capability of mitigating
systems or barriers are identified and resolved; to verify that the safety functions of important
safety systems and the design bases, licensing bases, and performance capability of systems,
structures, and components (SSCs) have not been degraded through modifications; to verify
that appropriate risk assessments and corresponding work controls and risk management
actions are implemented during planned and emergent maintenance activities; to verify that the
reactor coolant system boundary, reactor vessel head, and risk-significant piping system
boundaries are appropriately monitored for degradation and that required repairs and
replacements are appropriately examined and accepted; SSCs are appropriately inspected,
maintained, and tested to ensure they can perform their required safety functions for potential
restart; and radiation safety activities are appropriately performed.

                                 List of Findings and Violations

None.

                                    Additional Tracking Items

None.




                                                  3
PLANT STATUS

The Palisades Nuclear Plant ceased power operations and subsequently removed all fuel from
the reactor, as certified in a letter to the NRC on June 13, 2022. On September 28, 2023, Holtec
Decommissioning International, LLC (Holtec) submitted a letter to the NRC requesting
exemptions from certain portions of the requirements of 10 CFR 50.82(a)(2) to pursue the
potential reauthorization of power operations. The NRC is conducting inspections to evaluate
and assess the licensee’s activities for potential restoration to an operational status.

The resident inspectors, as well as supplemental inspectors, continue to provide daily oversight
of the restart activities occurring at the site.

INSPECTION SCOPES

Inspections were conducted using the appropriate portions of the referenced inspection
procedures (IPs) in effect at the beginning of the inspection unless otherwise noted. Currently
approved IPs with their attached revision histories are located on the public website at
http://www.nrc.gov/reading-rm/doc-collections/insp-manual/inspection-procedure/index.html.

REACTOR SAFETY

71111.01 – Adverse Weather Protection

Impending Severe Weather (IP Section 03.02)

   (1)   The inspectors evaluated the adequacy of the overall preparations to protect
         risk-significant systems from impending heavy rainfall during the week of
         June 23, 2025. The inspectors focused their reviews on external flood protection
         measures for the service water system and turbine building.

71111.04 – Equipment Alignment

Partial Walkdown (IP Section 03.01)

    The inspectors evaluated system configurations during a partial walkdown of the following
    system/train:

    (1) Emergency diesel generator 1-1 during the rear-bus outage on May 7, 2025

71111.05 – Fire Protection

Fire Area Walkdown and Inspection (IP Section 03.01)

    The inspectors evaluated the implementation of the fire protection program during work
    on the National Fire Protection Association (NFPA) 805 modification project by conducting
    a walkdown and performing a review to verify program compliance, equipment functionality,
    material condition, and operational readiness of the following fire areas:

    (1) Pre-fire Plan Area 3: 1D switchgear room & north cableway on May 22, 2025




                                                4
71111.07 – Heat Exchanger/Sink Performance

Annual Review (IP Section 03.01)

    The inspectors observed and evaluated the licensee’s inspection and maintenance
    activities of the following heat exchanger:

    (1) Component cooling water (CCW) heat exchanger E-54A from May 29, 2025 through
        June 12, 2025

71111.08P - Inservice Inspection Activities (PWR)

    From May 1 through June 30, 2025, the inspectors observed and verified the
    licensee’s nondestructive examination (NDE) and repair/replacement activities of the
    reactor vessel closure head, Alloy 600 weld mitigation activities, and steam generator
    plugging, stabilization, and sleeving, conducted in accordance with the requirements of the
    ASME Code Section XI and other guidance documents. The purpose of these inspections
    was to verify that the reactor coolant system boundary, reactor vessel closure head, steam
    generators, and risk-significant piping system boundaries are appropriately monitored for
    degradation. The inspectors also verified that the examination results were thoroughly
    reviewed and appropriately evaluated, and that required corrective actions to address
    identified indications and defects are being appropriately implemented. During this quarter,
    the licensee conducted repair/replacement activities for the reactor vessel closure head,
    steam generator tubes, and Alloy 600 welds in the primary coolant system and in other
    areas. Further NRC inspections will monitor repair/replacement activities as they are
    conducted.

    The inspectors verified that the following NDE and repair/replacement activities were
    conducted appropriately per the ASME Code or required standard, and that any potential
    indications and defects were identified and evaluated at the proper thresholds:

Nondestructive Examination and Welding Activities (IP Section 03.01)

    (1) Safety Injection nozzle 1A, 1B, 2A, and 2B weld overlays ultrasonic examination reports
    (2) Safety Injection valve 1A, 1B, 2A, and 2B weld overlays ultrasonic examination reports
    (3) Pressurizer surge line nozzle weld overlay ultrasonic examination reports

Vessel Upper Head Penetration Inspection Activities (IP Section 03.02)

   (1) Reactor head penetration Alloy 690 nozzle welding

Steam Generator Tube Inspection Activities (IP Section 03.04)

    (1) Steam generator ‘A’ tube sleeving and eddy current testing




                                               5
71111.13 – Maintenance Risk Assessments and Emergent Work Control

Risk Assessment and Management (IP Section 03.01)

    The inspectors evaluated the accuracy and completeness of risk assessments for the
    following planned work activities to ensure configuration changes and appropriate work
    controls were addressed:

    (1) Risk management for the coordination of activities involving foreign material recovery
        during steam generator ‘A’ repair work, reactor vessel head weld machine
        troubleshooting, and rear-bus outage during the work week of May 5, 2025

71111.18 – Plant Modifications

Permanent Modifications (IP Section 03.02)

    The inspectors evaluated the following permanent modification:

    (1) Alternate spent fuel pool cooling modification and core boring activities on June 2, 2025

71111.20 – Refueling and Other Outage Activities

Refueling/Other Outage Sample (IP Section 03.01)

The inspectors verified that the following outage activities important to safety were appropriately
managed:

   (1) Control room performance during primary coolant system drain-down to midloop and
       temporary head lift on May 22, 2025
   (2) Clearance and foreign material exclusion control during steam generator ‘B’ nozzle
       dam installation mock-up training on June 11, 2025

RADIATION SAFETY

Radiation Safety – Occupational and Public

From June 23, 2025, to June 27, 2025, the inspectors evaluated various activities related to
occupational and public radiation safety. The inspectors looked at various aspects of the
radiological effluent controls and radiological environmental monitoring programs. This included
review of the newly revised Offsite Dose Calculation Manual (ODCM) that, for restart purposes,
re-incorporated portions of the manual that had been removed while in decommissioning.
This included review of items such as iodine sampling in the environment and secondary side
effluent monitoring instrumentation requirements. The inspectors reviewed this revision against
the revision in place prior to shutdown and assessed any difference between these revisions
for technical validity. The inspectors also reviewed the 2024 Radioactive Effluent Release
Report and Radiological Environmental Operating Report. In addition, the inspectors observed
preparation of a liquid batch discharge (LRW-062625). This included direct observations of



                                                 6
tank sampling, analysis of the samples for gamma emitters and tritium, preparation of the liquid
discharge permit, and dose calculations.

The inspectors also focused on various aspects of the installed radiation monitoring
instrumentation system. This included review of calibration/maintenance records for the spent
fuel pool area radiation monitors (RIA-2313 and RIA-5709) and the radwaste ventilation monitor
(RIA-1809), which have been maintained since the facility was shutdown. In addition, the
inspectors assessed aspects of radiation monitoring instrumentation that are not required in the
current state but are expected to be re-incorporated into the operational Technical
Specifications (TS). This included a record review of the recent calibration of the west
engineered safeguards room ventilation radiation monitor (RIA-1811) and direct observation of
the calibration of the containment atmosphere gaseous activity monitor (RIA-1817) from both
the control room and the detector location in containment.

In addition, the inspectors performed various walkdowns of the facility. This included walkdowns
of the auxiliary building and track alley, which contain components of the liquid and gaseous
effluent systems. The inspectors also walked down the containment building to observe
radiological postings and controls for ongoing work activities and interviewed staff in relation to
radiological controls.

The inspectors conducted these reviews using IP 71124.01 Radiological Hazard Assessment
and Exposure Controls, IP 71124.05, “Radiation Monitoring Instrumentation,” IP 71124.06
“Radioactive Gaseous and Liquid Effluent Treatment,” and IP 71124.07 “Radiological
Environmental Monitoring Program.”

OTHER BASELINE ACTIVITIES

71152 – Problem Identification and Resolution

System Return to Service

During the inspection period, the inspectors continued reviews of Phases I and II of the
licensee’s system return to service (SRTS) plans. The SRTS plans document licensee activities
to verify that the configuration and condition of Systems, Structures, and Components (SSCs)
are consistent with the design and licensing bases to support potential restart. The inspectors
reviewed Phases I and II of the SRTS plans, which include areas such as licensing and
design-basis functions, system material conditions, reviewing open and deferred work prior to
shutdown, and program applicability. The inspectors conducted these reviews using IP 71152,
“Problem Identification and Resolution,” and IP 71111.21M, “Comprehensive Engineering Team
Inspection (CETI),” as applicable.

The inspectors commenced reviews of the SRTS plans for the following systems:
   • alternate shutdown panel
   • buildings and grounds
   • chemical addition
   • containment isolations and penetrations
   • containment purge


                                                 7
   •   containment air coolers
   •   digital electro-hydraulics
   •   turbine electro-hydraulic controls
   •   emergency lighting
   •   feedwater purity air
   •   main steam
   •   spent fuel pool and auxiliary building

The inspectors completed initial reviews of the SRTS plans for the following systems:
   • air ejection
   • steam generator blowdown
   • condensate and condenser
   • containment building and miscellaneous equipment
   • containment spray
   • diesel generator room heating, ventilation, and air conditioning (HVAC)
   • demineralized makeup water
   • domestic water
   • high pressure safety injection
   • engineered safeguards room HVAC
   • fuel handling
   • heaters, extraction steam, and drains
   • high pressure air
   • hydrogen monitoring
   • instrument air and service air
   • miscellaneous gas
   • pressurizer pressure and level control
   • radiation monitoring
   • liquid radioactive waste
   • solid radioactive waste
   • reactor primary shield cooling
   • electrical equipment, switchgear, and cable spreading room HVAC
   • switchyard
   • waste gas system

These systems were selected based on the importance of the SSCs during normal and
emergency plant operating conditions, risk significance and defense-in-depth of the SSC’s
specific functions and required work/modifications of the SSCs scheduled prior to potential
restart.

The inspectors evaluated the initial SRTS plans for each system to identify if planned licensee
activities will verify that the configuration and condition of the SSCs are consistent with the
proposed operational design and licensing bases to support restart and verify readiness of the
SSCs to support a return to service. The inspectors noted that the SRTS plans are intended to
be living documents with a phased approach to SRTS. As the licensee progresses through the




                                                8
SRTS phases, the SRTS plans will undergo additional reviews by NRC inspector to ensure
appropriate SSC restoration and operability/functionality.

INSPECTION RESULTS

No additional inspection results.

EXIT MEETINGS AND DEBRIEFS

The inspectors verified no proprietary information was retained or documented in this report.

   •   On July 15, 2025, the inspectors presented the inspection results to M. Mlynarek,
       Site Vice President, and other members of the licensee staff.




                                               9
DOCUMENTS REVIEWED


Inspection   Type                Designation       Description or Title                                           Revision or
Procedure                                                                                                         Date
71111.01     Engineering         DBD-7.08          Plant Protection Against Flooding                              6
             Evaluations
             Procedures          AOP-38            Acts of Nature                                                 23
71111.04     Corrective Action   PAL-03759         K-6A EDG 1-1 Exhaust and Lube Oil Leak                         10/22/2025
             Documents           PAl-03897         Oil On EDG 1-1 3L Head Cover                                   10/29/2025
                                 PAL-03899         EDG 1-1 Minor Lube Oil Leak                                    10/29/2025
                                 PAL-03900         EDG 1-1 Jacket Water Leak                                      10/29/2024
             Procedures          SOP-22            Emergency Diesel Generator 1-1                                 85
71111.05     Fire Plans          PFP               Pre-Fire Plan                                                  6
             Procedures          EN-MA-133         Control of Scaffolding                                         25
71111.07A    Corrective Action   PAL-07568         CCW Heat Exchanger, E54-A, Drawing M0014, Sh. 0026,            06/06/2025
             Documents                             Rev. 8 Error
                                 PAL-07821         Tubes Identified for Plugging on E-54A CCW Heat Exchanger      06/16/2025
                                 PAL-07956         Weeping Welded Plugs Identified on E-54A                       06/20/2025
             Procedures          SEP-HX-PLP-       Heat Exchanger Condition Assessment Program                    0
                                 001
                                 WI-MA-302       Component Cooling Water Heat Exchanger Maintenance               0
             Work Orders         WO 00583173-07 E-54A Inspect “As-Found” Condition of Heat Exchanger Tubes        05/29/2025
                                 WO 583173-08    Eddy Current Report for Holtec International Palisades Nuclear   06/2025
                                                 Power Plant Unit 1 CCW E-54A
71111.08P    NDE Reports         PAL1-ISI-VE-24- Pressurizer Surge Elbow to Safe End Weld                         03/05/2025
                                 0004
                                 PAL1-ISI-VE-24- Pressure Operated Relief Valve (PORV) Nozzle to Safe End Weld    03/05/2025
                                 001
                                 PAL1-ISI-VE-24- Pressurizer Surge Line Nozzle to Safe End Weld                   03/05/2025
                                 002
                                 PAL1-ISI-VE-24- Pressurizer Safe End to Elbow Weld                               03/05/2025
                                 003
                                 PAL1-ISI-VE-24- Pressurizer Surge Line Nozzle to Safe End Weld                   03/05/2025
                                 005



                                                             10
Inspection   Type                Designation       Description or Title                                              Revision or
Procedure                                                                                                            Date
                                 PAL1-ISI-VE-24-   1A Safety Injection Valve to Safe End Weld                        03/05/2025
                                 006
                                 PAL1-ISI-VE-24-   1A Safety Injection Nozzle to Safe End Weld                       03/05/2025
                                 007
                                 PAL1-ISI-VE-24-   1B Safety Injection Valve to Safe End Weld                        03/13/2025
                                 008
                                 PAL1-ISI-VE-24-   1B Safety Injection Nozzle to Safe End Weld                       03/05/2025
                                 009
                                 PAL1-ISI-VE-24-   2A Safety Injection Valve to Safe End Weld                        03/05/2025
                                 010
                                 PAL1-ISI-VE-24-   2A Safety Injection Nozzle to Safe End Weld                       03/05/2025
                                 011
                                 PAL1-ISI-VE-24-   2B Safety Injection Valve to Safe End Weld                        03/05/2025
                                 012
                                 PAL1-ISI-VE-24-   2B Safety Injection Nozzle to Safe End Weld                       03/05/2025
                                 013
             Procedures          55-GWP01-024      Framatome General Welding Procedure                               07/31/2024
                                 55-OI0033-022     Framatome Ambient I.D.T.B Welding of CEDM/CET Penetration         03/19/2025
                                                   of Reactor Vessel Closure Heads Utilizing Modified Local Cavity
                                                   Weld Head
                                 55-SPP09-013      Framatome Special Process Procedure                               12/05/2019
71111.13     Corrective Action   PAL-06910         Unannounced MIOSHA Visit                                          05/08/2025
             Documents
71111.18     Engineering         AWA-01            Advance Work Authorization for WO 587572                          3
             Changes             EC 93369          Alternate Component Cooling Water Connections to SFP Heat         10/03/2024
                                                   Exchanger E-53A/E-53B
71111.20     Corrective Action   PAL-07259         Temporary Reactor Head Is Leaking                                 05/23/2025
             Documents
             Procedures          RFL-SG-2          S/G Primary Nozzle Dam Installation and Removal                   11
                                 SOP-1B            Primary Coolant System Cooldown                                   21
                                 SOP-1B            PCS Equipment Elevations and Volumes                              21
                                 Attachment 8
                                 SOP-3             Safety Injection and Shutdown Cooling System                      109



                                                             11
Inspection   Type                Designation      Description or Title                                       Revision or
Procedure                                                                                                    Date
71124.01     Corrective Action   PAL-07410        Worker Cutting Through Posted Area                         05/31/2025
             Documents
             Radiation           20251075         Containment 607 Radiological Survey                        05/30/2025
             Surveys
71124.05     Procedures          RR-9M         Containment Atmosphere Gas Monitor RIA-1817 Calibration and   16
                                               Channel Functional Test
             Work Orders         50084215      RIA-1809 Calibration                                          08/08/2024
                                 52985234      RIA-1811 Calibration                                          05/20/2025
                                 53008855      Area Monitor Operation Check                                  12/13/2024
71124.06     Miscellaneous       LRW-062625    Liquid Discharge Permit for Tanks 87 A/B                      06/26/2025
                                 N/A           Land Use Census Report                                        08/07/2024
                                 ODCM          Offsite Dose Calculation Manual                               36
             Procedures          CH 6.42       LADTAP                                                        9
                                 CHM-101       Radioactive Liquid Release                                    0
                                 CHM-311       TRICARB Liquid Scintillation                                  0
71152        Miscellaneous       PLP-SRTSP-AES Air Ejectors                                                  Draft A
                                 PLP-SRTSP-ASP Alternate Shutdown Panel                                      0
                                 PLP-SRTSP-    Buildings and Grounds                                         Draft B
                                 BAG
                                 PLP-SRTSP-BLD Steam Generator Blowdown                                      Draft A
                                 PLP-SRTSP-    Condensate and Condenser                                      Draft A
                                 CDS
                                 PLP-SRTSP-    Chemical Addition                                             Draft A
                                 CHM
                                 PLP-SRTSP-CIS Containment Isolations and Penetrations (Airlocks)            Draft A
                                 PLP-SRTSP-CLP Containment Building and Miscellaneous Equipment              Draft B
                                 PLP-SRTSP-    Containment Purge                                             Draft A
                                 CPG
                                 PLP-SRTSP-    Containment Air Coolers                                       Draft A
                                 CRS
                                 PLP-SRTSP-    Containment Spray System                                      Draft A
                                 CSS




                                                            12
Inspection   Type   Designation     Description or Title                     Revision or
Procedure                                                                    Date
                    PLP-SRTSP-      Digital Electro-Hydraulics               Draft A
                    DEH
                    PLP-SRTSP-      Diesel Generator Room HVAC               Draft A
                    DGV
                    PLP-SRTSP-      Demineralized Makeup Water               Draft A
                    DMW
                    PLP-SRTSP-      Domestic Water                           Draft A
                    DWS
                    PLP-SRTSP-      Turbine Electro-Hydraulic Controls       Draft A
                    EHC
                    PLP-SRTSP-ELU   Emergency Lighting                       Draft A
                    PLP-SRTSP-ESV   Engineered Safeguards Room HVAC          Draft A
                    PLP-SRTSP-FHS   Fuel Handling                            Draft A
                    PLP-SRTSP-FPA   Feedwater Purity Air                     Draft A
                    PLP-SRTSP-      Heaters, Extraction Steam, and Drains    Draft A
                    HED
                    PLP-SRTSP-      High Pressure Air                        Draft A
                    HPA
                    PLP-SRTSP-HPI   High Pressure Safety Injection           Draft A
                    PLP-SRTSP-      Hydrogen Monitoring                      Draft A
                    HYM
                    PLP-SRTSP-IAS   Instrument Air and Service Air           Draft A
                    PLP-SRTSP-      Liquid Radioactive Waste                 Draft A
                    LRW
                    PLP-SRTSP-      Miscellaneous Gas                        Draft A
                    MGS
                    PLP-SRTSP-      Main Steam System                        Draft A
                    MSS
                    PLP-SRTSP-PZR   Pressurizer Pressure and Level Control   0
                    PLP-SRTSP-RIA   Radiation Monitoring                     0
                    PLP-SRTSP-      Reactor Primary Shield Cooling           0
                    SCS




                                              13
Inspection   Type   Designation     Description or Title                                         Revision or
Procedure                                                                                        Date
                    PLP-SRTSP-      Electrical Equipment, Switchgear, and Cable Spreading Room   Draft A
                    SCV             HVAC
                    PLP-SRTSP-      Solid Radioactive Waste                                      Draft A
                    SRW
                    PLP-SRTSP-      345KV Switchyard                                             Draft A
                    SWY
                    PLP-SRTSP-VAS   Spent Fuel Pool and Auxiliary Building HVAC                  Draft A
                    PLP-SRTSP-      Waste Gas System                                             Draft A
                    WGS




                                              14
"
ML25171A029,2025402,2025-06-23,ML25171A029,https://www.nrc.gov/docs/ML2517/ML25171A029.pdf,0,archive/reports/ML25171A029/540b05c341fea982956fcbc9402c15722afe156690e56c32556a4c902b639290.pdf,archive/reports/ML25171A029/540b05c341fea982956fcbc9402c15722afe156690e56c32556a4c902b639290.txt,"                                          June 23, 2025
Mike Mlynarek
Site Vice President
Holtec Decommissioning International, LLC
Palisades Nuclear Plant
27780 Blue Star Memorial Highway
Covert, MI 49043-9530

SUBJECT:       PALISADES NUCLEAR PLANT – RESTART SECURITY INSPECTION
               REPORT 05000255/2025402

On May 20, 2025, the U.S. Nuclear Regulatory Commission (NRC) completed an inspection at
Palisades Nuclear Plant and discussed the results of this inspection with Michael Schultheis –
Director, Regulatory & Site Strategies and other members of your staff. The results of this
inspection are documented in the enclosed report.

No findings of more than minor significance were identified during this inspection.

On June 13, 2022, Palisades ceased permanent power operations and subsequently removed
all fuel from the reactor, as detailed in the letter from Entergy to the NRC, “Certifications of
Permanent Cessation of Power Operations and Permanent Removal of Fuel from the Reactor
Vessel,” (ADAMS Accession No. ML22164A067). On September 28, 2023, Holtec
Decommissioning International, LLC (Holtec) submitted a letter to the NRC requesting
exemptions from certain portions of the requirements of Title 10 of the Code of Federal
Regulations (10 CFR) 50.82(a)(2) to pursue the potential reauthorization of power operations at
Palisades (ADAMS Accession No. ML23271A140). The NRC’s initial acceptance to review
Palisades’ request for exemptions was documented in ADAMS at Accession No. ML23291A440
on November 3, 2023.
M. Mlynarek                                     2


This letter, its enclosure, and your response (if any) will be made available for public inspection
and copying at http://www.nrc.gov/reading-rm/adams.html and at the NRC Public Document
Room in accordance with Title 10 of the Code of Federal Regulations 2.390, “Public
Inspections, Exemptions, Requests for Withholding.”

                                              Sincerely,
                                                                      Signed by Ziolkowski, Michael
                                                                      on 06/23/25



                                              Michael E. Ziolkowski, Chief
                                              Security, Emergency Preparedness, and Incident
                                              Response Branch
                                              Division of Radiological Safety and Security

Docket No. 05000255
License No. DPR-20

Enclosure:
As stated

cc w/ encl:
M. Schultheis
 Director, Regulatory & Site Strategies
S. Summers,
 Manager, Security
D. Gagnon,
 Director, Corporate Security
A. Filbrandt,
 Supervisor, Regulatory Assurance & Records

cc w/ encl: Distribution via LISTSERV®
M. Mlynarek                                  3


Letter to M. Mlynarek from M. Ziolkowski dated June 23, 2025.

SUBJECT:        PALISADES NUCLEAR PLANT – RESTART SECURITY INSPECTION
                REPORT 05000255/2025402

DISTRIBUTION:
RidsNrrPMPalisades Resource
RidsNrrDorlLpl3
RidsNrrDroIrib Resource
Jack Giessner
Mohammed Shuaibi
Diana Betancourt-Roldan
John Pelchat
David Curtis
Jared Heck
Prema Chandrathil
Viktoria Mitlyng
R3-DORS
Jeremiah Rey
Desiree Davis
April Nguyen
Julie Winslow
Jefferson Clark
DSODivision.Resource@nrc.gov
SOSBInspRptDistro@usnrc.onmicrosoft.com




ADAMS ACCESSION NUMBER:ML25171A029
 Entire Report:     ☒ Non-Sensitive                              ☒ Publicly Available
 ☒ SUNSI Review     ☐ Sensitive                                  ☐ Non-Publicly
                                                                 Available
 OFFICE       RIII-DRSS     NSIR       RIII-DORS   RIII-DRSS
 NAME         KMaloney:dc   JRey       ANguyen     MZiolkowski
 DATE         06/23/2025    06/23/2025 06/23/2025  06/23/2025
                                OFFICIAL RECORD COPY
                        U.S. NUCLEAR REGULATORY COMMISSION
                                   Inspection Report


Docket Number:       05000255


License Number:      DPR-20


Report Number:       05000255/2025402


Enterprise Identifier: I-2025-402-0044


Licensee:            Holtec Decommissioning International, LLC


Facility:            Palisades Nuclear Plant


Location:            Covert, MI


Inspection Dates:    May 12, 2025, to May 20, 2025


Inspectors:          K. Maloney, Sr. Physical Security Inspector
                     J. Rey, Security Specialist


Approved By:         Michael E. Ziolkowski, Chief
                     Security, Emergency Preparedness, and Incident Response Branch
                     Division of Radiological Safety and Security




                                                                               Enclosure
                                          SUMMARY

The U.S. Nuclear Regulatory Commission (NRC) continued monitoring the licensee’s
performance by conducting a Restart Security Inspection at Palisades Nuclear Plant, in
accordance with Inspection Manual Chapter (IMC) 2562, “Light-Water Reactor Inspection
Program for Restart of Reactor Facilities Following Permanent Cessation of Power Operations.”

                                List of Findings and Violations

No findings of more than minor significance were identified.

                                  Additional Tracking Items

None.




                                                2
INSPECTION SCOPES

Inspections were conducted using the appropriate portions of the inspection procedures (IPs) in
effect at the beginning of the inspection unless otherwise noted. Currently approved IPs with
their attached revision histories are located on the public website at
http://www.nrc.gov/reading-rm/doc-collections/insp-manual/inspection-procedure/index.html.
Samples were declared complete when the IP requirements most appropriate to the inspection
activity were met consistent with Inspection Manual Chapter (IMC) 2562, “Light-Water Reactor
Inspection Program for Restart of Reactor Facilities Following Permanent Cessation of Power
Operations,” which states, in part, that the U.S. Nuclear Regulatory Commission (NRC) will
ensure that operational readiness has been reasonably verified across the reactor oversight
process (ROP) cornerstones of safety and security.

SECURITY CORNERSTONE

81000.01 - Access Authorization

The inspectors evaluated the access authorization program through completion of the following
procedure elements:

Access Authorization (36 Samples)

   (1)    All requirements

During the inspection the inspectors verified the licensee has developed and is implementing or
is prepared to implement it access authorization program, behavioral observation program,
insider mitigation program and measures to ensure that its AA program provides assurance that
individuals granted unescorted access are trustworthy, reliable, and do not constitute an
unreasonable risk to public health and safety or the common defense and security. The
inspectors familiarized themselves with relevant documentation which may include, but is not
limited to the licensee's security plans, site-specific and/or corporate implementing procedures,
security post orders, and security program reviews and audits. The inspectors also conducted a
review of past security inspection reports for the facility, to a level which provides assurance that
the licensee is meeting or prepared to meet the NRC regulatory requirements within the security
program area being inspected.

81000.08 - Fitness-for-Duty Program

The inspectors evaluated the fitness for duty program through completion of the following
procedure elements:

Fitness-for-Duty Program (50 Samples)

   (1)    All requirements

During the inspection the inspectors verified the licensee has developed and is implementing or
is prepared to implement its Fitness-for-Duty (FFD) requirements under Title 10 of the Code of
Federal Regulations (10 CFR) Part 26 (Subparts A through H, I, N, and O), and any other
applicable requirement that assures licensee personnel (including contractors and vendors) will
perform their tasks in a reliable and trustworthy manner and are not under the influence of any
substance or mentally or physically impaired from any cause that may affect their abilities to


                                                 3
perform their duties safely and competently. Inspectors verified that changes to the licensee’s
FFD program made since the last inspection: (a) meet commitments to resolve previously
identified issues or U.S. Nuclear Regulatory Commission (NRC) requirements under
10 CFR Part 26; and (b) do not adversely affect the performance requirements as prescribed by
regulatory requirements and any other applicable requirements to meet the general
performance objectives of 10 CFR 73.55(b).

INSPECTION RESULTS

No additional inspection results. The inspectors determined the licensee implementation of the
programs is currently meeting all regulatory requirements. Based on this review, the inspectors
found that the programs would meet all operating requirements.

EXIT MEETINGS AND DEBRIEFS

The inspectors verified that no proprietary information was retained or documented in this
report.

   •   On May 20, 2025, the inspectors presented the Restart Security Inspection results to
       Michael Schultheis, Director, Regulatory & Site Strategies and other members of the
       licensee staff.




                                               4
DOCUMENTS REVIEWED

Inspection   Type                Designation      Description or Title                                      Revision or
Procedure                                                                                                   Date
81000.01     Corrective Action   PAL-07040        Paperwork Error Identified                                05/13/2025
             Documents           PAL-07092        Access to Vital Area Discrepancy                          05/16/2025
             Resulting from
             Inspection
             Procedures          EN-NS-101-01     AA/FFD Facility Controls                                  3
                                 EN-NS-101-04     Processing Potentially Disqualifying Information (PDI)    6
                                 EN-NS-101-105    Maintaining UAA/UA and Critical Group Status              7
                                 EN-NS-101-106    Terminating Denial and Appeal of Unescorted Access        8
                                                  Authorization/Unescorted Access
                                 SEC-400          Unescorted Access Authorization Program                   0
81000.08     Corrective Action   PAL-07039        Unsecured Door Allowing Access to FFD Testing Equipment   05/13/2025
             Documents           PAL-07065        FFD Blind Test Samples Not Sent per Procedural            05/14/2025
             Resulting from                       Requirement.
             Inspection          PAL-07067        Fatigue Assessment Paperwork Documentation Errors         05/14/2025
                                                  Identified
             Miscellaneous                        50 Employee Records Establishing Initial, Updated,        05/14/2025
                                                  Reinstatement, Reinvestigation and Critical Group UAA
             Procedures                           Fitness for Duty/Access Authorization Assessment          0
                                 Admin 1.45       Work Hours Limitations                                    2
                                 DSP-SEC-102      Fitness for Duty Specimen Collection and Shipment         1
                                 DSP-SEC-102      Fitness for Duty Program                                  1
                                 DSP-SEC-102-01   Fitness for Duty Random and Follow-up Testing Selection   1
                                                  and Notification
                                 DSP-SEC-102-03   Processing of Fitness for Duty Test Results               1
                                 DSP-SEC-102-04   Blind Samples                                             1
                                 DSP-SEC-102-05   Annual Reporting of Fitness for Duty Performance Data     1
                                 EN-NS-101-04     Processing Potentially Disqualifying Information (PDI)    6
                                 FF-000           Holtec Nuclear FFD Program Statement of Policy            2




                                                             5
"
ML25140A945,2025002,2025-05-21,PALISADES NUCLEAR PLANT – RESTART INSPECTION REPORT 05000255/2025002,https://www.nrc.gov/docs/ML2514/ML25140A945.pdf,0,archive/reports/ML25140A945/88ca6be4410ed28bf25499d5157c4da9f07f85cfb9d4ef4dead54623cb52c408.pdf,archive/reports/ML25140A945/88ca6be4410ed28bf25499d5157c4da9f07f85cfb9d4ef4dead54623cb52c408.txt,"                                          May 21, 2025
Mike Mlynarek
Site Vice President
Holtec Decommissioning
International, LLC
Palisades Nuclear Plant
27780 Blue Star Memorial Highway
Covert, MI 49043-9530

SUBJECT:       PALISADES NUCLEAR PLANT – RESTART INSPECTION REPORT
               05000255/2025002

Dear Mike Mlynarek:

On April 30, 2025, the U.S. Nuclear Regulatory Commission (NRC) completed an inspection at
the Palisades Nuclear Plant. The enclosed inspection report documents the inspection results,
which the inspectors discussed on May 13, 2025, with yourself and other members of your staff.

No violations of more than minor significance were identified during this inspection.

On June 13, 2022, Palisades ceased permanent power operations and subsequently removed
all fuel from the reactor, as detailed in the letter from Entergy to the NRC, “Certifications of
Permanent Cessation of Power Operations and Permanent Removal of Fuel from the Reactor
Vessel,” (ADAMS Accession No. ML22164A067). On September 28, 2023, Holtec
Decommissioning International, LLC (Holtec) submitted a letter to the NRC requesting
exemptions from certain portions of the requirements of Title 10 of the Code of Federal
Regulations (10 CFR) 50.82(a)(2) to pursue the potential reauthorization of power operations
at Palisades (ADAMS Accession No. ML23271A140). The NRC’s initial acceptance to review
Palisades’ request for exemptions was documented in ADAMS at Accession No. ML23291A440
on November 3, 2023.
M. Mlynarek                                      2


This letter, its enclosure, and your response (if any) will be made available for public inspection
and copying at http://www.nrc.gov/reading-rm/adams.html and at the NRC Public Document
Room in accordance with Title 10 of the Code of Federal Regulations 2.390, “Public
Inspections, Exemptions, Requests for Withholding.”

                                              Sincerely,
                                                                      Signed by Nguyen, April
                                                                      on 05/21/25



                                              April M. Nguyen, Lead
                                              Palisades Restart Team
                                              Division of Operating Reactor Safety

Docket No. 05000255
License No. DPR–20

Enclosure:
As stated

cc w/ encl: Distribution via LISTSERV®
M. Mlynarek                                    3


Letter to Mike Mlynarek from April Nguyen dated May 21, 2025.

SUBJECT:        PALISADES NUCLEAR PLANT – RESTART INSPECTION REPORT
                05000255/2025002

DISTRIBUTION:
Tim Steadham
RidsNrrPMPalisades Resource
RidsNrrDorlLpl3
RidsNrrDroIrib Resource
Jack Giessner
Mohammed Shuaibi
Diana Betancourt-Roldan
Bryan Bergeon
John Pelchat
David Curtis
Jared Heck
R3-DORS




ADAMS Accession Number: ML25140A945
                             ☒ Non-Sensitive                    ☒ Publicly Available
   ☒    SUNSI Review
                             ☐ Sensitive                        ☐ Non-Publicly Available
 OFFICE R-III
 NAME    JWinslow:anm      ANguyen
 DATE    05/20/2025        05/21/2025


                                     OFFICIAL RECORD COPY
                          U.S. NUCLEAR REGULATORY COMMISSION
                                     Inspection Report


Docket Numbers:              05000255


License Numbers:             DPR-20


Report Numbers:              05000255/2025002


Enterprise Identifiers:      I-2025-002-0066


Licensee:                    Holtec Decommissioning International, LLC


Facility:                    Palisades Nuclear Plant


Location:                    Covert, MI


Inspection Dates:            March 01, 2025, to April 30, 2025


Inspectors:                  B. Bergeon, Senior Operations Engineer
                             K. Carrington, Senior Resident Inspector, North Anna
                             N. Hansing, Mechanical Engineer, NRR
                             D. Hoang, Senior Project Engineer
                             D. Lanyi, Senior Operations Engineer
                             K. Kirchbaum, Senior Operations Engineer
                             J. Mancuso, Senior Resident Inspector
                             P. Meier, Senior Resident Inspector, Sequoyah
                             V. Myers, Senior Health Physicist
                             T. Okamoto, Resident Inspector
                             J. Robb, Operations Engineer
                             C. St. Peters, Senior Project Engineer
                             A. Shaikh, Senior Reactor Inspector
                             C. Speer, Reactor Systems Engineer, NRR
                             J. Winslow, Senior Project Engineer, Restart Team


Approved By:                 April M. Nguyen, Lead
                             Palisades Restart Team
                             Division of Operating Reactor Safety




                                                                                    Enclosure
                                         SUMMARY

The U.S. Nuclear Regulatory Commission (NRC) performed inspections of the licensee’s
activities to verify that the reactor coolant system boundary, reactor vessel head, and
risk-significant piping system boundaries are appropriately monitored for degradation and that
required repairs and replacements are appropriately examined and accepted; systems,
structures, and components (SSCs) are appropriately inspected, maintained, and tested to
ensure they can perform their required safety functions for potential restart; the licensed
operator requalification training program and operator performance are appropriately performed;
and radiation safety activities are appropriately performed.

                               List of Findings and Violations

None.

                                 Additional Tracking Items

None.




                                              2
PLANT STATUS

The Palisades Nuclear Plant ceased power operations and subsequently removed all fuel from
the reactor, as certified in a letter to the NRC on June 13, 2022. On September 28, 2023, Holtec
Decommissioning International, LLC (Holtec) submitted a letter to the NRC requesting
exemptions from certain portions of the requirements of 10 CFR 50.82(a)(2) to pursue the
potential reauthorization of power operations. The NRC is conducting inspections to evaluate
and assess the licensee’s activities for potential restoration to an operational status.

The resident inspectors, as well as supplemental inspectors, continue to supply daily oversight
of the restart activities occurring at the site.

INSPECTION SCOPES

Inspections were conducted using the appropriate portions of the referenced inspection
procedures (IPs) in effect at the beginning of the inspection unless otherwise noted. Currently
approved IPs with their attached revision histories are located on the public website at
http://www.nrc.gov/reading-rm/doc-collections/insp-manual/inspection-procedure/index.html.

REACTOR SAFETY

71111.08P - Inservice Inspection Activities (PWR)

From April 28, 2025, to May 1, 2025, the inspectors observed and verified Holtec Palisades’
nondestructive examination (NDE) and repair/replacement activities of the reactor vessel
closure head, Alloy 600 weld mitigation activities, and steam generator in-situ pressure testing,
conducted in accordance with the requirements of the ASME Code Section XI. The purpose of
these inspections was to verify that the reactor coolant system boundary, reactor vessel closure
head, steam generators, and risk-significant piping system boundaries are appropriately
monitored for degradation. The inspectors also verified that the examination results were
thoroughly reviewed and appropriately evaluated, and that required corrective actions to
address identified indications and defects will be appropriately implemented. During this quarter,
the licensee completed NDE activities and evaluation of data for the reactor vessel closure
head, steam generator tubes, and Alloy 600 welds in the primary coolant system and continued
repair/replacement activities in all areas. Further NRC inspections will monitor
repair/replacement activities as they are conducted.

The inspectors verified that the following NDE and repair/replacement activities were conducted
appropriately per the ASME Code or required standard, and that any potential indications and
defects were identified and evaluated at the proper thresholds:

Nondestructive Examination and Welding Activities (IP Section 03.01)
   • Safety Injection Cold Leg 1A&B and 2A&B Alloy 600 mitigation Weld Overlay Fabrication
   • Reactor Vessel Internal (RVI) indications analysis and NDE procedures

Vessel Upper Head Penetration Inspection Activities (IP Section 03.02)
   • Alloy 690 reactor head repair nozzle Mill Report and receipt inspection data




                                                3
Steam Generator Tube Inspection Activities (IP Section 03.04)

   •     Steam generator A in-situ pressure test
   •     Steam generator A test of sleeving repair methodology and Eddy Current examinations

71111.11A - Licensed Operator Requalification Program and Licensed Operator Performance

Licensed Operator Requalification Program and Licensed Operator Performance

   (1)    The inspectors reviewed and evaluated the licensed operator examination failure rates
          for the requalification annual operating exam administered from February 25, 2025, to
          March 28, 2025.

71111.13 – Maintenance Risk Assessments and Emergent Work Control

Risk Assessment and Management Sample (IP Section 03.01)

The inspectors evaluated the accuracy and completeness of risk assessments for the following
planned work activities to ensure configuration changes and appropriate work controls were
addressed:

   (1)    Low pressure “A” and “B” main turbine rotor lift activities on April 11, 2025
   (2)    Primary coolant pump “B” lift activities on April 1, 2025
   (3)    Steam generator “A” nozzle dam installation and primary coolant system inventory
          control activities on April 18, 2025

RADIATION SAFETY

Radiation Safety – Occupational

From April 21 to April 25, 2025, the inspectors evaluated various ongoing radiologically
risk-significant work evolutions, including steam generator primary side work and reactor head
work. For these work evolutions, the inspectors observed activities such as extremity dosimetry
issuance and use, respiratory protection issuance and use, use of temporary ventilation
systems, high radiation area and radiation work permit briefings, and radiation protection job
coverage. The inspectors also walked down the auxiliary building and containment to observe
radiological postings and controls. The inspectors also reviewed various dose assessments for
previous work activities. This review included quality control procedures and records for use of
the whole-body counter, whole body count results, internal dose assessments, evaluation of
multiple dosimetry use, and evaluation of effective dose equivalence use and calculations.
The inspectors conducted these reviews using IP 71124.01, “Radiological Hazard Assessment
and Exposure Controls,” IP 71124.03, “In-Plant Airborne Radioactivity Control and Mitigation,”
and IP 71124.04, “Occupational Dose Assessment,” as applicable.




                                               4
OTHER BASELINE ACTIVITIES

71152 – Problem Identification and Resolution

System Return to Service

During the inspection period, the inspectors continued reviews of Phases I and II of the
licensee’s system return to service (SRTS) plans. The SRTS plans document licensee activities
to verify that the configuration and condition of Systems, Structures, and Components (SSCs)
are consistent with the design and licensing bases to support potential restart. The inspectors
reviewed Phases I and II of the SRTS plans, which include areas such as licensing and
design-basis functions, system material conditions, reviewing open and deferred work prior to
shutdown, and program applicability. The inspectors conducted these reviews using IP 71152,
“Problem Identification and Resolution,” and IP 71111.21M, “Comprehensive Engineering Team
Inspection (CETI),” as applicable.

The inspectors commenced reviews of the SRTS plans for the following systems:
   • Containment building and miscellaneous equipment
   • Containment purge
   • Containment spray
   • Chemical and volume control
   • Circulating water
   • High pressure safety injection
   • Instrument air and service air
   • Main feedwater
   • Primary coolant
   • Pressurizer pressure and level control
   • Safety injection and refueling water tank and containment sump
   • Safety injection tanks
   • Radiation Monitoring System

The inspectors completed initial reviews of the SRTS plans for the following systems:
   • Containment and Fuel Pool Cranes
   • Control rod drive
   • Control room heating, ventilation, and air conditioning (HVAC)
   • Dry fuel storage
   • Reactor cavity flood
   • Spent fuel pool cooling
   • Ultimate heat sink

These systems were selected based on the importance of the SSCs during normal and
emergency plant operating conditions, risk significance and defense-in-depth of the SSC’s
specific functions and required work/modifications of the SSCs scheduled prior to potential
restart.




                                                5
The inspectors evaluated the initial SRTS plans for each system to identify if planned licensee
activities will verify that the configuration and condition of the SSCs are consistent with the
proposed operational design and licensing bases to support restart and verify readiness of the
SSCs to support a return to service. The inspectors noted that the SRTS plans are intended to
be living documents with a phased approach to SRTS. The initial plans were determined to be
at a very high level and did not always provide specific details associated with inspection or
testing plans. The inspectors understood that this specific level of detail is still in progress and,
as the licensee progresses through the SRTS phases, the SRTS plans will undergo additional
reviews by NRC inspector to ensure appropriate SSC restoration and operability/functionality.

INSPECTION RESULTS

No additional inspection results.

EXIT MEETINGS AND DEBRIEFS

The inspectors verified no proprietary information was retained or documented in this report.

   •   On May 13, 2025, the inspectors presented the inspection results to M. Mlynarek,
       Site Vice President, and other members of the licensee staff.
   •   On April 14, 2025, the inspectors presented the licensed operator requalification
       program inspection results to C. Sizemore, Operations Training Superintendent, and
       other members of the licensee staff.




                                                  6
DOCUMENTS REVIEWED

Inspection Type                Designation     Description or Title                                           Revision or
Procedure                                                                                                     Date
71111.08P Corrective Action    2025-0473       A Minor Correction to NDE Report HLSC-350-00-PT-002            02/21/2025
           Documents                           Concerning the Material Type
           Resulting from
           Inspection
           Procedures          03-601600       Operating Instructions for In Situ Pressure Testing            010
                               55-OI0033-022   Ambient I.D.T.B Welding of CEDM/CET Penetration of             03/19/2025
                                               Reactor Vessel Closure Head Utilizing Modified Local Cavity
                                               Weld Head
           Shipping Records    1024018714      Framatome Purchase Order QA Data Package SB-167 UNS            007
                                               N06690 Seamless Tubing
                               38001288        Holtec Purchase Order QA Data Package for Replacement          001
                                               CRDM Nozzles and Replacement ICI Nozzles
71111.20   Procedures          FHS-M-23        Movement of Heavy Loads in the Spent Fuel Pool Area            Revision 42
                               FHS-M-24        Movement of Heavy Loads in the Containment Building Area       Revision 42
                               MSM-M-72        Movement of Heavy Loads in the Turbine Building                Revision 42
                               RFL-SG-2        S/G Primary Nozzle Dam Installation and Removal                Revision 11
           Work Orders         WO# 00586667    E-50A INSTALL/REMOVE NOZZLE DAMS PER RFL-SG-2                  04/18/2025
71124.01   ALARA Plans         20250454        ALARA Plan for RWP 20250454                                    0
                               20250454        ALARA Plan for RWP 20250454                                    0
           Radiation Surveys   2025-0802       “A” Steam Generator Platform Survey                            04/19/2025
                               2025-0816       “A” Steam Generator Platform Survey                            04/21/2025
           Radiation Work      20250450        Reactor Head, Nozzle Machining, Nozzle Replacement,            0
           Permits (RWPs)                      Decon and Associated Tasks
                               20250454        Steam Generator Primary Side Activities                        0
71124.03   Miscellaneous       N/A             Grade D breathing Air Quality Test                             04/17/2025
71124.04   Miscellaneous       N/A             Internal Dose Assessment                                       09/06/2024
                               N/A             Internal Dose Assessment                                       09/08/2024
           Procedures          EN-RP-208       Whole-Body Counting/In-Vitro Bioassay                          7
                               HP 8.11         Whole-Body Counting                                            18
71152      Calculations        GWO-            Proposed Repair Program for the Auxiliary Building SIRW Tank   0
                               6861CALC2       Cellular Slab at Palisades Nuclear Power Plant



                                                          7
Inspection   Type                Designation       Description or Title                                     Revision or
Procedure                                                                                                   Date
             Corrective Action   PAL-05382       Main Control Roof Cellular Slab                            02/11/2025
             Documents           PAL-05888       Typographical Error in Report to NRC                       03/11/2025
             Engineering         PLP-RPT-18-0024 1R26 Refueling Outage Safety Related Containment Coating   02/06/2019
             Evaluations                         Assessment Report
             Miscellaneous       PLP-SRTSP-CLC Containment and Fuel Pool Cranes                             Draft B
                                 PLP-SRTSP-CLP Containment Building and Miscellaneous Equipment             Draft B
                                 PLP-SRTSP-CPG Containment Purge                                            Draft A
                                 PLP-SRTSP-CRD Control Rod Drive                                            Draft A
                                 PLP-SRTSP-CRV Control Room HVAC                                            Draft A
                                 PLP-SRTSP-CSS Containment Spray System                                     Draft A
                                 PLP-SRTSP-      Chemical and Volume Control                                Draft A
                                 CVC-CBA
                                 PLP-SRTSP-CWS Circulating Water                                            Draft B
                                 PLP-SRTSP-DFS Dry Fuel Storage                                             Draft A
                                 PLP-SRTSP-HPI   High Pressure Safety Injection                             Draft A
                                 PLP-SRTSP-IAS   Instrument Air and Service Air                             Draft A
                                 PLP-SRTSP-      Main Feedwater                                             Draft A
                                 MFW
                                 PLP-SRTSP-PCS Primary Coolant                                              Draft A
                                 PLP-SRTSP-PZR Pressurizer Pressure and Level Control                       Draft A
                                 PLP-SRTSP-RCF Reactor Cavity Flood                                         Draft A
                                 PLP-SRTSP-RIA   Radiation Monitoring System Return-To-Service Plan         Draft A
                                 PLP-SRTSP-SFP Spent Fuel Pool Cooling                                      Draft A
                                 PLP-SRTSP-SIT   Safety Injection Tanks                                     Draft A
                                 PLP-SRTSP-SSS SIRW and Containment Sump system                             Draft A
                                 PLP-SRTSP-UHS Ultimate Heat Sink                                           Draft A
                                 PNP 2025-005    50–Year Containment Tendon Surveillance Inspection         03/03/2025
                                                 Summary Report
             Procedures          EA-CAP-047706- Palisades Reactor Head Drop Analysis                        02/02/2006
                                 01/0
                                 MSM-M-13A/9     L-1 Periodic Inspection                                    09/28/2023
                                 MSM-M-13B/11    L-2 Periodic Inspection                                    02/05/2024
                                 MSM-M-13C/11    L-3 Periodic Inspection                                    05/13/2023


                                                              8
Inspection   Type          Designation        Description or Title                                 Revision or
Procedure                                                                                          Date
                           WI-MA-349/0     L-2 Periodic Inspection for Electrical and Mechanical   12/18/2024
                                           Components
             Work Orders   WO 50083288-01- Containment Polar Crane                                 10/17/2023
                           001




                                                         9
"
ML25083A268,2025001,2025-03-26,PALISADES NUCLEAR PLANT – RESTART INSPECTION REPORT 05000255/2025001 AND 07200007/2024001,https://www.nrc.gov/docs/ML2508/ML25083A268.pdf,1,archive/reports/ML25083A268/9cec3302f6e89db372eb63b2ccaaec361c1941a86ae936b53e1bddb66552ef36.pdf,archive/reports/ML25083A268/9cec3302f6e89db372eb63b2ccaaec361c1941a86ae936b53e1bddb66552ef36.txt,"                                           March 26, 2025
Mike Mlynarek
Site Vice President
Holtec Decommissioning
International, LLC
Palisades Nuclear Plant
27780 Blue Star Memorial Highway
Covert, MI 49043‑9530

SUBJECT:       PALISADES NUCLEAR PLANT – RESTART INSPECTION REPORT
               05000255/2025001 AND 07200007/2024001

Dear Mike Mlynarek:

On February 28, 2025, the U.S. Nuclear Regulatory Commission (NRC) completed an
inspection at the Palisades Nuclear Plant. The enclosed inspection report documents the
inspection results, which the inspectors discussed on March 5, 2025, with yourself and other
members of your staff.

One Severity Level IV violation without an associated finding is documented in this report.
We are treating this violation as a non-cited violation (NCV) consistent with Section 2.3.2 of the
Enforcement Policy.

If you contest the violation or the significance or severity of the violation documented in this
inspection report, you should provide a response within 30 days of the date of this inspection
report, with the basis for your denial, to the U.S. Nuclear Regulatory Commission,
ATTN: Document Control Desk, Washington, DC 20555-0001; with copies to the Regional
Administrator, Region III; the Director, Office of Enforcement; and the NRC Resident Inspector
at the Palisades Nuclear Plant.

On June 13, 2022, Palisades ceased permanent power operations and subsequently removed
all fuel from the reactor, as detailed in the letter from Entergy to the NRC, “Certifications of
Permanent Cessation of Power Operations and Permanent Removal of Fuel from the Reactor
Vessel,” (ADAMS Accession No. ML22164A067). On September 28, 2023, Holtec
Decommissioning International, LLC (Holtec) submitted a letter to the NRC requesting
exemptions from certain portions of the requirements of Title 10 of the Code of Federal
Regulations (10 CFR) 50.82(a)(2) to pursue the potential reauthorization of power operations at
Palisades (ADAMS Accession No. ML23271A140). The NRC’s initial acceptance to review
Palisades’ request for exemptions was documented in ADAMS at Accession No. ML23291A440
on November 3, 2023.
M. Mlynarek                                     2


This letter, its enclosure, and your response (if any) will be made available for public inspection
and copying at http://www.nrc.gov/reading-rm/adams.html and at the NRC Public Document
Room in accordance with Title 10 of the Code of Federal Regulations 2.390, “Public
Inspections, Exemptions, Requests for Withholding.”

                                              Sincerely,
                                                                      Signed by Nguyen, April
                                                                      on 03/26/25



                                              April M. Nguyen, Lead
                                              Palisades Restart Team
                                              Division of Operating Reactor Safety

Docket Nos. 05000255 and 07200007
License No. DPR‑20

Enclosure:
As stated

cc w/ encl: Distribution via LISTSERV®
M. Mlynarek                                  3


Letter to Mike Mlynarek from April Nguyen dated March 26, 2025.

SUBJECT:       PALISADES NUCLEAR PLANT – RESTART INSPECTION REPORT
               05000255/2025001 and 07200007/2024001

DISTRIBUTION:
Alejandro Alen Arias
RidsNrrPMPalisades Resource
RidsNrrDorlLpl3
RidsNrrDroIrib Resource
Jack Giessner
Mohammed Shuaibi
Diana Betancourt-Roldan
Harral Logaras
Bryan Bergeon
David Curtis
Jared Heck
R3-DORS




ADAMS Accession Number: ML25083A268
                             ☒ Non-Sensitive                      ☒ Publicly Available
   ☒    SUNSI Review
                             ☐ Sensitive                          ☐ Non-Publicly Available
 OFFICE RIII               RIII
 NAME    JWinslow:gl       ANguyen
 DATE    03/26/2025        03/26/2025


                                     OFFICIAL RECORD COPY
                          U.S. NUCLEAR REGULATORY COMMISSION
                                     Inspection Report


Docket Numbers:              05000255 and 07200007


License Number:              DPR‑20


Report Numbers:              05000255/2025001 and 07200007/2024001


Enterprise Identifiers:      I‑2025‑001-0078 and I‑2024‑001‑0149


Licensee:                    Holtec Decommissioning International, LLC


Facility:                    Palisades Nuclear Plant


Location:                    Covert, MI


Inspection Dates:            January 01, 2025 to February 28, 2025


Inspectors:                  J. Austin, Senior Project Engineer, Region II
                             B. Bergeon, Senior Operations Engineer
                             D. Hoang, Senior Project Engineer
                             B. Lin, Senior Health Physicist
                             J. Mancuso, Senior Resident Inspector
                             J. Nance, Operations Engineer
                             T. Okamoto, Resident Inspector
                             A. Sanchez, Senior Project Engineer, Region IV
                             D. Sargis, Emergency Response Coordinator
                             S. Schwind, Senior Resident Inspector, Callaway
                             A. Shaikh, Senior Reactor Inspector
                             C. Speer, Reactor Systems Engineer, NRR
                             T. Steadham, Senior Resident Inspector, Browns Ferry
                             D. Werkheiser, Senior Reactor Analyst, Region I
                             J. Winslow, Senior Project Engineer, Restart Team


Approved By:                 April M. Nguyen, Lead
                             Palisades Restart Team
                             Division of Operating Reactor Safety




                                                                                    Enclosure
                                          SUMMARY

The U.S. Nuclear Regulatory Commission (NRC) performed inspections of the licensee’s
activities to verify that the reactor coolant system boundary, reactor vessel head, and
risk-significant piping system boundaries are appropriately monitored for degradation and that
required repairs and replacements are appropriately examined and accepted; systems,
structures, and components (SSCs) are appropriately inspected, maintained, and tested to
ensure they can perform their required safety functions for potential restart; the licensed
operator requalification training program and operator performance are appropriately performed;
and independent spent fuel storage installation (ISFSI) cask loading activities are appropriately
performed.

                               List of Findings and Violations

 Failure to Correct an Inadequate Surveillance on the Spent Fuel Pool Overhead Crane
 Cornerstone          Severity                                   Cross-Cutting Report Section
                                                                 Aspect
 Not Applicable       Severity Level IV                          Not Applicable 60855
                      NCV 07200007/2024001‑01
                      Open/Closed
 The inspectors identified a severity level IV non-cited violation of Title 10 of the Code of
 Federal Regulations (10 CFR) Part 50, Appendix B, Criterion XVI, “Corrective Action,” for the
 licensee’s failure to establish measures to assure a condition adverse to quality was
 corrected. Specifically, the licensee did not take corrective action when they identified that
 the spent fuel pool overhead crane annual surveillance was performed without calibrated
 measuring and test equipment (M&TE). As a result, the safety-related work could not be
 validated, and the site could not maintain traceability of equipment used to perform
 measurements in the surveillance.


                                  Additional Tracking Items

None.




                                                2
PLANT STATUS

The Palisades Nuclear Plant ceased power operations and subsequently removed all fuel from
the reactor, as certified in a letter to the NRC on June 13, 2022. On September 28, 2023, Holtec
Decommissioning International, LLC (Holtec) submitted a letter to the NRC requesting
exemptions from certain portions of the requirements of 10 CFR 50.82(a)(2) to pursue the
potential reauthorization of power operations. The NRC is conducting inspections to evaluate
and assess the licensee’s activities for potential restoration to an operational status.

The resident inspectors, as well as supplemental inspectors, continue to supply daily oversight
of the restart activities occurring at the site.

INSPECTION SCOPES

Inspections were conducted using the appropriate portions of the referenced inspection
procedures (IPs) in effect at the beginning of the inspection unless otherwise noted. Currently
approved IPs with their attached revision histories are located on the public website at
http://www.nrc.gov/reading-rm/doc-collections/insp-manual/inspection-procedure/index.html.

REACTOR SAFETY CORNERSTONES

71111.01 - Adverse Weather Protection

Impending Severe Weather (IP Section 03.02)

   (1)   The inspectors evaluated the adequacy of the overall preparations to protect
         risk-significant systems from impending winter weather due to a winter weather
         advisory during the week of January 20, 2025. The inspectors focused their reviews on
         winter weather preparations for the service water system, plant boiler heating system,
         and outdoor storage tanks.

71111.05 - Fire Protection

Fire Area Walkdown and Inspection (IP Section 03.01)

   The inspectors evaluated the implementation of the fire protection program by conducting a
   walkdown and performing a review to verify program compliance, equipment functionality,
   material condition, and operational readiness of the following fire areas:

   (1)   Pre-fire Plan Area 13G: Spent Fuel Pool Heat Exchanger Room, 590′ elevation on
         February 19, 2025


71111.08P - Inservice Inspection Activities (PWR)

From January 7, 2025, to February 28, 2025, the inspectors observed and verified Holtec
Palisades’ nondestructive examination (NDE) and repair/replacement activities of the reactor
pressure vessel head and Alloy 600 welds, conducted in accordance with the requirements of
the ASME Code Section XI. The purpose of these inspections was to verify that the reactor
coolant system boundary, reactor pressure vessel head, and risk-significant piping system
boundaries are appropriately monitored for degradation. The inspectors also verified that the


                                                3
examination results were thoroughly reviewed and appropriately evaluated, and that required
corrective actions to address identified indications and defects will be appropriately
implemented. During this inspection period, the licensee completed NDE activities and
evaluation of data for both the reactor pressure vessel head and Alloy 600 welds in the primary
coolant system and began repair/replacement activities in both areas. Further NRC inspections
will monitor repair/replacement activities as they are conducted.

The inspectors verified that the following nondestructive examination and repair/replacement
activities were conducted appropriately per the ASME Code or required standard, and that any
potential indications and defects were identified and evaluated at the proper thresholds:

Nondestructive Examination and Welding Activities (IP Section 03.01)

Alloy 600 Weld Inspection and Mitigation (January 7 through February 21, 2025)
    • Surge Line Hot Leg Weld Overlay Fabrication
    • Shutdown Cooling Hot Leg Weld Overlay Post Welding Ultrasonic Examination and
       Liquid Penetrant Examination
    • Surge Line Hot Leg Weld Overlay Post Welding Ultrasonic Examination
    • Safety Injection Cold Leg 1A and 2B Weld Overlay Fabrication

Vessel Upper Head Penetration Inspection Activities (IP Section 03.02)

Reactor Pressure Vessel Head Nozzle Repairs and Examinations
   • All penetrations nozzles except nozzle #5 final nozzle machining and surface
      preparation (flapping to smooth out surface)
   • All penetrations nozzles except nozzle #5 post-machining liquid penetrant examination
   • Nozzle #5 inner diameter bore measurements

71111.11Q - Licensed Operator Requalification Program and Licensed Operator Performance

Licensed Operator Requalification Program and Licensed Operator Performance

   (1)   The inspectors observed quarterly licensed operator requalification training during an
         evaluated scenario on January 7, 2025.

71111.13 - Maintenance Risk Assessments and Emergent Work Control

Risk Assessment and Management Sample (IP Section 03.01)

The inspectors evaluated the accuracy and completeness of risk assessments for the following
planned work activities to ensure configuration changes and appropriate work controls were
addressed:

   (1)   Primary Coolant Pump ‘D’ lift activities during the work weeks of January 10 through
         January 21, 2025
   (2)   Dry Fuel Storage Cask lift activities on January 10, 2025
   (3)   Turbine Generator Rotor lift activities on January 25, 2025
   (4)   Low Pressure Turbine ‘B’ hood cover lift activities on February 4, 2025


                                               4
OTHER BASELINE ACTIVITIES

71152 - Problem Identification and Resolution

System Return to Service

During the inspection period, the inspectors continued reviews of Phases I and II of the
licensee’s system return to service (SRTS) plans. The SRTS plans document licensee activities
to verify that the configuration and condition of Systems, Structures, and Components (SSCs)
are consistent with the design and licensing bases to support potential restart. The inspectors
reviewed Phases I and II of the SRTS plans, which include areas such as licensing and
design-basis functions, system material conditions, reviewing open and deferred work prior to
shutdown, and program applicability. The inspectors conducted these reviews using IP 71152,
“Problem Identification and Resolution,” and IP 71111.21M, “Comprehensive Engineering Team
Inspection (CETI),” as applicable.

The inspectors commenced reviews of the SRTS plans for the following systems:
   • Control Rod Drive System
   • Dry Fuel Storage
   • Containment and Fuel Pool Cranes

The inspectors completed initial reviews of the SRTS plans for the following systems:
   • Auxiliary Feedwater (AFW)
   • AC Power Systems (4160 Volt and 2400 Volt)
   • Service Water
   • DC Power Systems (Vital and Non-vital)
   • Emergency Diesel Generators (EDGs)
   • Low Pressure Safety Injection and Shutdown Cooling

These systems were selected based on the importance of the SSCs during normal and
emergency plant operating conditions, risk significance and defense-in-depth of the SSC’s
specific functions and required work/modifications of the SSCs scheduled prior to potential
restart.

The inspectors evaluated the initial SRTS plans for each system to identify if planned licensee
activities will verify that the configuration and condition of the SSCs are consistent with the
proposed operational design and licensing bases to support restart and verify readiness of the
SSCs to support a return to service. The inspectors noted that the SRTS plans are intended to
be living documents with a phased approach to SRTS. The initial plans were noted to be at a
very high level and did not always provide specific details associated with inspection or testing
plans. The inspectors noted that this specific level of detail is still in progress and, as the
licensee progresses through the SRTS phases, the SRTS plans will undergo additional reviews
by NRC inspector to ensure SSCs.




                                                5
OTHER ACTIVITIES – TEMPORARY INSTRUCTIONS, INFREQUENT AND ABNORMAL

60855 - Operation of an ISFSI

Operation of an ISFSI (1 Sample)

   (1)   The inspectors evaluated the licensee’s independent spent fuel storage installation
         (ISFSI) cask loading activities from December 16, 2024, through
         January 10, 2025. Specifically, the inspectors observed the following activities during
         the loading of multi-purpose canister (MPC) No. 426:
             1. Fuel loading
             2. Heavy load movement of loaded MPC out of the spent fuel pool
             3. Canister lid welding
             4. Nondestructive evaluation of canister welds
             5. Radiological field surveys
             6. Forced helium dehydration

         The inspectors performed walkdowns of the ISFSI pads, walkdowns of the ISFSI haul
         path, and independent radiation surveys.

         The inspectors evaluated the following:
            1. Spent fuel selected for loading into dry cask storage during this loading
                campaign
            2. Selected corrective action program documents
            3. Selected 10 CFR 72.48 screenings and evaluations
            4. Changes to the site's 10 CFR 72.212 report since the previous inspection



INSPECTION RESULTS

 Failure to Correct an Inadequate Surveillance on the Spent Fuel Pool Overhead Crane
 Cornerstone Severity                                        Cross-        Report Section
                                                             Cutting
                                                             Aspect
 Not            Severity Level IV                            Not           60855
 Applicable     NCV 07200007/2024001‑01                      Applicable
                Open/Closed

 The inspectors identified a severity level IV non-cited violation of Title 10 of the Code of
 Federal Regulations (10 CFR) Part 50, Appendix B, Criterion XVI, “Corrective Action,” for the
 licensee’s failure to establish measures to assure a condition adverse to quality was
 corrected. Specifically, the licensee did not take corrective action when they identified that the
 spent fuel pool overhead crane annual surveillance was performed without calibrated
 measuring and test equipment (M&TE). As a result, the safety-related work could not be
 validated, and the site could not maintain traceability of equipment used to perform
 measurements in the surveillance.




                                                 6
Description:

On May 13, 2024, the licensee performed work order 50086009‑01‑01‑009 and procedure
MSM-M‑13C, “Spent Fuel Pool Crane L‑3 Periodic Inspection.” Step 3.6.1 states specific
M&TE to be used during the surveillance and lists a table to document the identification
number and calibration due date for each piece of equipment. The licensee did not document
any M&TE data for the ammeter, multimeter, or dial caliper. For the torque wrench, the
licensee documented a torque wrench that was out of calibration. The work order was signed
off as complete on May 13, 2024.

On August 5, 2024, the licensee wrote corrective action document PAL‑02834. The licensee
identified the failure to document the use of calibrated M&TE. The licensee also identified that
M&TE traceability was not being maintained in accordance with the site quality assurance
program. The licensee made a corrective action to perform a work group evaluation to
determine the cause of the issue. The licensee subsequently created an action to inform other
work groups of the vulnerability of not using calibrated M&TE. However, the licensee did not
create any actions to address the fact that the surveillance was not done in accordance with
the licensee’s procedure and the site quality assurance program. The corrective actions were
closed out and the issue report was closed on December 2, 2024.

During the cask loading campaign beginning in December 2024, the inspectors reviewed the
spent fuel pool crane periodic inspection and associated corrective action documents and
identified that the crane inspection still did not have traceability of M&TE used to perform the
measurements. The licensee stopped work with the crane and performed work order
00588078‑01 to re-do the portions of the annual crane inspection that required the use of
calibrated M&TE. The licensee identified that the crane emergency brake torque was higher
than the allowed tolerance. The licensee adjusted the brake torque to within the allowed
tolerance and documented the condition in the corrective action program.

The inspectors noted that the licensee had sufficient time to create and complete a corrective
action to restore the crane to full compliance because 4 months elapsed from the
identification of the issue and the closure of the issue report. Additionally, the licensee
performed a heavy lift of a loaded spent fuel canister following the closure of the issue report
that identified the crane inspection was done without calibrated M&TE. It was determined that
there was no impact to lifting the canister or to the structural integrity of the crane during this
heavy lift.

Corrective Actions: The licensee performed work order 00588078‑01 “L-3 Return to
Operability,” in order to re-do sections of the spent fuel crane annual surveillance that
required calibrated M&TE. The licensee set the emergency brake torque to the correct
tolerance.

Corrective Action References: PAL-04948 and PAL-04960
Performance Assessment: None
Enforcement:

Severity: The inspectors determined that the issue was more than minor because it was
similar to example 4.c of Inspection Manual Chapter (IMC) 0612, Appendix E, “Examples of
Minor Issues.” Specifically, the crane was used to perform a heavy lift of a loaded spent fuel
canister and subsequent testing identified that the emergency brake torque measurement



                                                 7
 was outside of tolerance. The inspectors determined that the issue was of very low safety
 significance because it did not affect the structural qualification of the crane and there were
 no actual consequences as a result of this violation. Therefore, the violation was determined
 to be a severity level (SL) IV non-cited violation (NCV).

 Violation: Title 10 CFR Part 50, Appendix B, Criterion XVI, “Corrective Actions,” requires, in
 part, that measures shall be established to assure that conditions adverse to quality, such as
 failures, malfunctions, deficiencies, deviations, defective material and equipment, and
 nonconformances are promptly identified and corrected.

 Contrary to the above, from August 5, 2024 to January 18, 2025, the licensee failed to
 establish measures to assure that conditions adverse to quality were promptly
 corrected. Specifically, the licensee identified that the safety-related L-3 spent fuel pool
 overhead crane annual surveillance was performed without calibrated measuring and test
 equipment. The licensee entered the issue into the corrective action program as
 PAL-02834. The licensee failed to correct or take corrective actions to address the improper
 M&TE usage for the surveillance and closed PAL-02834 on December 2, 2024.

 Enforcement Action: This violation is being treated as a non-cited violation, consistent with
 Section 2.3.2 of the Enforcement Policy.



EXIT MEETINGS AND DEBRIEFS

The inspectors verified no proprietary information was retained or documented in this report.

   •   On March 5, 2025, the inspectors presented the inspection results to M. Mlynarek,
       Site Vice President, and other members of the licensee staff.
   •   On January 30, 2025, the inspectors presented the ISFSI cask loading inspection results
       to M. Mlynarek, Site Vice President, and other members of the licensee staff.




                                                8
DOCUMENTS REVIEWED

Inspection   Type                Designation       Description or Title                                       Revision or
Procedure                                                                                                     Date
60855        ALARA Plans         EN-RP-105         ALARA Plan                                                 20
             Corrective Action   PAL-02834         Quality Assurance (QA) Identified Finding                  08/05/2024
             Documents           PAL-04592         FME in SFP                                                 12/16/2024
                                 PAL-04834         Loss of Power to Helium Dehydration (FHD) Skid             01/10/2025
             Corrective Action   PAL-04947         L-3 Spent Fuel Pool Overhead Crane                         01/16/2025
             Documents           PAL-04948         Inadequate Disposition and Actions Related to              01/16/2025
             Resulting from                        IR PAL-02834
             Inspection          PAL-04949         NRC Identified - L-3 (Spent Fuel Pool Crane) Readings      01/16/2025
                                 PAL-04960         L-3 Crane Emergency Brake Torque Out of Tolerance          01/17/2025
             Engineering         24-0464           Perform Modification to Change East Trolley Limit Switch   0
             Changes                               on L-3
                                 24-0551           HPP-3226 Series Procedures Changes                         0
                                 72.48 - 1677      Review of Design Change Package EC 93344 and All           0
                                                   Holtec Reports Applicable to Palisades Nuclear Power
                                                   Plant
             Miscellaneous       HI-2241072        Palisades VCC & Pad Inspection 2024                        11/12/2024
             NDE Reports         HSP-507           MPC #426 Lid to Shell Welds + Hydro                        01/07/2025
             Procedures          ENG-423           Fuel Selection for Holtec Hi-Storm FW MPC Storage          11
                                                   System
                                 HPP-3226-0300     MPC Sealing, Drying, and Backfilling at Palisades          0
                                 HPP-3226-0400     MPC Stack-Up and Transfer at Palisade                      0
                                 MS LT-MPC-        Helium Leak Test Report for Multi Purpose Canister         3665-03
                                 Holtec            (MPC) Vent and Drain Cover Plate
             Radiation           2025-0101         Contamination Tech Spec Survey MPC #427                    01/21/2025
             Surveys
             Work Orders         00588078-01       L-3, Return to Operability                                 01/18/2025
                                 50086009-01-01-   L-3, Inspect Fuel Pool Crane                               05/13/2024
                                 0009
71111.01     Corrective Action   PAL-05032         Frozen tube to service water compositor                    01/21/2025
             Documents           PAL-05045         LIT-1336B, F-4B Bay Level West Side, Failed LOW            01/21/2025
                                 PAL-05056         Cooling Tower Pump House Temperature                       01/22/2025


                                                           9
Inspection   Type            Designation       Description or Title                                       Revision or
Procedure                                                                                                 Date
                             PAL-05070         Hydrogen Monitor C-164 Heat Trace Panel Contactor          01/22/2025
                                               Failed
             Procedures      SOP-15,           Frazil Ice - Information/Prevention/Mitigation             Revision 73
                             Attachment 10
                             SOP-23,           Actions When Outside Temperatures Are Less Than 20F        Revision 71
                             Attachment 14
71111.05     Fire Plans      PFP               Pre-Fire Plan                                              Revision 6
             Procedures      FPIP-1            Fire Protection Plan, Organization, and Responsibilities   Revision 28
                             FPIP-4            Fire Protection and Fire Protection Equipment              Revision 44
71111.08P    NDE Reports     HLSC 350-00-PT-   Liquid Penetrant Examination of Hot Leg Shutdown           01/21/2025
                             001               Cooling Nozzle Weld Overlay
                             HLSC 360-00-      Ultrasonic Examination of Elbow to Safe End to Nozzle      01/22/2025
                             UT-001            Overlay
             Procedures      54-ISI-864-007    Manual Phased Array Procedure for Weld Overlaid Similar    02/21/2019
                                               and Dissimilar Metal Welds
                             54-PT-200-026     Color Contrast Removable Liquid Penetrant Examination      10/31/2023
                                               of Components
                             LMT-10-PAUT-      Manual Phased Array Ultrasonic Examination of Dissimilar   019
                             019               Metal Piping Welds
71111.11Q    Miscellaneous   PLSEG-LOR-        Simulator Exercise Guide                                   0
                             25A-06,
                             Performance
                             Exam
71111.20     Procedures      MA-010            Material Handling Program                                  Revision 2
71152        Engineering     EC 92577          Decommissioning Equipment Classification and FSAR          0
             Changes                           Markups
             Procedures      ENG-105           System Return to Service Plans                             1




                                                      10
"
ML25041A225,2024004,2025-02-14,PALISADES NUCLEAR PLANT - NRC INSPECTION REPORT NOS. 05000255/2024004,https://www.nrc.gov/docs/ML2504/ML25041A225.pdf,1,archive/reports/ML25041A225/b1885fa00027fd8534d7f893ac6b40018f6ab47db60aacec6c87696af77225bd.pdf,archive/reports/ML25041A225/b1885fa00027fd8534d7f893ac6b40018f6ab47db60aacec6c87696af77225bd.txt,"                                           February 14, 2025
Mike Mlynarek
Site Vice President
Holtec Decommissioning
International, LLC
Palisades Nuclear Plant
27780 Blue Star Memorial Highway
Covert, MI 49043-9530

SUBJECT:       PALISADES NUCLEAR PLANT - NRC INSPECTION REPORT
               NOS. 05000255/2024004

Dear Mike Mlynarek:

On December 31, 2024, the U.S. Nuclear Regulatory Commission (NRC) completed an
inspection at Palisades Nuclear Plant. On January 08, 2025, the NRC inspectors discussed the
results of this inspection with Mike Mlynarek, Site Vice President, and other members of your
staff. The results of this inspection are documented in the enclosed report.

During the inspection, the NRC inspectors reviewed the following aspects of onsite activities:
fire protection and decommissioning performance. The inspection consisted of an examination
of activities at the site as they relate to safety and compliance with the Commission’s rules and
regulations.

Based on the results of this inspection, the NRC identified one Severity Level IV violation of
NRC requirements. However, because of the very low safety significance and because the
issue was entered into your Corrective Action Program (CAP), the NRC is treating the issue as
a Non-Cited Violation (NCV), in accordance with Section 2.3.2 of the NRC's Enforcement Policy.
In addition, One Unresolved Item (URI) was opened to seek program office support in
evaluating use of the decommissioning trust fund during a restart initiative.

If you contest the violation or severity of the violation, you should provide a response within
30 days of the date of this inspection report, with the basis for your denial, to the U.S. Nuclear
Regulatory Commission, ATTN: Document Control Desk, Washington, DC 20555–0001, with
copies to the Regional Administrator, Region III; and the Director, Office of Enforcement.
M. Mlynarek                                   2

This letter, its enclosure, and your response (if any) will be made available for public inspection
and copying at http://www.nrc.gov/reading-rm/adams.html and at the NRC Public Document
Room in accordance with Title 10 of the Code of Federal Regulations (CFR) 2.390,
“Public Inspections, Exemptions, Requests for Withholding.”

                                              Sincerely,
                                                                      Signed by Hills, David
                                                                      on 02/14/25



                                              David E. Hills, Chief
                                              Decommissioning, Reactor, and ISFSI HP Branch
                                              Division of Radiological Safety and Security

Docket No: 50-255
License No: DPR-20

Enclosure:
IR Nos. 05000255/2024004

cc w/encl: Distribution via LISTSERV®
M. Mlynarek                                 3


Letter to M. Mlynarek from D. Hills dated February 14, 2025.

SUBJECT:      PALISADES NUCLEAR PLANT - NRC INSPECTION REPORT
              NOS. 05000255/2024004

DISTRIBUTION w/encl:
Jack Giessner
Mohammed Shuaibi
Shaun Anderson
Marlayna Doell
David Curtis
Jared Heck
Harral Logaras
Viktoria Mitlyng
Prema Chandrathil
Carolyn Wolf
Fred Miller
Richard Turtil
Zach Turner
April Nguyen
Julie Winslow
Doris Chyu
Jennifer Dalzell
Alejandro Alen Arias
Diana Betancourt-Roldan
RidsNrrPMPalisades Resource
RidsNrrDorlLpl3
RidsNrrDroIrib Resource
R3-DORS
SOSBInspRptDistro@usnrc.onmicrosoft.com




ADAMS ACCESSION NUMBER:ML25041A225
Entire Report:       ☒ Non-Sensitive                           ☒ Publicly Available
☒ SUNSI Review       ☐ Sensitive                               ☐ Non-Publicly Available
OFFICE    RIII/DRSS  RIII/DRSS
NAME      VMeyers:dc DHills
DATE      02/12/2025 02/14/2025
                          OFFICIAL OFFICE COPY
                U.S. NUCLEAR REGULATORY COMMISSION
                              REGION III


Docket No:          50-255


License No:         DPR-20


Report No:          05000255/2024004


Licensee:           Holtec Decommissioning International, LLC


Facility:           Palisades Nuclear Plant


Location:           Covert, MI


Inspection Dates:   October 1, 2024, to December 31, 2024


Inspectors:         Valerie Myers, Sr Health Physicist


Approved by:        David E. Hills, Chief
                    Decommissioning, Reactor, and ISFSI HP Branch
                    Division of Radiological Safety and Security




                                                                    Enclosure
                                    EXECUTIVE SUMMARY

                                 Palisades Nuclear Plant
                   NRC Inspection Report Nos. 05000255/2024004(DRSS)

This U.S. Nuclear Regulatory Commission (NRC) inspection was a routine, announced
inspection of decommissioning activities being conducted at the facility. A brief summary of the
areas reviewed are described below.

Fire Protection Program

 •   An effective decommissioning Fire Protection Program was maintained and implemented
     that reasonably prevented fires; provided the capability to rapidly detect, control, and
     extinguish fires that could result in radiological hazards; and ensured the risk of fire-
     induced hazards to the public, environment, and plant personnel were minimized.

Decommissioning Performance and Status Review

 •   One Severity Level IV NCV of 10 CFR 50.82(a)(8)(i) was identified because Holtec
     Decommissioning International (HDI) used the Decommissioning Trust Fund (DTF) for
     expenses that were not legitimate decommissioning activities. One Unresolved Item (URI)
     was opened to address questions related to use of the DTF during a restart initiative.




                                                2
                                         Report Details

Summary of Facility Status

The Palisades Nuclear Plant is a permanently shut-down and defueled power reactor. During
this inspection period, the licensee did not conduct any major decommissioning activities as
defined in 10 CFR 50.2. However, the licensee was performing restart related activities during
this period.

4.0    Fire Protection Program at Permanently Shut down Reactors (IP 64704)

4.1    Inspection Scope

       The purpose of this portion of the inspection was to evaluate the effectiveness of the fire
       protection program to ensure adequate protection from fire-induced release of
       radioactive material.

4.2    Observations and Findings

       In January 2024 Palisades Nuclear Plant transitioned its fire protection program to an
       incipient fire brigade consistent with reduced risk at the site. The inspectors reviewed fire
       protection program implementing procedures to assess whether this change was
       implemented effectively across these procedures. The inspectors performed walkdowns
       of the auxiliary building to verify fire protection equipment was available as required by
       the fire protection plan and that combustibles were controlled. In addition, the inspectors
       reviewed maintenance and testing of various detection and suppression systems.
       Training records were reviewed against several shift crews to verify that each shift had
       the required fire brigade qualified individual. The inspectors reviewed various corrective
       action program documents to ensure issues were being identified and corrected at the
       appropriate threshold.

       No findings were identified.

4.3    Conclusions

       An effective decommissioning Fire Protection Program was maintained and
       implemented that reasonably prevented fires; provided the capability to rapidly detect,
       control, and extinguish fires that could result in radiological hazards; and ensured the
       risk of fire-induced hazards to the public, environment, and plant personnel were
       minimized.

5.0    Decommissioning Performance and Status Review at Permanently Shut down
       Reactors (IP 71801)

5.1    Inspection Scope

       The purpose of this portion of the inspection was to evaluate the use of the Palisades
       Nuclear Plant DFT.




                                                 3
5.2   Observations and Findings

      During NRC review of the most recent annual financial assurance report, the NRC noted
      that there was an apparent increase of approximately $50 million in the estimated
      decommissioning costs in the spent fuel management area. The inspectors discussed
      this variance with the licensee and reviewed a breakdown of the estimated costs as
      compared to the original estimate. The approximate values for major contributors to the
      increase in decommissioning costs in the spent fuel management area included
      1) $20 million for ancillary equipment that HDI had not incorporated into its initial
      estimate as it had planned to use the equipment from another HDI site; however, this
      equipment is in use at the other site, 2) $12 million for evaluations, licensing, and receipt
      of canisters designed for high heat load to allow for fuel removal earlier than initially
      planned, 3) $5 million for additional containers for damaged fuel, and 4) $9 million for the
      movement of spent fuel from the pool to dry fuel storage, based on lessons learned from
      other HDI sites that have completed these activities. The inspectors did not identify any
      issues with these expenditures as the licensee was granted an exemption by letter from
      the NRC dated December 13, 2021 (ML21286A294 & ML21286A506), to allow use of
      the DTF for spent fuel management. Further, the NRC concluded in its annual financial
      assurance report review dated September 18, 2024 (ML24240A169), that the licensee
      continues to satisfy the decommissioning funding assurance requirements of 10 CFR
      50.82. The NRC will continue to perform these annual reviews as future reports are
      submitted to verify continued adequate funding to complete all NRC-required radiological
      decommissioning activities.

      As Palisades was an industry first in pursuing restart after both 10 CFR 50.82(a)(1)
      certifications were filed, the NRC inspectors opted to perform a more in-depth review of
      DTF expenditures to ascertain how the licensee distinguished decommissioning versus
      restart activities for that purpose. The inspectors requested information regarding
      withdrawals made from the Palisades DTF from October 1, 2023, to October 28, 2024.
      In March, May, and October of 2024, HDI made withdrawals from the DTF totaling
      approximately $105 million. These withdrawals were made to reimburse HDI for
      expenditures HDI incurred from June 28, 2022, through February 2024. The inspectors
      reviewed invoice descriptions to assess whether the DTF had been used for activities
      specifically related to the restart initiative. The inspectors did not identify any withdrawals
      for restart specific activities.

      The inspectors determined that the major contributors to the above $105 million included
      about $56 million related to the ongoing dry fuel storage campaign, which as indicated
      above was an allowed Palisades DTF expense. About $18 million was for site security,
      about $13 million was for payroll, and the remainder consisted of expenditures such as
      electric bills, taxes, environmental monitoring, contract labor force, rental equipment,
      calibration services, janitorial services, etc. These other expenditures, focused on
      maintaining the site, supported both decommissioning and restart efforts. The inspectors
      considered the following circumstances in further evaluating the licensee’s treatment of
      these site maintenance expenditures:




                                                4
•   In a letter to the NRC dated February 1, 2023 (ML23032A399), the licensee outlined
    a proposed regulatory path for the reauthorization of power operations.

•   In a letter to the NRC dated September 28, 2023 (ML23271A140), the licensee
    submitted a request for an exemption from certain requirements in 10 CFR 50.82 to
    allow for restarting the plant after entering decommissioning. Subsequent to this
    exemption request, the licensee has submitted various license amendment requests
    to reauthorize power operations.

•   In a letter dated April 9, 2024 (ML24100A689), the licensee noted that on March 27,
    2024, the Department of Energy announced issuance of conditional commitment for
    a DOE load guarantee to Holtec Palisades, and accordingly HDI was now directing
    most of its Palisades Nuclear Power Plant resources and would be adding
    substantial additional resources to support the restart project. The letter informed the
    NRC of HDI’s intent to depart from the schedule described in its Post Shutdown
    Decommissioning Activities Report in order to support plant restart and provided an
    anticipated schedule for exiting decommissioning.

•   As the facility was still in decommissioning status, the licensee continued to incur
    expenses to the DTF for what it considered legitimate decommissioning activities. As
    the pace of in-plant restart activities picked up, the licensee later verbally informed
    the NRC staff that it had decided to stop incurring expenses against the DTF as of
    June 1, 2024. The inspectors noted examples though of the licensee continuing to
    reimburse itself from the DTF for expenses incurred prior to that date.

While these site maintenance expenditures were typically legitimate DTF expenses for a
site in decommissioning, the inspectors questioned the legitimacy of continuing to rely
on DTF funds for these activities for a plant that was focusing on restart, and at what
point should that transition away from the DTF use occur. This is considered an
unresolved item (URI) pending program office support in evaluating and providing
clarification.

(URI 05000255/2024004-01, Use of Decommissioning Trust Fund During Restart
Initiative)

In Inspection Report No. 05000255/2023004 dated February 20, 2024 (ML24045A147),
the NRC identified one Severity Level IV Non-Cited Violation involving the licensee’s use
of the Palisades DTF for expenses that were not legitimate decommissioning activities.
This included expenses that were clearly related to plant restart that had been
inadvertently mis-coded as well as voluntary contributions to community events/support
activities. Subsequent to the NRC’s identification of the NCV, the licensee performed its
own external audit of the use of the DTF that included DTF withdraw packages created
from June 2022 to January 2024. This audit identified withdrawals from the DTF for
union dues that were funded from another source, hence were duplicative and additional
charitable contribution examples, both of which were not considered legitimate uses of
the DTF. The licensee initiated a condition report to document the identified issues and
issued a credit letter to the DTF to include the identified amount plus interest.




                                         5
      However, upon review of DTF withdrawals during the inspection, the inspectors
      identified additional duplicative union dues withdrawals that were not included in the
      findings from the external audit. After discussion with HDI and the auditor, it was
      determined that the audit report had inadvertently failed to identify all the duplicative
      union dues withdrawals. HDI placed this into the CAP as PAL-04802 with actions to
      update the audit and credit the DTF as necessary. These expenditures constituted a
      violation of NRC requirements.

      Violation

      10 CFR 50.82(a)(8)(i) states, in part, that decommissioning trust funds may be used by
      licensees if the withdrawals are for expenses for legitimate decommissioning activities
      consistent with the definition of decommissioning in 10 CFR 50.2.

      10 CFR 50.2 defines decommissioning as removing a facility or site safely from service
      and reducing residual radioactivity to a level that permits—
             (1) Release of the property for unrestricted use and termination of the license; or
             (2) Release of the property under restricted conditions and termination of the
                 license.

      Contrary to the above, between June 2022 and October 2024, HDI used the Palisades
      DTF for expenses that were not legitimate decommissioning activities. Specifically, HDI
      used funds to purposes that were not related to removing the facility or site safely from
      service and reducing residual activity to a level that permits release of the property for
      either unrestricted or restricted conditions and termination of the license. These included
      withdrawals for duplicate union dues and charitable contributions.

      This violation was determined to be a Severity Level IV violation. The NRC considered
      NRC Enforcement Policy example 6.3.c.1, dated January 14, 2022, regarding a
      significant failure to meet decommissioning as required by regulation or license condition
      for materials sites. Additionally, the NRC considered the legitimacy of use, the dollar
      amount involved compared to the total DTF amount, and programmatic aspects in
      making this determination. The NRC determined that the DTF was illegitimately used,
      that the amount is a small fraction of the Palisades DTF and did not represent a
      significant failure to meet decommissioning, and that this was not a single failure event,
      there were numerous occurrences. HDI entered this issue into the CAP as PAL-03705
      and PAL-04254 and initiated corrective actions to restore the funds back into the DTF.

      Since the licensee placed the deficiency into its CAP, the violation was of very low safety
      significance, and because the violation was not willful or repetitive, this violation is being
      treated as an NCV, consistent with Section 2.3.2.a of the NRC Enforcement Policy.

      (NCV 05000255/2024004-02, Improper Use of Decommissioning Trust Fund)

5.3   Conclusions

      One Severity Level IV NCV of 10 CFR 50.82(a)(8)(i) was identified because HDI used
      the DTF for expenses that were not legitimate decommissioning activities. One URI was
      opened to address questions related to use of the DTF during a restart initiative.




                                                6
     6.0    Exit Meeting

     The inspectors presented the results of the inspection to Mike Mlynarek and other
     members of the Palisades Nuclear Plant staff at an exit meeting on January 08, 2025.
     The licensee acknowledged the results presented and did not identify any of the
     information discussed as proprietary.

ATTACHMENT: SUPPLEMENTAL INFORMATION




                                            7
                                SUPPLEMENTAL INFORMATION

                         PARTIAL LIST OF PERSONS CONTACTED

William Noval, Director of Regulatory Affairs
Troy Geauthreaux, Chief Financial Officer
Jim Miksa, Regulatory Assurance Manager


                           INSPECTION PROCEDURES (IPs) USED

IP 64704       Fire Protection Program at Permanently Shut down Reactors
IP 71801       Decommissioning Performance and Status Reviews at Permanently
               Shutdown Plants


                        ITEMS OPENED, CLOSED, AND DISCUSSED

 Opened                   Type        Summary

 05000255/2024004-01      URI         Use of Decommissioning Trust Fund During
                                      Restart Initiative
 05000255/2024004-02      NCV         Improper Use of Decommissioning Trust Fund

 Closed                   Type        Summary

 05000255/2024004-02      NCV         Improper Use of Decommissioning Trust Fund




                                                8
                         PARTIAL LIST OF DOCUMENTS REVIEWED

The following is a partial list of documents reviewed during the inspection. Inclusion on this list
does not imply that the NRC inspectors reviewed the documents in their entirety, but rather that
selected sections of portions of the documents were evaluated as part of the overall inspection
effort. Inclusion of a document on this list does not imply NRC acceptance of the document or
any part of it, unless this is stated in the body of the inspection report.

- FPIP-1; Fire Protection Plan, Organization and Responsibilities; Revision 28
- FPIP-2; Fire Protection Implementing Procedure; Revision 27
- FPIP-4; Fire Protection Systems and Fire Protection Equipment; Revision 44
- FPIP-6; Fire Suppression Training; Revision 26
- WO 50083612; Fire Suppression Valve Operation Test; 06/19/2024
- WO 50083615; Fire Suppression Water System Valve Alignment; 07/24/2024
- WO 50083616; Fire Hose Reel/Rack Valve and Station and Fire Hydrant Hose House
  Inspection; 09/14/2024
- WO 50083624; K-10 (P-41) Inspection and Preventative Maintenance; 11/28/2023
- WO 52957672; Functional Test of Fire Detection in Containment; 08/30/2023
- PL-TRN24-0232; Initial Incipient Fire Brigade Training; 02/12/2024
- Pre-Fire Plans; Revision 6
- Covert Fire Department Letter of Agreement; 03/27/2024
- Decommissioning Trust Fund Extent of Condition Review; 10/09/2024
- DSP-RA-005; Nuclear Decommissioning Trust Fund Reimbursement; Revision 0
- DTF withdraw invoice files; Dates Pulled 3/27/2024 through 10/28/2024
- Palisades DTF Credit Letter; 10/18/2024


                                  LIST OF ACRONYMS USED

ADAMS          Agencywide Document Access and Management System
CAP            Corrective Action Program
CFR            Code of Federal Regulations
DRSS           Division of Radiological Safety and Security
DTF            Decommissioning Trust Fund
HDI            Holtec Decommissioning International
IP             Inspection Procedure
IR             Inspection Report
NCV            Non-Cited Violation
NRC            U.S. Nuclear Regulatory Commission
URI            Unresolved Item




                                                 9
"
ML25024A083,2024013,2025-01-24,PALISADES NUCLEAR PLANT – RESTART INSPECTION REPORT 05000255/2024013,https://www.nrc.gov/docs/ML2502/ML25024A083.pdf,0,archive/reports/ML25024A083/edd7f840a1bd4e0c9b75b2e9759836e429ee1d6e3f74f3998d9fd435957ef4b4.pdf,archive/reports/ML25024A083/edd7f840a1bd4e0c9b75b2e9759836e429ee1d6e3f74f3998d9fd435957ef4b4.txt,"                                          January 24, 2025
Mike Mlynarek
Site Vice President
Holtec Decommissioning
International, LLC
Palisades Nuclear Plant
27780 Blue Star Memorial Highway
Covert, MI 49043-9530

SUBJECT:       PALISADES NUCLEAR PLANT – RESTART INSPECTION REPORT
               05000255/2024013

Dear Mike Mlynarek:

On December 31, 2024, the U.S. Nuclear Regulatory Commission (NRC) completed an
inspection at the Palisades Nuclear Plant. The enclosed inspection report documents the
inspection results, which the inspectors discussed on January 8, 2024, with M. Mlynarek and
other members of your staff.

No violations of more than minor significance were identified during this inspection.

On June 13, 2022, Palisades ceased permanent power operations and subsequently removed
all fuel from the reactor, as detailed in the letter from Entergy to the NRC, “Certifications of
Permanent Cessation of Power Operations and Permanent Removal of Fuel from the Reactor
Vessel,” (ADAMS Accession No. ML22164A067). On September 28, 2023, Holtec
Decommissioning International, LLC (Holtec) submitted a letter to the NRC requesting
exemptions from certain portions of the requirements of Title 10 of the Code of Federal
Regulations (10 CFR) 50.82(a)(2) to pursue the potential reauthorization of power operations at
Palisades (ADAMS Accession No. ML23271A140). The NRC’s initial acceptance to review
Palisades’ request for exemptions was documented in ADAMS at Accession No. ML23291A440
on November 3, 2023.
M. Mlynarek                                      2


This letter, its enclosure, and your response (if any) will be made available for public inspection
and copying at http://www.nrc.gov/reading-rm/adams.html and at the NRC Public Document
Room in accordance with Title 10 of the Code of Federal Regulations 2.390, “Public
Inspections, Exemptions, Requests for Withholding.”

                                              Sincerely,
                                                                      Signed by Nguyen, April
                                                                      on 01/24/25



                                              April M. Nguyen, Lead
                                              Palisades Restart Team
                                              Division of Operating Reactor Safety

Docket No. 05000255
License No. DPR-20

Enclosure:
As stated

cc w/ encl: Distribution via LISTSERV®
M. Mlynarek                                    3


Letter to Mike Mlynarek from April Nguyen dated January 24, 2025.

SUBJECT:       PALISADES NUCLEAR PLANT – RESTART INSPECTION REPORT
               05000255/2024013

DISTRIBUTION:
Alejandro Alen Arias
RidsNrrPMPalisades Resource
RidsNrrDorlLpl3
RidsNrrDroIrib Resource
Jack Giessner
Mohammed Shuaibi
Diana Betancourt-Roldan
Harral Logaras
David Curtis
R3-DORS




ADAMS ACCESSION NUMBER: ML25024A083
                             ☒ Non-Sensitive                        ☒ Publicly Available
   ☒ SUNSI Review
                             ☐ Sensitive                            ☐ Non-Publicly Available
 OFFICE RIII
 NAME    ANguyen:sw
 DATE    01/24/2025


                                   OFFICIAL RECORD COPY
                    U.S. NUCLEAR REGULATORY COMMISSION
                               Inspection Report


Docket Number:         05000255


License Number:        DPR-20


Report Number:         05000255/2024013


Licensee:              Holtec Decommissioning International, LLC


Facility:              Palisades Nuclear Plant


Location:              Covert, MI


Inspection Dates:      October 01, 2024 to December 31, 2024


Inspectors:            J. Austin, Senior Project Engineer, Region II
                       E. Fernandez, Senior Reactor Inspector, Region III
                       E. Magnuson, Reactor Inspector, Region III
                       J. Mancuso, Senior Resident Inspector
                       T. Okamoto, Resident Inspector
                       A. Sanchez, Senior Project Engineer, Region IV
                       S. Schwind, Senior Resident Inspector, Callaway
                       C. Speer, Reactor Systems Engineer, NRR
                       T. Steadham, Senior Resident Inspector, Browns Ferry
                       D. Werkheiser, Senior Reactor Analyst, Region I
                       J. Winslow, Senior Project Engineer, Restart Team


Approved By:           April M. Nguyen, Lead
                       Palisades Restart Team
                       Division of Operating Reactor Safety




                                                                              Enclosure
                                          SUMMARY

The U.S. Nuclear Regulatory Commission (NRC) performed inspections of the licensee’s
activities to verify that the reactor coolant system boundary, reactor vessel head, and
risk-significant piping system boundaries are appropriately monitored for degradation and that
required repairs and replacements are appropriately examined and accepted; systems,
structures, and components (SSCs) are appropriately inspected, maintained, and tested to
ensure they can perform their required safety functions for potential restart; and human
performance issues are being appropriately addressed at a low threshold to prevent more
significant issues from occurring.

                               List of Findings and Violations

None.

                                  Additional Tracking Items

None.




                                               2
PLANT STATUS

The Palisades Nuclear Plant ceased power operations and subsequently removed all fuel from
the reactor, as certified in a letter to the NRC on June 13, 2022. On September 28, 2023, Holtec
Decommissioning International, LLC (Holtec) submitted a letter to the NRC requesting
exemptions from certain portions of the requirements of 10 CFR 50.82(a)(2) to pursue the
potential reauthorization of power operations. The NRC is conducting inspections to evaluate
and assess the licensee’s activities for potential restoration to an operational status.

The Resident Inspector office was staffed in December 2024 to provide daily, on-site oversight
and inspection of Holtec’s potential restart activities.

INSPECTION SCOPES

Inspections were conducted using the appropriate portions of the referenced inspection
procedures (IPs) in effect at the beginning of the inspection unless otherwise noted. Currently
approved IPs with their attached revision histories are located on the public website at
http://www.nrc.gov/reading-rm/doc-collections/insp-manual/inspection-procedure/index.html.

REACTOR SAFETY CORNERSTONES

71111.08P - Inservice Inspection Activities (PWR)

From November 14, 2024, to December 18, 2024, the inspectors observed and verified Holtec
Palisades’ nondestructive examination (NDE) and repair/replacement activities of the reactor
pressure vessel head and Alloy 600 welds, conducted in accordance with the requirements of
the ASME Code Section XI. The purpose of these inspections was to verify that the reactor
coolant system boundary, reactor pressure vessel head, and risk-significant piping system
boundaries are appropriately monitored for degradation. The inspectors also verified that the
examination results were thoroughly reviewed and appropriately evaluated, and that required
corrective actions to address identified indications and defects will be appropriately
implemented. During this quarter, the licensee completed NDE activities and evaluation of data
for both the reactor pressure vessel head and Alloy 600 welds in the primary coolant system
and began repair/replacement activities in both areas. Further NRC inspections will monitor
repair/replacement activities as they are conducted.

The inspectors verified that the following nondestructive examination and repair/replacement
activities were conducted appropriately per the ASME Code or required standard, and that any
potential indications and defects were identified and evaluated at the proper thresholds:

Nondestructive Examination and Welding Activities (IP Section 03.01)

Alloy 600 Weld Inspection and Mitigation (November 14, 2024–December 18, 2024)
    • Dye Penetrant (PT) Examination of weld overlay locations
    • Phased Array Ultrasonic Testing (PAUT) of safety injection piping
    • Fabrication of full structural weld overlay on hot leg 2 shutdown cooling line

Vessel Upper Head Penetration Inspection Activities (IP Section 03.02)

Reactor Pressure Vessel Head (November 14, 2024–December 18, 2024)


                                                3
   •   Preparatory machining activities for control rod drive mechanism (CRDM) nozzle repairs
   •   PT examination of reactor vessel head vent line
   •   Inner diameter (ID) profilometry of CRDM nozzle #5

OTHER BASELINE ACTIVITIES

71152 - Problem Identification and Resolution

Annual Follow-up of Selected Issues (IP Section 03.03)

The inspectors reviewed the licensee’s implementation of its corrective action program related
to the following issues:

  (1) PAL-02885, “Adverse Trend in Human Performance Incidents,” August 9, 2024

A summary of this review and the inspectors’ observations are documented in the Results
Section below.

System Return to Service

On December 2, 2024, the inspectors commenced reviews of Phases I and II of the licensee’s
system return to service (SRTS) plans. The SRTS plans document licensee activities to verify
that the configuration and condition of Systems, Structures, and Components (SSCs) are
consistent with the design and licensing bases to support potential restart. The inspectors
began initial reviews on Phases I and II of the SRTS plans, which include areas such as
licensing and design-basis functions, system material conditions, reviewing open and deferred
work prior to shutdown, and program applicability. The inspectors conducted these reviews
using IP 71152, “Problem Identification and Resolution,” and IP 71111.21M, “Comprehensive
Engineering Team Inspection (CETI),” as applicable.

The inspectors commenced reviews of the SRTS plans for the following systems:
   • Auxiliary Feedwater (AFW)
   • AC Power Systems
   • Service Water
   • DC Power Systems
   • Emergency Diesel Generators (EDGs)
   • Low Pressure Safety Injection and Shutdown Cooling

These systems were selected based on the importance of the SSCs during normal and
emergency plant operating conditions, risk significance and defense-in-depth of the SSCs’
specific functions and required work/modifications of the SSCs scheduled prior to potential
restart.




                                                4
INSPECTION RESULTS

  Assessment: Adverse Trend in Human Performance Incidents                              71152

  On August 9, 2024, the licensee wrote issue report (IR) PAL-02885 identifying an adverse
  trend in human performance incidents at the site. Five incidents in July and August 2024
  were noted as part of the trend. An apparent cause evaluation (ACE) was performed to
  understand the incidents and implement actions to arrest the trend. As part of the ACE
  analysis, the licensee reviewed additional IRs that identified similar human performance
  incidents. Additionally, a previous safety and human performance trend identified in
  IR PAL-01857 on February 21, 2024, and associated corrective actions were reviewed.

  The licensee identified five causal factors documented in the ACE associated with
  reinforcement of standards, guidance for procedures “on hold,” standards and expectations
  for new personnel, ineffective communications on safety and human performance issues, and
  less than adequate evaluation and corrective actions from previously identified issue reports.
  Corrective actions completed or planned include, but are not limited to, development of a
  safety and human performance monitoring and communications plan, reinforcement of
  expectations for site employees, and performance of an effectiveness review.

  The inspectors reviewed the licensee’s ACE, including IRs for the human performance
  incidents reviewed as part of the ACE. They also reviewed the identified causal factors and
  completed and planned corrective actions discussed in the ACE. The inspectors determined
  that the corrective actions were appropriate to the circumstances.

  The licensee has planned to perform an effectiveness review of the corrective actions after all
  actions have been implemented. The inspectors noted that the methods of verification,
  process attributes, and success criteria for the effectiveness review are still being identified.


EXIT MEETINGS AND DEBRIEFS

The inspectors verified no proprietary information was retained or documented in this report.

   •   On January 8, 2024, the inspectors presented the inspection results to M. Mlynarek,
       Site Vice President, and other members of the licensee staff.




                                                 5
DOCUMENTS REVIEWED


Inspection   Type             Designation        Description or Title                                          Revision or
Procedure                                                                                                      Date
71111.08P    Corrective Action PAL-04217         PT Indications for Alloy 600 Weld Overlay                     11/18/2024
             Documents         PAL-04220         PT Indications on the Stainless on 1A Safety Injection        11/18/2024
                               PAL-04282         PT Indications on 2B Safety Injection Stainless Steel Valve   11/22/2024
                               PAL-04303         As-measured Palisades RVCH Thickness                          11/25/2024
                               PAL-04316         PT Indication on 2A Cold Leg SI Nozzle                        11/25/2024
                               PAL-04614         PT Indications Following Vent Line Machining                  12/18/2024
             NDE Reports       CR-2024-3181-     UT Thickness Measurements of RVCH                             11/15/2024
                               10-UT-001
                               CR-2024-3181-     UT Thickness Measurements of RVCH                             11/22/2024
                               10-UT-002
                               CR-2024-3406-     UT Thickness Measurements of RVCH                             11/26/2024
                               07-UT-001
                               CR-2024-3406-     UT Thickness Measurements of RVCH                             12/02/2024
                               08-UT-001
                               SI-1A-80-00-PT-   Liquid Penetrant Examination of 1A SI Nozzle                  11/16/2024
                               001
                               SI-1B-80-00-PT-   Liquid Penetrant Examination of 1B SI Nozzle                  11/26/2024
                               001
                               SI-2A-80-00-PT-   Liquid Penetrant Examination of 2A SI Nozzle                  11/25/2024
                               001
                               SI-2B-80-00-PT-   Liquid Penetrant Examination of 2B SI Nozzle                  11/22/2024
                               001
             Procedures        54-PT-200-026     Color Contrast Solvent Removable Liquid Penetrant             26
                                                 Examination of Components
                               LMT-10-PAUT-      Fully Encoded Phased Array Ultrasonic Examination of          3
                               007               Dissimilar Metal Piping Welds
                               LMT-10-PAUT-      Manual Phased Array Ultrasonic Examination of Dissimilar      0
                               019               Metal Piping Welds
71152        Corrective Action PAL-02643         Westinghouse PCS Decon Skid Operator Entered Incorrect        07/10/2024
             Documents                           Value



                                                              6
Inspection   Type         Designation   Description or Title                                 Revision or
Procedure                                                                                    Date
                          PAL-02768     Wire Rope Contacting Electrical Cable                07/30/2024
                          PAL-02770     Extraction of Personnel from Spider Man Basket       07/30/2024
                          PAL-02885     Adverse Trend in Human Performance Incidents         08/09/2024
                          PAL-02911     Personal Vehicle/Forklift Incident                   08/12/2024
                          PAL-03651     NSRB Issue - Human Performance                       10/17/2024
             Procedures   ENG-105       System Return to Service Plans                       1
                          OM-126        Management and Oversight of Supplemental Personnel   0
                          RA-102        Corrective Action Program                            0




                                                     7
"
ML24317A041,2024012,2024-11-12,PALISADES NUCLEAR PLANT – RESTART INSPECTION REPORT 05000255/2024012,https://www.nrc.gov/docs/ML2431/ML24317A041.pdf,1,archive/reports/ML24317A041/d01e2f3f9124d264455653cc3967ada49abeafa64243d25ff1e78a80572686b7.pdf,archive/reports/ML24317A041/d01e2f3f9124d264455653cc3967ada49abeafa64243d25ff1e78a80572686b7.txt,"                                           November 12, 2024
Mike Mlynarek
Site Vice President
Holtec Decommissioning
International, LLC
Palisades Nuclear Plant
27780 Blue Star Memorial Highway
Covert, MI 49043-9530

SUBJECT:       PALISADES NUCLEAR PLANT – RESTART INSPECTION REPORT
               05000255/2024012

Dear Mike Mlynarek:

On September 30, 2024, the U.S. Nuclear Regulatory Commission (NRC) completed
inspections at the Palisades Nuclear Plant. The enclosed inspection report documents these
inspection results, which the inspectors discussed on November 7, 2024, with you and other
members of your staff.

One Severity Level IV violation is documented in this report. We are treating this violation as a
non-cited violation (NCV) consistent with Section 2.3.2 of the Enforcement Policy.

If you contest the violation or severity of the violation documented in this inspection report, you
should provide a response within 30 days of the date of this inspection report, with the basis for
your denial, to the U.S. Nuclear Regulatory Commission, ATTN: Document Control Desk,
Washington, DC 20555-0001; with copies to the Regional Administrator, HQ; the Director, Office
of Enforcement; and the NRC Lead, Palisades Restart Team.

On June 13, 2022, Palisades ceased permanent power operations and subsequently removed
all fuel from the reactor, as detailed in the letter from Entergy to the NRC, “Certifications of
Permanent Cessation of Power Operations and Permanent Removal of Fuel from the Reactor
Vessel,” (ADAMS Accession No. ML22164A067). On September 28, 2023, Holtec
Decommissioning International, LLC (Holtec) submitted a letter to the NRC requesting
exemptions from certain portions of the requirements of Title 10 of the Code of Federal
Regulations (10 CFR) 50.82(a)(2) to pursue the potential reauthorization of power operations at
Palisades (ADAMS Accession No. ML23271A140). The NRC’s initial acceptance to review
Palisades’ request for exemptions was documented in ADAMS at Accession No. ML23291A440
on November 3, 2023.
M. Mlynarek                                      2


This letter, its enclosure, and your response (if any) will be made available for public inspection
and copying at http://www.nrc.gov/reading-rm/adams.html and at the NRC Public Document
Room in accordance with Title 10 of the Code of Federal Regulations 2.390, “Public
Inspections, Exemptions, Requests for Withholding.”

                                              Sincerely,
                                                                      Signed by Nguyen, April
                                                                      on 11/12/24



                                              April M. Nguyen, Lead
                                              Palisades Restart Team
                                              Division of Operating Reactor Safety

Docket No. 05000255
License No. DPR-20

Enclosure:
As stated

cc w/ encl: Distribution via LISTSERV®
M. Mlynarek                                   3


Letter to Mike Mylnarek from April Nguyen dated November 12, 2024.

SUBJECT:       PALISADES NUCLEAR PLANT – RESTART INSPECTION REPORT
               05000255/2024012

DISTRIBUTION:
Robert Ruiz
RidsNrrPMPalisades Resource
RidsNrrDorlLpl3
RidsNrrDroIrib Resource
Jack Giessner
Mohammed Shuaibi
Diana Betancourt-Roldan
Allan Barker
David Curtis
Jonathan Feibus
R3-DORS




ADAMS ACCESSION NUMBER: ML24317A041
                            ☒ Non-Sensitive                          ☒ Publicly Available
  ☒ SUNSI Review
                            ☐ Sensitive                              ☐ Non-Publicly Available
 OFFICE RIII
 NAME    ANguyen:sw
 DATE    11/12/2024


                                  OFFICIAL RECORD COPY
                    U.S. NUCLEAR REGULATORY COMMISSION
                               Inspection Report


Docket Number:         05000255


License Number:        DPR-20


Report Number:         05000255/2024012


Licensee:              Holtec Decommissioning International, LLC


Facility:              Palisades Nuclear Plant


Location:              Covert, MI


Inspection Dates:      July 01, 2024 to September 30, 2024


Inspectors:            B. Bergeon, Senior Operations Engineer
                       E. Fernandez, Senior Reactor Inspector
                       A. Hobbs, Reactor Inspector (observer)
                       V. Myers, Senior Health Physicist
                       J. Park, Reactor Inspector
                       A. Shaikh, Senior Reactor Inspector
                       J. Winslow, Senior Project Engineer


Approved By:           April M. Nguyen, Lead
                       Palisades Restart Team
                       Division of Operating Reactor Safety




                                                                   Enclosure
                                           SUMMARY

This report covers announced inspections completed by regional inspectors.

The U.S. Nuclear Regulatory Commission (NRC) performed inspections of the licensee’s
activities to ensure the adequate protection of workers and the public under the radiation safety
cornerstone and to assess requalification training and evaluation of previously licensed
operators under the reactor safety cornerstones.

                                List of Findings and Violations

 Locked High Radiation Area Identified During Chemical Decontamination
 Cornerstone          Severity                                   Cross-Cutting     Report
                                                                 Aspect            Section
 Not Applicable       Severity Level IV                          Not Applicable    71124.01
                      NCV 05000255/2024012-01
                      Open/Closed
 A self-revealed Severity Level IV Non-Cited Violation (NCV) of Technical Specification
 (TS) 5.7.2 was identified when the licensee failed to post and control an area meeting Locked
 High Radiation Area (LHRA) conditions.


                                  Additional Tracking Items

None.




                                                2
PLANT STATUS

The Palisades Nuclear Plant ceased power operations and subsequently removed all fuel from
the reactor, as certified in a letter to the NRC on June 13, 2022. On September 28, 2023, Holtec
Decommissioning International, LLC (Holtec) submitted a letter to the NRC requesting
exemptions from certain portions of the requirements of 10 CFR 50.82(a)(2) to pursue the
potential reauthorization of power operations. The NRC is conducting inspections to evaluate
and assess the licensee’s activities for potential restoration to an operational status.

INSPECTION SCOPES

Inspections were conducted using the appropriate portions of the referenced inspection
procedures (IPs) in effect at the beginning of the inspection unless otherwise noted. Currently
approved IPs with their attached revision histories are located on the public website at
http://www.nrc.gov/reading-rm/doc-collections/insp-manual/inspection-procedure/index.html.

REACTOR SAFETY CORNERSTONES

71111.08P - Inservice Inspection Activities (PWR)

Reactor Pressure Vessel (03.01)

From July 24, 2024, to August 20, 2024, the inspectors observed and verified Holtec Palisades’
nondestructive examination (NDE) activities of the Reactor Pressure Vessel conducted in
accordance with the requirements of the ASME Code Section XI and MRP-227, “Materials
Reliability Program: Pressurized Water Reactor Internals Inspection and Evaluation Guidelines,”
Revision 1-A. The purpose of these inspections was to verify that the reactor coolant system
boundary, reactor vessel internals, and risk-significant piping system boundaries are
appropriately monitored for degradation. The NRC inspectors also verified that the examination
results were thoroughly reviewed and appropriately evaluated, and that required corrective
actions to address identified indications and defects will be appropriately implemented. During
this quarter, Holtec Palisades completed the NDE activities and evaluation of the data. Further
NRC inspections will occur when corrective actions are implemented.

The inspectors verified that the following nondestructive examination activities were conducted
appropriately per the ASME Code or required standard, and that any potential indications and
defects were identified and evaluated at the proper thresholds:

MRP 227 Reactor Internals Exams (July 29, 2024, through August 12, 2024)

   •   Ultrasonic Testing (UT) of Core Shroud Bolts
   •   Visual Examination (VT) of Core Shroud Plates, Core Support Plate and Fuel Alignment
       Plate

ASME Section XI 10 Year ISI (August 3, 2024, through August 19, 2024)

   •   UT of vessel welds, vessel-to-nozzle welds and nozzle-to-pipe welds
   •   Phased Array Ultrasonic Testing (PAUT) of Clevis Bolts
   •   Visual examination (VT) of the interior surface of the vessel and supports



                                                3
Steam Generator Activities (03.04)

From August 26, 2024, to September 6, 2024, the inspectors observed and verified Holtec
Palisades’ Steam Generator (SG) inspection activities conducted as described in the operating
plant Technical Specification Requirements and EPRI Steam Generator Management Program
guidance. Of note, the operating plant Technical Specifications are currently under review by
the NRC. If approved, these will be implemented with the operating plant licensing basis
documents if the plant goes back to an operational status. Using this as guidance for
inspections now will ensure that all Technical Specification requirements will be met prior
to resumption of power operations. The purpose of these inspections is to verify that the
SG tube integrity is appropriately monitored and any potential mechanisms that could lead to
primary-to-secondary tube leakages are addressed. The NRC inspectors verified that the
inspections were properly conducted per the regulatory requirements and guidance documents,
that the inspection results were thoroughly reviewed and appropriately evaluated, and that
required corrective actions to address identified indications were appropriately implemented.
The inspectors also reviewed Holtec Palisades’ loose parts inspections, foreign material
controls, and chemistry controls for the SGs. During this quarter, Holtec Palisades completed
the inspection activities and were in the process of evaluating the data. Further NRC inspections
will review the data analysis and any corrective actions as they are implemented.

The inspectors verified that the following inspection and cleanliness activities were conducted
appropriately, and that any potential indications were identified and evaluated at the proper
thresholds:

   •   Eddy Current Testing (ET) of 100% of Steam Generator Tubes in SG “A”
   •   Eddy Current Testing (ET) of 100% of Steam Generator Tubes in SG “B”
   •   Visual Examination (VT) of Secondary Side of SG “A” and SG “B”
   •   Sludge Lancing of SG “A” and SG “B”
   •   Foreign Objects Search and Retrieval (FOSAR) for SG “A” and SG “B”

Preliminary results of the Steam Generator inspections identified a large number of SG tubes
with indications that required further analysis and/or repair. This information is documented in
Preliminary Notification, PNO-III-24-002, PRELIMINARY RESULTS OF STEAM GENERATOR
INSPECTIONS AT PALISADES NUCLEAR PLANT, dated September 18, 2024,
(ADAMS Accession No. ML24262A092). Also, preliminary results were discussed between
Holtec and NRC staff in a conference call held on September 3, 2024. This call is documented
in the letter, PALISADES NUCLEAR PLANT - SUMMARY OF CONFERENCE CALL
REGARDING STEAM GENERATOR TUBE INSPECTIONS, dated October 1, 2024
(ADAMS Accession No. ML24267A296).

71111.11Q - Licensed Operator Requalification Program and Licensed Operator Performance

Licensed Operator Requalification Training/Examinations (03.02)




                                                4
On September 17, 2024, an NRC inspector conducted an inspection of Holtec Palisades’
licensed operator requalification training program. This inspection reviewed the conduct of
requalification training activities in the main control room simulator and assessed the Palisades
training staff’s ability to evaluate the performance of their licensed operators. The NRC
inspector observed the licensed operator crew’s performance during a complex casualty graded
scenario and the training staff’s post-scenario assessment of the crew.

No issues of concern were identified during the inspector’s observation of the requalification
training activities. Overall, operations training effectively evaluated the operating crew and
provided effective feedback to continue to improve the performance of the operating crew.

71111.18 – Plant Modifications

Temporary Modifications and/or Permanent Modifications (03.01)

From June 17, 2024, to July 12, 2024, the inspectors evaluated temporary modifications to the
primary coolant system (PCS) and the auxiliary building, 649' elevation, in support of the PCS
decontamination project. The purpose of this inspection was to verify that the temporary
modifications did not degrade or adversely affect the safety functions or structural integrity of the
PCS and auxiliary building structure. The inspectors reviewed drawings, calculations, and
evaluations of the temporary system used for the decontamination activity; performed
walkdowns of the system once installed to verify appropriate installation; and observed system
testing to verify no primary system leakage or adverse impacts to the normal operation of the
PCS. The inspectors also verified the PCS was returned to its normal configuration after the
temporary system was uninstalled.

No issues of concern were identified during the inspectors’ review of the temporary
modifications for this project.

RADIATION SAFETY CORNERSTONE

71124.01 - Radiological Hazard Assessment and Exposure Controls

From July 1, 2024, to July 11, 2024, the inspectors observed and evaluated Holtec Palisades’
radiological assessment and controls for the PCS decontamination project. The purpose of
these inspections was to evaluate the station’s radiological hazards assessments, instructions
to radiological workers, radiation protection access and controls to the areas affected by the
project, and coverage for workers performing in-field activities for the project. The inspectors
verified that the radiation protection program was appropriately implemented for the project as
required by Technical Specifications, regulations, and station procedures.

The PCS decontamination activity was a process that chemically shocked the primary system
piping to release radiologically contaminated build-up on the inside of the piping. Once released
from the piping, the contaminated water was then sent through a series of resin beds to remove
the contamination. This process was being conducted to reduce the overall contamination
and radiation hazards in the system and to reduce worker dose for future activities. This was
a first-time evolution for this process at Palisades.




                                                 5
Prior to initiation of the chemical decontamination process, the inspectors reviewed documents
related to planning and control of the evolution. This included items such as system schematics,
system operating procedures, planned radiological survey points, shielding packages,
radiological posting plans, and radiation work permits and As-Low-As-Reasonably-Achievable
(ALARA) plans. In addition, the inspectors performed several walkdowns of the system,
attended pre-job briefings, and observed radiation protection staff performing posting and
control changes to potentially affected areas of the plant.

During the chemical injection and subsequent clean-up phases, the inspectors continued to
provide oversight of the evolution. This included various walkdowns to validate radiological
postings and controls, observations of dose rates being collected throughout the site via remote
monitoring capabilities, and observations of radiation protection technician job coverage.

One SLIV NCV was identified during these inspection activities, which is described in detail in
the inspection results section below. Additionally, the inspectors shared an observation of note
with the Palisades team during the exit meeting. This is documented in more detail in the results
section below.

INSPECTION RESULTS

 Locked High Radiation Area Identified During Chemical Decontamination
 Cornerstone     Severity                                         Cross-Cutting Report
                                                                  Aspect          Section
 Not             Severity Level IV                                Not             71124.01
 Applicable      NCV 05000255/2024012-01                          Applicable
                 Open/Closed
 A self-revealed Severity Level IV Non-Cited Violation (NCV) of Technical Specification
 (TS) 5.7.2 was identified when the licensee failed to post and control an area meeting Locked
 High Radiation Area (LHRA) conditions.
 Description:

 On July 6, 2024, Holtec Palisades initiated recirculation of clean water through the primary
 coolant system (PCS) chemical decontamination skid to test for leaks prior to commencing
 chemical injection. During this time, radiological surveys conducted by a radiation protection
 technician in the auxiliary building 649' elevation identified a hot spot on a piece of skid
 equipment that resulted in dose rates of 2 rem/hr at 30 cm from the source. At that time,
 the auxiliary building 649' elevation was controlled as a radiation area. Also, radiation
 protection (RP) staff had administratively required that radiation protection technicians
 monitor radiological conditions any time personnel were in this area. The licensee had a
 pre-established posting plan for the PCS chemical decontamination activity that included
 posting this location as a Locked High Radiation Area (LHRA). However, this posting plan
 was to be initiated prior to chemical injection, which had not occurred yet. Upon identification
 of the LHRA conditions, the licensee guarded the area and subsequently implemented the
 pre-established posting plan for all areas potentially affected by the PCS decontamination
 activities. This included posting and controlling this area as an LHRA.

 Corrective Actions: The licensee immediately guarded the area and subsequently posted and
 controlled the area as an LHRA.




                                                 6
 Corrective Action References: PAL-02617 and PAL-03310
 Performance Assessment:

 None
 Enforcement:

 Severity: The inspectors determined this was a SLIV NCV in accordance with the
 enforcement policy. Specifically, the failure to post and control the LHRA was of more than
 minor concern but resulted in relatively inappreciable potential safety consequences.

 Violation: TS 5.7.2 requires, in part, that entryways into High Radiation Areas (HRAs) with
 dose rates greater than 1.0 rem/hr at 30 centimeters from the radiation source be
 conspicuously posted as an HRA and be provided with a locked or continuously guarded door
 or gate that prevents unauthorized entry. Contrary to the above, on July 6, 2024, the licensee
 failed to conspicuously post the entryway to an area with dose rates greater than 1.0 rem/hr
 at 30 centimeters from the radiation source as an HRA and failed to lock or continuously
 guard the entryway to prevent unauthorized entry.

 Enforcement Action: This violation is being treated as a non-cited violation, consistent with
 Section 2.3.2 of the Enforcement Policy.

 Observation: Chemical Decontamination Process of the Primary Coolant System 71124.01
 (Occupational Radiation Safety Cornerstone)
 On July 7–10, 2024, Palisades performed a chemical decontamination process of the primary
 coolant system (PCS). The process involved the injection of mixed chemicals into the PCS to
 remove radiological contamination from piping to reduce worker dose for future activities. The
 inspectors observed the system setup and connections, initial radiation protection postings,
 initial chemical injection, and system cleanup. During the process, three of the unit’s four
 primary coolant pumps were operated.

 Overall, the inspectors observed that the activity was done safely. They noted there were
 several personnel new to the station or new to their roles and saw some instances where
 communications regarding the activities could have been clearer. An example of this was
 associated with the initial radiation protection postings prior to the start of the chemical
 injection process. The RP field supervisor identified several postings that needed to be
 corrected after individuals initially hung the postings in the field. Although these postings were
 corrected prior to the start of the activity, it demonstrated unclear directions for the individuals
 tasked with hanging the initial radiation protection postings. It is important to ensure that work
 activities are appropriately understood, roles and responsibilities are clear, and, in this
 specific example, in-field radiation protection postings provide the correct instructions and
 barriers for workers to prevent occupational radiation safety issues.


EXIT MEETINGS AND DEBRIEFS

The inspectors verified no proprietary information was retained or documented in this report.

   •   On November 7, 2024, the inspectors presented the inspection results to M. Mlynarek,
       Site Vice President, and other members of the licensee staff.




                                                  7
DOCUMENTS REVIEWED

Inspection   Type                Designation        Description or Title                                        Revision or
Procedure                                                                                                       Date
71111.08P    Corrective Action   PAL-02741          M&TE ID#016044 Used While Out of Calibration                07/25/2024
             Documents
             Resulting from
             Inspection
             Miscellaneous       51-9379921-000     Palisades Unit 1 MRP Bolting Ultrasonic Examination Plan    0
                                 INR-Palisades      Remote Visual Examination Indication Notification Report    07/30/2024
                                 Restart-24-001
                                 Visual Exam Plan   Palisades Reactor Vessel and Internals Remote Visual        07/23/2024
                                                    Examinations
             NDE Reports         L-1 Crane Hooks    Magnetic Particle Examination Report                        04/22/2024
                                 LD-1               Magnetic Particle Examination Report                        04/22/2024
                                 LD-1               Ultrasonic Calibration and Exam Report                      06/18/2024
                                 LD-1               Visual Examination Report                                   04/22/2024
          Procedures             CLP-M-6            Inspection of Heavy Load Lift Devices                       08/22/2018
          Work Orders            50083288-01-001    L-1 Polar Crane PMs                                         02/06/2024
71111.11Q Miscellaneous                             Shift 3 Crew Notebook                                       09/17/2024
                                 PLSEG-LOR-         Palisades 2024 Cycle 24C Simulator Scenario                 1
                                 24C-05
             Procedures          PNT-114            Licensed Operator Requalification Training Program          1
                                                    Description
                                 PNT-210            Conduct of Simulator Training                               0
                                 PNT-217            Examination Security                                        1
71111.18     Drawings            SK-C-417           Reactor Auxiliary Building Floor Plan EL.639'-0"", 649'-0""   76
                                 WDD-DW-01160-      Chemical Decontamination Equipment Layout Plan              4
                                 CPAL1
71124.01     Miscellaneous                          Radiological Survey Sheet for Auxiliary Building 649'       07/06/2024
                                                    Primary Coolant System Decontamination Posting Plan         07/06/2024
                                 20240274           Radiation Work Permit and ALARA Plan for Primary Coolant    01
                                                    System Full System Chemical Decontamination
                                 TSR-2024-155       Temporary Shielding Request for Water Shield Tanks          06/07/2024
                                                    Around Cask Washdown Pit
                                 TSR-2024-157       Temporary Shielding Request for 590' Shield Around Floor    06/20/2024


                                                               8
Inspection   Type         Designation     Description or Title                                   Revision or
Procedure                                                                                        Date
                                          Plug
                          WI-RSD-R-008    Spent Resin Transfers to Resin Liners in Track Alley   25
             Procedures   EN-RP-101       Access Control for Radiological Controlled Areas       0
                          WDD-IP-01076-   Palisades 2024 FSD Installation Procedure              0
                          CAPL
                          WDD-OP-00085-   Palisades 2024 FSD Operating Procedure                 0
                          CPAL1




                                                     9
"
ML24197A185,2024011,2024-07-15,PALISADES NUCLEAR PLANT – RESTART INSPECTION REPORT 05000255/2024011,https://www.nrc.gov/docs/ML2419/ML24197A185.pdf,0,archive/reports/ML24197A185/993d3c5241c99448f650dd3c772dc0f7d3d67854f26c5f421ed392bec33ad207.pdf,archive/reports/ML24197A185/993d3c5241c99448f650dd3c772dc0f7d3d67854f26c5f421ed392bec33ad207.txt,"                                           July 15, 2024
Mike Mlynarek
Site Vice President
Holtec Decommissioning
International, LLC
Palisades Nuclear Plant
27780 Blue Star Memorial Highway
Covert, MI 49043-9530

SUBJECT:       PALISADES NUCLEAR PLANT – RESTART INSPECTION REPORT
               05000255/2024011

Dear Mike Mlynarek:

On May 1, 2024, and May 10, 2024, respectively, the U.S. Nuclear Regulatory Commission
(NRC) completed two inspections at the Palisades Nuclear Plant. The enclosed inspection
report documents these inspection results, which the inspectors discussed on May 1, 2024, and
May 10, 2024, with you and other members of your staff.

Based on the results of these inspections, no findings or violations were identified.

On June 13, 2022, Palisades ceased permanent power operations and subsequently removed
all fuel from the reactor, as detailed in the letter from Entergy to the NRC, “Certifications of
Permanent Cessation of Power Operations and Permanent Removal of Fuel from the Reactor
Vessel,” (ADAMS Accession No. ML22164A067). On September 28, 2023, Holtec
Decommissioning International, LLC (Holtec) submitted a letter to the NRC requesting
exemptions from certain portions of the requirements of Title 10 of the Code of Federal
Regulations (10 CFR) 50.82(a)(2) to pursue the potential reauthorization of power operations at
Palisades (ADAMS Accession No. ML23271A140). The NRC’s initial acceptance to review
Palisades’ request for exemptions was documented in ADAMS at Accession No. ML23291A440
on November 3, 2023.
M. Mlynarek                                      2


This letter, its enclosure, and your response (if any) will be made available for public inspection
and copying at http://www.nrc.gov/reading-rm/adams.html and at the NRC Public Document
Room in accordance with Title 10 of the Code of Federal Regulations 2.390, “Public
Inspections, Exemptions, Requests for Withholding.”

                                              Sincerely,
                                                                      Signed by Nguyen, April
                                                                      on 07/15/24



                                              April M. Nguyen, Lead
                                              Palisades Restart Team
                                              Division of Operating Reactor Safety

Docket No. 05000255
License No. DPR-20

Enclosure:
As stated

cc w/ encl: Distribution via LISTSERV®
M. Mlynarek                                    3


Letter to Mike Mylnarek from April Nguyen dated July 15, 2024.

SUBJECT:       PALISADES NUCLEAR PLANT – RESTART INSPECTION REPORT
               05000255/2024011

DISTRIBUTION:
Michelle Simmons
RidsNrrPMPalisades Resource
RidsNrrDorlLpl3
RidsNrrDroIrib Resource
Jack Giessner
Mohammed Shuaibi
Diana Betancourt-Roldan
Allan Barker
David Curtis
Jonathan Feibus
R3-DORS




ADAMS ACCESSION NUMBER: ML24197A185
                             ☒ Non-Sensitive                     ☒ Publicly Available
   ☒ SUNSI Review
                             ☐ Sensitive                         ☐ Non-Publicly Available
 OFFICE RIII
 NAME    ANguyen:sw
 DATE    07/15/2024


                                    OFFICIAL RECORD COPY
                    U.S. NUCLEAR REGULATORY COMMISSION
                               Inspection Report


Docket Number:         05000255


License Number:        DPR-20


Report Number:         05000255/2024011


Licensee:              Holtec Decommissioning International, LLC


Facility:              Palisades Nuclear Plant


Location:              Covert, MI


Inspection Dates:      April 29 – May 10, 2024


Inspectors:            B. Bergeon, Senior Operations Engineer
                       J. Cassidy, Senior Health Physicist
                       T. Henning, Senior Operations Engineer


Approved By:           April M. Nguyen, Lead
                       Palisades Restart Team
                       Division of Operating Reactor Safety




                                                                   Enclosure
                                           SUMMARY

This report covers announced inspections completed by regional inspectors.

The U.S. Nuclear Regulatory Commission (NRC) performed inspections of the licensee’s
activities to ensure the adequate protection of workers and the public under the radiation safety
cornerstone and to assess requalification training and evaluation of previously licensed
operators under the reactor safety cornerstones.

                                List of Findings and Violations

No findings or violations of more than minor significance were identified.

                                   Additional Tracking Items

None.




                                                2
PLANT STATUS

The Palisades Nuclear Plant ceased permanent power operations and subsequently removed
all fuel from the reactor, as certified in a letter to the NRC on June 13, 2022. On
September 28, 2023, Holtec Decommissioning International, LLC (Holtec) submitted a letter to
the NRC requesting exemptions from certain portions of the requirements of 10 CFR 50.82(a)(2)
to pursue the potential reauthorization of power operations. The NRC is conducting inspections
to evaluate and assess the licensee’s activities for potential restoration to an operational status.

INSPECTION SCOPES

Inspections were conducted using the appropriate portions of the referenced inspection
procedures (IPs) in effect at the beginning of the inspection unless otherwise noted. Currently
approved IPs with their attached revision histories are located on the public website at
http://www.nrc.gov/reading-rm/doc-collections/insp-manual/inspection-procedure/index.html.

REACTOR SAFETY CORNERSTONES

71111.11B - Licensed Operator Requalification Program and Licensed Operator Performance

(1)   Biennial Requalification Written Examinations

      The inspectors evaluated the quality of the licensed operator biennial requalification
      written examinations administered on April 26, May 3, and May 10, 2024.

      Annual Requalification Operating Tests

      The inspectors evaluated the adequacy of the facility licensee’s annual requalification
      operating tests administered during the weeks of April 22, April 29, and May 6, 2024.

      Administration of an Annual Requalification Operating Test

      The inspectors evaluated the effectiveness of the facility licensee in administering
      requalification operating tests required by 10 CFR 55.59(a)(2) and that the facility
      licensee is effectively evaluating their licensed operators for mastery of training
      objectives.

      Requalification Examination Security

      The inspectors evaluated the ability of the facility licensee to safeguard examination
      material, such that the examination is not compromised.

      Remedial Training and Re-examinations

      The inspectors evaluated the effectiveness of remedial training conducted by the
      licensee, and reviewed the adequacy of re-examinations for licensed operators who
      did not pass a required requalification examination.




                                                 3
     Operator License Conditions

     The inspectors evaluated the licensee’s program for ensuring that licensed operators
     meet the conditions of their licenses.

     Control Room Simulator

     The inspectors evaluated the adequacy of the facility licensee’s control room simulator
     in modeling the actual plant, and for meeting the requirements contained in
     10 CFR 55.46. Control room simulator fidelity was previously evaluated on
     March 13, 2024, and documented in Inspection Report 05000255/2024010
     (ADAMS Accession No. ML24078A315).

RADIATION SAFETY CORNERSTONE

71124.01 - Radiological Hazard Assessment and Exposure Controls

Radiological Hazard Assessment (IP Section 03.01)

   (1)   The inspectors evaluated how the licensee identifies the magnitude and extent of
         radiation levels and the concentrations and quantities of radioactive materials and how
         the licensee assesses radiological hazards.

Instructions to Workers (IP Section 03.02)

   (1)   The inspectors evaluated how the licensee instructs workers on plant-related
         radiological hazards and the radiation protection requirements intended to protect
         workers from those hazards.

Radiological Hazards Control and Work Coverage (IP Section 03.04)

   The inspectors evaluated the licensee’s control of radiological hazards for the following
   radiological work:

   (1)   Unit 1 lifting the reactor head from the reactor cavity to the reactor head stand
   (2)   Unit 1 removal and replacement of the reactor head O-ring
   (3)   Cleaning and decontamination of the Unit 1 reactor flange and O-ring groove

High Radiation Area and Very High Radiation Area Controls (IP Section 03.05)

   The inspectors evaluated licensee controls of the following High Radiation Areas and
   Very High Radiation Areas:

   (1)   Unit 1 containment building
   (2)   Unit 1 reactor cavity
   (3)   Unit 1 head stand area when reactor head was on stand




                                                 4
Radiation Worker Performance and Radiation Protection Technician Proficiency
(IP Section 03.06)

   (1)    The inspectors evaluated radiation worker and radiation protection technician
          performance as it pertains to radiation protection requirements.


INSPECTION RESULTS

No findings or violations were identified during these inspections.

EXIT MEETINGS AND DEBRIEFS

The inspectors verified no proprietary information was retained or documented in this report.

   •     On May 1, 2024, the inspectors presented the radiation protection inspection results to
         G. Wright, Radiation Protection Manager, and other members of the licensee staff.
   •     On May 10, 2024, the inspectors presented the licensed operator requalification program
         results to M. Mlynarek, Site Vice President, and other members of the licensee staff.




                                                 5
DOCUMENTS REVIEWED

Inspection   Type            Designation   Description or Title                               Revision or
Procedure                                                                                     Date
71111.11B    Miscellaneous                 Simulator Scenario SES-245                         2
                                           Simulator Scenario SES-246                         2
                                           Simulator Scenario SES-249                         2
                                           Simulator Scenario SES-270                         1
                                           Simulator Scenario SES-277                         1
                                           Simulator Scenario SES-278                         1
                                           Simulator Scenario SES-300                         0
                                           Job Performance Measure PLJPM-LOR-RO Admin 17      1
                                           Job Performance Measure PLJPM-LOR-SRO Admin 17     0
                                           Job Performance Measure PLJPM-LOR-AFW-05           3
                                           Job Performance Measure PLJPM-LOR-ELEC-01          2
                                           Job Performance Measure PLJPM-LOR-EOP-28           3
                                           Job Performance Measure PLJPM-LOR-EOP-55           1
                                           Job Performance Measure PLJPM-LOR-RO Admin 8       1
                                           Job Performance Measure PLJPM-LOR-SRO Admin 18     0
                                           Job Performance Measure PLJPM-LOR-AFW-06           0
                                           Job Performance Measure PLJPM-LOR-AOP-34           2
                                           Job Performance Measure PLJPM-LOR CPS-01           1
                                           Job Performance Measure PLJPM-LOR-AOP-41           1
                                           Job Performance Measure PLJPM-LOR-RO Admin 9       1
                                           Job Performance Measure PLJPM-LOR-SRO Admin 19     0
                                           Job Performance Measure PLJPM-LOR-AOP-14A          4
                                           Job Performance Measure PLJPM-LOR-EOP-13           3
                                           Job Performance Measure PLJPM-LOR-PZR-04           5
                                           Job Performance Measure PLJPM-LOR-CRD-01           1
                                           2024 LOR Biennial RO-SRO Exam 1                    0
                                           2024 LOR Biennial RO-SRO Exam 2                    0
                                           2024 LOR Biennial RO-SRO Exam 3                    0
                                           24R1/24R2/24R3/24R4 LOR Training Cycle Schedules
                                           Shift 1 Crew Notebook
                                           Shift 2 Crew Notebook



                                                      6
Inspection   Type            Designation      Description or Title                                      Revision or
Procedure                                                                                               Date
                                              Shift 3 Crew Notebook
                                              Shift 4 Crew Notebook
                                              Shift 5 Crew Notebook
             Procedures      PAL-2176         Sentinel Login Issue Extremity Multi-packs                04/29/2024
                             PAL-02185        NRC Questioned Potential Inconsistencies                  04/30/2024
                             PNT-114          Licensed Operator Requalification Training Program        1
                                              Description
                             PNT-201          Systematic Approach to Training Process                   0
                             PNT-210          Conduct of Simulator Training                             0
                             PNT-217          Examination Security                                      1
                             PNT-218          Licensed Operator Requalification Annual and Biennial     2
                                              Exam Development
                             PNT-201-TF-10    Remediation Form                                          0
                             PNT-024-TF-SBT   Scenario Based Testing Scenario 249 LOR Exam Scenario     2
                             LOR 2024-2026    LOR Long Range Training Plan                              0
71124.01     Miscellaneous                    Radiological Work Permit and Associated ALARA Plan,       00
                                              20240433, Disassembly of the Rx Head, Reset the Rx Head
                                              in the Cavity, and Associated Work Activities (Supports
                                              Re-Start/PCS Chem Decon)
                                              Radiological Survey Sheet Number 2024-0201, 649' CTMT     04/30/2024
                                              General Areas
                                              Airborne Radioactivity Calculation Form, 2024-AS-0173,    04/26/2024
                                              Vacuum Head
                                              Airborne Radioactivity Calculation Form, 2024-AS-0170,    04/26/2024
                                              FME Walkdown in Cavity
                                              Airborne Radioactivity Calculation Form, 2024-AS-0171,    04/26/2024
                                              FME Walkdown in Cavity
                                              Lapel Air Sample Alpha Analysis, 2024-AS-0186,            04/30/2024
                                              Head Stand/ Clean Under Head




                                                         7
Inspection   Type         Designation   Description or Title                                 Revision or
Procedure                                                                                    Date
71124.05     Procedures   EN-RP-131     Air Sampling
                          EN-RP-122     Alpha Monitoring
                          EN-RP-141     Job Coverage
                          EN-RP-503     Selection, Issue and Use of Respiratory Protection
                                        Equipment




                                                   8
"
ML24078A315,2024010,2024-03-20,PALISADES NUCLEAR PLANT – PLANT REFERENCE SIMULATOR INSPECTION REPORT 05000255/2024010,https://www.nrc.gov/docs/ML2407/ML24078A315.pdf,0,archive/reports/ML24078A315/14c0853ee754bbc41dadb08ef24edec66ccad8ffbff5728517de5ee60bc39897.pdf,archive/reports/ML24078A315/14c0853ee754bbc41dadb08ef24edec66ccad8ffbff5728517de5ee60bc39897.txt,"                                          March 20, 2024
Mike Mlynarek
Site Vice President
Holtec Decommissioning
International, LLC
Palisades Nuclear Plant
27780 Blue Star Memorial Highway
Covert, MI 49043-9530

SUBJECT: PALISADES NUCLEAR PLANT – PLANT REFERENCE SIMULATOR
         INSPECTION REPORT 05000255/2024010

Dear Mike Mlynarek:

On March 13, 2024, the U.S. Nuclear Regulatory Commission (NRC) completed an inspection
at your Palisades Nuclear Plant. The enclosed inspection report documents the inspection
results, which the inspectors discussed on February 12, 2024, and March 13, 2024, with you
and other members of your staff. Based on the results of this inspection, no findings or
violations were identified.

On June 13, 2022, Palisades ceased permanent power operations and subsequently removed
all fuel from the reactor, as detailed in the letter from Entergy to the NRC, “Certifications of
Permanent Cessation of Power Operations and Permanent Removal of Fuel from the Reactor
Vessel,” (ADAMS Accession No. ML22164A067). Upon Palisades’ transition into a
decommissioning status, maintenance and modifications on the simulator stopped and specific
parts of the simulator were used for other applications. On September 28, 2023, Holtec
Decommissioning International, LLC (Holtec) submitted a letter to the NRC requesting
exemptions from certain portions of the requirements of Title 10 of the Code of Federal
Regulations (10 CFR) 50.82(a)(2) to pursue the potential reauthorization of power operations at
Palisades (ADAMS Accession No. ML23271A140). The NRC’s initial acceptance to review
Palisades’ request for exemptions was documented in ADAMS at Accession No. ML23291A440
on November 3, 2023.

The Palisades Nuclear Plant simulation facility was certified as a plant-reference simulator
under the Simulator Facility Certification documented in “Palisades Simulator Certification
Submittal,” dated June 11, 1990 (ADAMS Accession No. ML18057A261). This inspection was
conducted to provide assurance that the simulation facility was restored back to its certified
condition, after cessation of power operations for a period of time.

This inspection performed sections of Inspection Procedure 41502, Nuclear Power Plant
Simulation Facilities. The inspectors assessed the simulation facility performance, simulation
facility program adequacy and implementation, and the simulator deficiency reporting system.
The inspectors examined a sample of activities performed by your staff to ensure that the
Palisades Nuclear Plant simulation facility was being tested in accordance with
ANSI/ANS-3.5-2009, “Nuclear Power Plant Simulators for Use in Operator Training and
Examination.” Additionally, the inspectors reviewed the facility licensee’s established programs
M. Mlynarek                                      2


and processes related to continued assurance of simulator fidelity in accordance with
10 CFR 55.46(d). The inspectors reviewed selected test procedures and programmatic
procedures, reviewed simulator test records, observed activities, and interviewed personnel.

In accordance with Inspection Manual Chapter (IMC) 0613 section 17.02, the Enclosure to this
report includes documentation of the scope of the inspection and the factual observations of
the inspectors.

In accordance with 10 CFR 2.390 of the NRC's ""Rules of Practice,"" a copy of this letter, its
enclosure, and your response (if any) will be available electronically for public inspection in the
NRC Public Document Room or from the Publicly Available Records (PARS) component of
NRC’s document system (ADAMS). ADAMS is accessible from the NRC Website at
http://www.nrc.gov/reading-rm/adams.html (the Public Electronic Reading Room).

Should you have any questions concerning this letter, please contact us.


                                              Sincerely,
                                                                      Signed by Nguyen, April
                                                                      on 03/20/24



                                              April M. Nguyen, Chief
                                              Operations Branch
                                              Division of Operating Reactor Safety

Docket Nos. 50–255 and 72–007
License No. DPR–20

Enclosure:
Inspection Report 05000255/2024010
 w/Attachment: Supplemental Information

cc: Distribution via LISTSERV®
M. Mlynarek                                  3


Letter to Mike Mlynarek from April M. Nguyen dated March 20, 2024.

SUBJECT: PALISADES NUCLEAR PLANT – PLANT REFERENCE SIMULATOR
         INSPECTION REPORT 05000255/2024010

DISTRIBUTION:
RidsNrrPMPalisades Resource
RidsNrrDorlLpl3
RidsNrrDroIrib Resource
John Giessner
Mohammed Shuaibi
Jason Kozal
Diana Betancourt-Roldan
Allan Barker
Harral Logaras
David Curtis
Karla Stoedter
R3-DORS
Ikeda Betts
Lauren Nist
Maryia Bahdanovich-Kniazkova
Jamie Pelton
Russell Felts
Philip McKenna
Prema Chandrathil
Viktoria Mitlyng
Carolyn Wolf
Justin Poole
Jennifer Dalzell
Aaron McCraw




ADAMS Accession Number: ML24078A315
  Publicly Available     Non-Publicly Available           Sensitive     Non-Sensitive
OFFICE      RIII/DORS/OB/CE    RIII/DORS/OB/CE              RIII/DORS/OB/BC
NAME        THenning:mb        BBergeon                     ANguyen
DATE        03/18/2024         03/18/2024                   03/20/2024
                                OFFICIAL RECORD COPY
                          U.S. NUCLEAR REGULATORY OMMISSION
                                        Region III

Docket Numbers:              50–255
                             72–007

License Numbers:             DPR-20

Report Numbers:              05000255/2024010

Licensee:                    Holtec Decommissioning International, LLC

Company, Inc. Facility:      Palisades Nuclear Plant

Location:                    Covert, MI

Inspection Dates:            February 5 - 28, 2024

Inspectors:                  Bryan A. Bergeon, Senior Operations Engineer
                             Troy J. Henning, Senior Operations Engineer

Approved by:                 April M. Nguyen
                             Branch Chief
                             Operations Branch
                             Division of Operating Reactor Safety




                                                                            Enclosure
                                  SUMMARY OF FINDINGS

Inspection Report (IR) 05000255/2024010; 02/05/2024 through 03/13/2024; Palisades Nuclear
Plant simulator inspection report.

This report covers an announced, infrequently performed inspection completed by regional
inspectors.

A. NRC-Identified and Self Revealed Findings

   No findings were identified.

B. Licensee-Identified Violations

   No findings were identified.




                                              2
                                        REPORT DETAILS

1.      4OA5 Other Activities

1P01 Simulator Inspection (41502)

     a. Inspection Scope

        The inspectors partially completed Inspection Procedure (IP) 41502, Nuclear Power
        Plant Simulation Facilities. The inspectors examined a sample of activities performed by
        the facility licensee’s staff to ensure that the Palisades Nuclear Plant simulation facility
        was being tested in accordance with the ANSI/ANS-3.5-2009 standard, “Nuclear Power
        Plant Simulators for Use in Operator Training and Examination.” Additionally, the
        inspectors reviewed and assessed the facility licensee’s established programs and
        processes related to continued assurance of simulator fidelity in accordance with
        Title 10 of the Code of Federal Regulations (10 CFR) 55.46(d). The inspectors reviewed
        selected test procedures and programmatic procedures, reviewed simulator test records,
        observed activities, and interviewed personnel.

        The facility licensee is committed to meet the requirements of ANSI/ANS-3.5-2009, as
        endorsed by Revision 4 of NRC Regulatory Guide 1.149, “Nuclear Power Plant
        Simulation Facilities for Use in Operator Training and License Examinations.” This
        standard establishes the functional requirements for full scope nuclear power plant
        control room simulators used for operator training and examination. The ANSI/ANS-3.5
        standard requirements for testing are specifically implemented in PNT-020 “Simulator
        Performance Testing.” The facility licensee is committed to meet these requirements
        when utilizing the simulation facility to conduct training activities, regardless of the
        operational state of the nuclear power unit.

        1. On-Site Simulation Facility Testing and Test Results

           As detailed in the attached list of documents reviewed, the inspectors reviewed
           simulator test results and records for (a) three steady-state tests, (b) 11 transient
           tests, (c) one core performance test, (d) two post-event tests, (e) one real-time and
           repeatability test, and (f) seven Scenario Based Testing (SBT) tests.

           In accordance with section 3.4.3.2 of the 2009 revision of the ANSI/ANS-3.5
           standard, Scenario-Based Testing (SBT) is only required to be performed for (1)
           NRC initial license examination scenarios, (2) licensed operator requalification
           annual examination scenarios, and (3) scenarios used for reactivity control
           manipulation experience. The facility licensee could not produce the test records
           related to SBT associated with the most recent initial license examination (2020) or
           the previous licensed operator requalification annual examination (2021). The facility
           licensee was able to reperform the SBT for these examinations using the existing
           examination materials and provide those to the inspectors for review on February 27,
           2024.

           The inspectors also observed and reviewed the simulation facility performance
           during two simulator scenarios. These two scenarios were developed by the facility
           licensee for licensed operator requalification training. The facility licensee provided a



                                                 3
   team of three previously licensed Senior Reactor Operator (SRO) individuals and two
   previously licensed Reactor Operator (RO) individuals to operate the simulation
   facility using the appropriate procedures for the associated events and transients as
   requested by the NRC inspectors.

   The scope of the inspectors’ review of the above items was informed by the
   requirements of 10 CFR 55.46(c)(1).

2. Simulation Facility Procedural Development

   The inspectors reviewed a sample of the facility licensee’s procedures related to the
   simulation facility conduct of testing, documentation of simulation facility issues
   requiring assessment and potential corrective actions, simulation facility
   modifications, and the use of the simulation facility for operator training and operator
   testing and evaluations. The inspectors ensured the procedures developed for the
   Palisades Nuclear Plant simulation facility correctly reflected ANSI/ANS-3.5-2009
   requirements, where applicable, and were consistent with recognized practices as
   reflected in currently operating reactor plant reference simulators. The inspectors
   also reviewed a representative sample of the Palisades’ training department
   procedures where there was associated involvement with the simulation facility.
   Finally, the inspectors reviewed the facility licensee’s procedures related to
   maintaining examination and test integrity consistent with the requirements of
   10 CFR 55.49. This review was informed by the requirement of 10 CFR 55.46(d)(4).

3. Simulation Facility Programs for Assurance of Continued Simulator Fidelity

   In addition to reviewing the specified procedural requirements that define the
   Palisades Nuclear Plant simulation facility programs for assurance of continued
   simulator fidelity, the inspectors compared the degree of similarity between the
   simulator and the reference plant control room. The inspectors also reviewed the
   facility licensee’s simulator deficiency reporting (DR) program, including open and
   closed deficiencies. Finally, the inspectors reviewed facility licensee records related
   to the determination of whether simulator discrepancies resulted in an impact on
   operator training and the determination of the impact of identified simulator
   discrepancies on the pass/fail criteria of associated test results.

   The inspectors compared the DRs identified by the facility licensee against the
   simulator test records and results to assess the effectiveness of the facility licensee’s
   program for identification and prioritization of issues, reporting, evaluation, schedule
   for implementing timely corrective actions, and corrective actions. The inspectors
   assessed whether the facility licensee was effectively identifying any simulator
   discrepancies that could result in negative training of operators. The inspectors
   verified whether the facility licensee adequately captured simulator problems and
   deficiencies; and that corrective actions were performed, tracked, trended, and
   completed in a timely fashion commensurate with the safety significance of the item.
   The inspector’s review included confirming that the corrective actions taken did not
   introduce new errors into the simulation facility modeling and response (reference
   IP 41502 section 02.02.a.2 and 02.02.b.5).




                                         4
      The inspectors also evaluated documented simulator differences and recent
      modifications impacting the simulator and the reference plant control room (reference
      IP 41502 section 02.02.b.3).

      The scope of the inspectors’ review of the above items was informed by the
      requirements of 10 CFR 55.46(d).

   4. Summary of IP 41502 Completion

      The inspectors completed the following IP 41502 inspection requirements:
      02.02.b.1.(a) through (e), 02.02.b.2, 02.02.b.3, 02.02.b.4.(a) through (d), and
      02.02.b.5.

b. Observations and Findings

   No findings were identified.

c. Assessment

   1. On-Site Simulation Facility Testing and Test Results

      (a) Steady-State Test Results

          Steady state testing was reviewed for the 100%, 69%, and 47% power levels
          under Palisades Simulator Test Procedure, SS-01, spanning at least 50% of the
          operating range for which reference unit data was available. The inspectors
          reviewed the licensee’s testing and determined that it adequately addressed the
          requirements of ANSI/ANS-3.5-2009 section 4.1.3.1. No discrepancies were
          identified.

      (b) Transient Test Results

          The inspectors reviewed all 11 of the licensee’s transient tests obtained on the
          simulator compared to the design data guidance in ANSI/ANS-3.5-2009
          Appendix B.3. No discrepancies were identified.

      (c) Core Performance Testing Results

          The facility licensee used the most recent reactor core load (cycle 28) to perform
          the core performance testing, which was documented in Palisades Simulator
          Test Procedure, DR 20-033, Cycle 28 Core Performance Test. The inspectors
          reviewed the licensee’s testing data and determined that it adequately addressed
          the requirements of ANSI/ANS-3.5-2009 section 3.4.3.3. No discrepancies were
          identified.

      (d) Post-Event Testing Results

          Two post-event tests were conducted and reviewed by the inspectors, Palisades
          Simulator Test Procedure, DR 18-007, Simulator Limits Test, on December 18,
          2023, and Palisades Simulator Test Procedure, DR 19-003, Event – Automatic
          Plant Trip, on January 9, 2019. The inspectors reviewed the data and determined


                                           5
   that both post-event tests demonstrated the capability of the simulator to
   adequately reproduce the events, as required in ANSI/ANS-3.5-2009
   section 4.4.3.4. No discrepancies were identified.

(e) Real-Time and Repeatability Test Results

   The inspectors reviewed Palisades Simulator Test Procedure, RT&R, Real Time
   and Repeatability Test, and the licensee’s associated actions and determined
   that they met the requirements of ANSI/ANS-3.5-2009 section 4.1.1. No
   discrepancies were identified.

(f) Scenario Based Testing Results

   The inspectors reviewed facility licensee procedure PNT-024, Simulator Scenario
   Based Testing Guideline, and determined that it met the requirements of
   ANSI/ANS-3.5-2009 section 3.4.3.2.

   In accordance with section 3.4.3.2 of the 2009 revision of the ANSI/ANS-3.5
   standard, SBT is only required to be performed for (1) NRC initial license
   examination scenarios, (2) licensed operator requalification annual examination
   scenarios, and (3) scenarios used for reactivity control manipulation experience.
   The facility licensee was able to provide SBT associated with item (3), scenarios
   used for reactivity control manipulation experience. The inspectors reviewed
   Palisades Simulator Test Procedures, SBT-1, Rapid Down Power; SBT-2,15%
   Down Power; SBT-3, 15% Power Escalation; and SBT-4, Turbine Sync; and
   identified no discrepancies.

   During the inspection, the facility licensee could not initially produce SBT
   associated with (1), NRC initial license examination scenarios, or (2) licensed
   operator requalification annual examination scenarios, as those records were lost
   upon the facility’s transition from an operational status to decommissioning in
   June 2022. In response to questions from the NRC inspectors, the facility
   licensee was able to reperform the SBT for these scenarios using the approved
   examination documentation and provided these documents to the inspectors on
   February 27, 2024. The inspectors reviewed the reperformed SBT data
   documented under Palisades Simulator Performance Testing Documentation,
   LOR SES-267, LOR SES-250, and ILT NRC 2020 NRC-1, and determined that
   the simulator could meet the section 3.4.3.2 requirements.

   10 CFR 55.46(d)(1) requires facility licensees to conduct performance testing
   throughout the life of the simulation facility in a manner sufficient to ensure that
   paragraphs (c)(2)(ii), as applicable, and (d)(3) of this section are met. The results
   of performance tests must be retained for four years after the completion of each
   performance test or until superseded by updated test results. The failure to retain
   necessary records was determined to be a minor violation of 10 CFR 55.46(d)(1),
   as simulator fidelity was determined to not be impacted. The facility documented
   this issue in CR-PAL-1821.




                                     6
        (g) Scenario Results

            The inspectors observed the simulation facility performance during two simulator
            scenarios. These two scenarios were developed by the facility licensee for
            licensed operator requalification training. The inspectors determined the
            simulator adequately addressed the requirements of ANSI/ANS-3.5-2009.

2.   Simulation Facility Procedural Development

     The inspectors reviewed the following facility licensee’s simulator testing procedures:
     PNT-020, Simulator Performance Testing
     PNT-021, Simulator Steady State Testing Guideline
     PNT-022, Simulator Transient Testing Guideline
     PNT-023, Reactor Core Testing Guideline
     PNT-024, Simulator Scenario Based Testing Guideline

     The procedures laid out testing methodologies and schedules for all required tests and
     appropriately included the necessary acceptance criteria. The inspectors determined the
     procedures adequately addressed the requirements of ANSI/ANS-3.5-2009. No
     discrepancies were identified.

3.   Simulation Facility Programs for Assurance of Continued Simulator Fidelity

     The inspectors reviewed the following facility licensee’s simulator configuration control
     and maintenance procedures: PNT-018, Simulator Configuration Control, and PNT-019,
     Simulator Change Request Implementation.

     The inspectors also reviewed a list of open and closed deficiency reports (DRs)
     generated by the licensee to determine the types of issues that were being identified and
     included. The inspectors also reviewed a sample of the records to determine the impact
     on operator training and the effect on the previously completed ANSI/ANS-3.5-2009
     required testing. The inspectors found that the licensee had a very low threshold for
     submitting deficiency requests. When the deficiency could not be corrected, the staff
     then submitted the issue for a Training Needs Analysis.

     The inspectors then reviewed the licensee’s database of outstanding deficiencies to
     ensure that they were being tracked adequately for resolution. The licensee maintained
     a spreadsheet of all DRs created. The spreadsheet included the DR identification
     number, a brief description of the issue and a priority for issue restoration. Feedback
     was provided the facility licensee training staff that the spreadsheet could be improved to
     include information pertinent to the simulator review board (SRB), who reviews and
     prioritizes the DRs, to include improved deficiency descriptions, issue status updates,
     and the status of the training needs analysis. As it was, the inspectors found the
     spreadsheet an effective tool to track DRs and that the SRB was effectively evaluating
     simulator deficiencies.

     Finally, the inspectors performed a review of the simulator control room environment to
     the reference plant control room to verify the simulator replicated the control room in
     accordance with ANSI/ANS-3.5-2009 section 3.2.1.3 and that noticeable differences
     were corrected or that a training needs analysis had been conducted in accordance with
     the criteria provided in section 4.2.1.4. The inspectors identified that the font size, font


                                              7
      type, and bulb color of the simulator annunciators were different than that in the
      reference unit control room. Additionally, the light intensity of multiple control board
      indications in the simulator were different than those in the reference unit control room.
      The simulator annunciator bulb color and control board indicator bulb intensities were
      tracked on the DR list, as appropriate. The facility licensee was determined to not have
      identified and was not tracking the simulator annunciator differences. The facility
      licensee documented this issue in DR 2024028.

      The inspectors determined that other simulator differences were appropriately
      documented and assessed in accordance with ANSI/ANS-3.5-2009 section 3.2.1.3.

4.    OTHER INSPECTION RESULTS

4A06 Meetings, Including Exit

      Exit Meeting

      On February 12, 2024, the inspectors presented the preliminary inspection results to
      Mike Mlynarek, Site Vice President, along with other members of your staff. On
      March 13, 2024, the inspectors presented the final inspection results to Mike Mlynarek,
      Site Vice President, and the Palisades staff. The inspectors stated that no proprietary
      information would be included in the inspection report.




                                               8
                              SUPPLEMENTAL INFORMATION

                                 KEY POINTS OF CONTACT

Licensee Personnel

Mike Mlynarek, Palisades Site Vice President
Mike Schultheis, Palisades Regulatory Assurance Manager
Bill Townes, Palisades Operations Shift Manager
Scott Summer, Palisades Security Manager
Gerry Wright, Palisades Radiation Protection Manager
Jim Miksa, Palisades Regulatory Assurance Engineer
Kevin Block, Palisades Nuclear Oversight Manager
Mike Lee, Palisades Chemistry Manager
Jean Fleming, Holtec International Vice President, Licensing, Regulatory Affairs & PSA
Rich Burroni, HDI Palisades Chief Nuclear Officer
Ken Morris, Palisades Radiation Protection Supervisor
Mike Bailey, Palisades Operations Supervisor
Joe Jerz, Palisades Engineering Manager
Walt Nelson, Palisades Training Manager
Chuck Sizemore, Palisades Training Contractor
Jeremy Osborn, Palisades Training Contractor
Kami Miller, Palisades Emergency Planning Manager
Chad Burton, Palisades Finance Manger

                   LIST OF ITEMS OPENED, CLOSED, AND DISCUSSED

None




                                               9
                             LIST OF DOCUMENTS REVIEWED

Simulator Deficiency Reports:

DR 2352, Training Building HVAC, 05/31/2023
DR 2353, UPS and Simulator Power, 05/31/2023
DR 2369, Convert simulator to LEDs, 05/31/2023
DR 2374, Turbine Control System (DEH), 05/31/2023
DR 2371, Plant Process Computer Restoration, 06/06/2023
DR 2023018, Simulator room desk top systems, equipment and displays, 12/22/2023
DR 2023012, Simulator Security system. Ability to lock simulator, isolate simulator network and
clear, 12/22/2023
DR 2023013, Simulator LEDs for annunciators and control board equipment do not match
reference unit, 12/22/2023
DR 2023015, Turbine Control System (DEH) computer has been removed and needs to be
updated, 12/22/2023
DR 2024028, Simulator Annunciator Panel Labeling, 02/12/2024

Plant Condition Reports:

CR 12354904, Simulator I/O Failure Causes Training Delay, 05/04/2020
CR 12410062, Simulator Crash During Training, 08/19/2020
CR 12463757, Simulator During Daily Simulator Operational Readiness Test, 12/11/2020
CR 12507274, Simulator Indications not working as Expected, 03/18/2021
CR 12759039, Tagging for Simulator Dismantlement, 05/12/2022
PAL-1821, SBT Data Retention, 02/12/2024

Procedures:

PNT-018, Simulator Configuration Control, Revision 1
PNT-019, Simulator Change Request Implementation, Revision 0
PNT-020, Simulator Performance Testing, Revision 0
PNT-021, Simulator Steady State Testing Guideline, Revision 0
PNT-022, Simulator Transient Testing Guideline, Revision 0
PNT-023, Reactor Core Testing Guideline, Revision 0
PNT-024, Simulator Scenario Based Testing Guideline, Revision 0
PNT-217, Examination Security, Revision 0

Simulator ANSI/ANS-3.5-2009 Appendix B Transient Tests:

Palisades Simulator Test Procedure, T01, Manual Reactor Trip, 12/13/2023
Palisades Simulator Test Procedure, T02, Simultaneous Trip of All Feedwater Pumps,
12/13/2023
Palisades Simulator Test Procedure, T03, Simultaneous Closure of all Main Steam Isolation
Valves, 12/13/2023
Palisades Simulator Test Procedure, T04, Simultaneous Trip of All Reactor Coolant Pumps,
12/21/2023
Palisades Simulator Test Procedure, T05, Manual Trip of Any Single Reactor Coolant Pump,
12/21/2023
Palisades Simulator Test Procedure, T06, Main Turbine Trip from Maximum Power Level which
does not result in immediate Reactor Trip, 12/21/2023


                                              10
Palisades Simulator Test Procedure, T07, Maximum Rate Power Ramp from 100% to
Approximately 75% and back up to 100%, 12/21/2023
Palisades Simulator Test Procedure, T08, Maximum Size Reactor Coolant System Rupture
combined with a Loss of all Offsite Power, 12/21/2023
Palisades Simulator Test Procedure, T09, Maximum Size Unisolable Main Steam Line Rupture,
12/21/2023
Palisades Simulator Test Procedure, T10, Slow Primary System Depressurization to Saturated
Condition with Pressurizer Relief or Safety Valve Stuck Open, 12/21/2023
Palisades Simulator Test Procedure, T11, Maximum Design Load Rejection, 12/21/2023

Simulator ANSI/ANS-3.5-2009 Scenario Based Tests:

Palisades Simulator Test Procedure, SBT-1, Rapid Down Power, 08/22/2023
Palisades Simulator Test Procedure, SBT-2, 15% Down Power, 08/22/2023
Palisades Simulator Test Procedure, SBT-3, 15% Power Escalation, 08/22/2023
Palisades Simulator Test Procedure, SBT-4, Turbine Sync, 08/22/2023
Palisades Simulator Performance Testing Documentation, LOR SES-267, Revision 1
Palisades Simulator Performance Testing Documentation, LOR SES-250, Revision 1
Palisades Simulator Performance Testing Documentation, ILT NRC 2020 NRC-1, Revision 1

Simulator ANSI/ANS-3.5-2009 Post-Event Tests:

Palisades Simulator Test Procedure, DR 18-007 Simulator Limits Test, 12/18/2023
Palisades Simulator Test Procedure, DR 19-003, Event – Automatic Plant Trip, 01/09/2019

Simulator ANSI/ANS-3.5-2009 Steady State Tests:

Palisades Simulator Test Procedure, SS-01, Steady State Test 100% Power, 12/13/2023
Palisades Simulator Test Procedure, SS-01, Steady State Test 69% Power, 12/13/2023
Palisades Simulator Test Procedure, SS-01, Steady State Test 47% Power, 12/13/2023

Simulator ANSI/ANS-3.5-2009 Real Time and Repeatability Test:

Palisades Simulator Test Procedure, RT&R, Real-Time and Repeatability Test, 12/21/2023

Simulator ANSI/ANS-3.5-2009 Core Performance Tests:

Palisades Simulator Test Procedure, DR 20-033, Cycle 28 Core Performance Test, Cycle 28

Miscellaneous Documents:

Palisades Malfunction List, List of All ANSI/ANS-3.5 Malfunctions, 12/14/2023
EC 82400, Cycle 28 Core Reload, Revision 0
EC 84561, Reduce Letdown Normal Operating Pressure, Revision 0
EC 84218, PY-0102A, PY-0102
EC 90901, EK-0946, P-50D Seal Leakage Flow Low Alarm Set
Simulator Differences List, 10/13/2021
Simulator Discrepancy Report, 02/03/2024
Simulator Design Changes Installed Since 01/01/2020
PNT-018-TF-SRB, Simulator Review Board Minutes (01/04/2024)



                                              11
                              LIST OF ACRONYMS

ANS    American Nuclear Society
ANSI   American National Standards Institute
CR     Condition Report
DR     Discrepancy Report
EC     Engineering Change
IMC    Inspection Manual Chapter
IP     Inspection Procedure
IR     Inspection Report
NRC    Nuclear Regulatory Commission
PWR    Pressurized Water Reactor
SBT    Scenario Based Testing
SRB    Simulator Review Board




                                      12
"
ML24045A147,2023004,2024-02-20,"NRC INSPECTION REPORT NO. 05000255/2023004(DRSS) – HOLTEC DECOMMISSIONING INTERNATIONAL, LLC, PALISADES NUCLEAR PLANT",https://www.nrc.gov/docs/ML2404/ML24045A147.pdf,1,archive/reports/ML24045A147/12dce2d31541b65e7f02dd0a0367e515ba5e073c51a54b36e1f1d98be4574885.pdf,archive/reports/ML24045A147/12dce2d31541b65e7f02dd0a0367e515ba5e073c51a54b36e1f1d98be4574885.txt,"                                          February 20, 2024
Mike Mlynarek
Site Vice President
Holtec Decommissioning
International, LLC
Palisades Nuclear Plant
27780 Blue Star Memorial Highway
Covert, MI 49043-9530

SUBJECT:       NRC INSPECTION REPORT NO. 05000255/2023004(DRSS) – HOLTEC
               DECOMMISSIONING INTERNATIONAL, LLC, PALISADES NUCLEAR PLANT

Dear Mike Mlynarek:

On November 30, 2023, the U.S. Nuclear Regulatory Commission (NRC) completed onsite
inspection activities for October 10, 2023, through November 30, 2023, at the permanently
shut-down Palisades Nuclear Plant in Covert, Michigan. The purpose of the inspection was to
determine whether decommissioning activities were conducted safely and in accordance with
NRC requirements. The enclosed report presents the results of this inspection, which were
discussed with you and other members of your staff on January 23, 2024.

During the inspection period, the NRC inspectors reviewed the following aspects of onsite
activities: problem identification and resolution; fire protection; and decommissioning
performance. The inspection consisted of an examination of activities at the site as they relate
to safety and compliance with the Commission’s rules and regulations. Areas examined during
the inspection are identified in the enclosed report. Within these areas, the inspection consisted
of a selective examination of procedures and representative records, reviewing work activities,
and interviews with personnel.

Based on the results of this inspection, the NRC identified one Severity Level (SL) IV violation of
NRC requirements. However, because of the very low safety significance and because the
issue was entered into your corrective action program (CAP), the NRC is treating the issue as a
Non-Cited Violation (NCV), in accordance with Section 2.3.2 of the NRC's Enforcement Policy.

No response is required for the NCV. However, if you contest the violation or significance of the
NCV, you should provide a response within 30 days of the date of this inspection report, with the
basis for your denial, to the U.S. Nuclear Regulatory Commission, ATTN: Document Control
Desk, Washington, DC 20555–0001, with copies to the Regional Administrator, Region III; and
the Director, Office of Enforcement.
M. Mlynarek                                  2

This letter, its enclosure, and your response (if any) will be made available for public inspection
and copying at http://www.nrc.gov/reading-rm/adams.html and at the NRC Public Document
Room in accordance with Title 10 of the Code of Federal Regulations (CFR) 2.390, “Public
Inspections, Exemptions, Requests for Withholding.”

                                              Sincerely,
                                                                      Signed by Hills, David
                                                                      on 02/20/24



                                              David E. Hills, Chief
                                              Decommissioning, Reactor, and ISFSI HP Branch
                                              Division of Radiological Safety and Security

Docket No: 50-255
License No: DPR-20

Enclosure:
IR Nos. 05000255/2023004 (DRSS)

cc w/encl: Distribution via LISTSERV®
M. Mlynarek                                3

Letter to Mike Mlynarek from David Hill dated February 20, 2024.

SUBJECT:      NRC INSPECTION REPORT NO. 05000255/2023004(DRSS) – HOLTEC
              DECOMMISSIONING INTERNATIONAL, LLC, PALISADES NUCLEAR PLANT

DISTRIBUTION w/encl:
Shaun Anderson
Marlayna Doell
April Nguyen
Tanya Hood
Richard Turtil
Dori Willis
David Curtis
Jared Heck
Prema Chandrathil
Viktoria Mitlyng
Allan Barker
Harral Logaras
Doris Chyu
Jennifer Dalzell




ADAMS Accession Number: ML24045A147
OFFICE      RIII DRSS        C RIII DRSS         C   RIII          RIII
NAME        VMyers:gmp           DHills
DATE       2/15/2024             2/20/2024
                                 OFFICIAL RECORD COPY
            U.S. NUCLEAR REGULATORY COMMISSION
                          REGION III


Docket No:           50-255


License No:          DPR-20


Report No:           05000255/2023004(DRSS);


Enterprise Identifier: I-2023-004-0068


Licensee:            Holtec Decommissioning International, LLC


Facility:            Palisades Nuclear Plant


Location:            Covert, Michigan


Dates:               October 10, 2023, to November 30, 2024


Inspectors:          Gehan Flanders, Health Physicist
                     Valerie Myers, Senior Health Physicist


Approved by:         David E. Hills, Chief
                     Decommissioning, Reactor, and ISFSI HP Branch
                     Division of Radiological Safety and Security




                                                                 Enclosure
                                     EXECUTIVE SUMMARY

                                     Palisades Nuclear Plant

                    NRC Inspection Report Nos. 05000255/2023004(DRSS)

The Palisades Nuclear Plant is permanently shut-down and defueled power reactor. This
periodic safety inspection reviewed licensed activities associated with decommissioning
performance; occupational radiation exposure; radiological surveys; and radioactive waste
treatment, effluent, and environmental monitoring.

Problem Identification and Resolution

•   Issues were identified by the licensee at appropriate thresholds and entered into the
    corrective action program (CAP). Issues were screened and prioritized commensurate with
    safety significance. Licensee evaluations determined the significance of issues and included
    appropriate remedial corrective actions.

Fire Protection Program

•   An effective decommissioning Fire Protection Program was maintained and implemented
    that reasonably prevented fires; provided the capability to rapidly detect, control, and
    extinguish fires that could result in radiological hazards; and ensured the risk of fire-induced
    hazards to the public, environment, and plant personnel were minimized.

Decommissioning Performance and Status Review

•   The NRC identified one SL IV NCV of 10 CFR 50.82(a)(8)(i) for using the Palisades
    Decommissioning Trust Fund (DTF) for expenses that were not legitimate decommissioning
    activities.




                                                 2
                                         Report Details

Summary of Plant Activities

During this inspection period, the licensee continued activities associated with Period 2 of the
Post Shutdown Decommissioning Activities Report (PSDAR). No major decommissioning
activities occurred during the inspection period.

1.0    Problem Identification and Resolution at Permanently Shutdown Reactors
       (IP 40801)

1.1    Inspection Scope

       The inspectors performed walkdowns, reviewed documents, and interviewed plant
       personnel to assess the licensee’s performance in the following areas:

       •   Effectiveness at preventing, detecting, and correcting issues;
       •   Identifying and evaluating potential 10 CFR Part 21, “Reporting of Defects and
           Non-Compliance Issues;”
       •   Audits and assessments evaluating the Corrective Action Program and Quality
           Assurance Program; and
       •   The licensee’s safety culture


1.2    Observations and Findings

       The inspectors observed several corrective action program (CAP) management review
       meetings to assess the manner in which management is performing oversight of the
       CAP. The inspectors reviewed various issues entered into the CAP to assess whether
       issues were being assigned the appropriate significance level, investigation level, and
       corrective actions. There were no root cause evaluations or apparent cause evaluations
       conducted during the inspection period; however, the inspectors reviewed various work
       group evaluations. Corrective actions were also reviewed to verify that the assigned
       corrective actions were completed as described in the CAP documents. Through
       document review and discussions with staff, the inspectors evaluated the licensee’s
       process for reviewing 10 CFR Part 21 issues as well as completing audits in accordance
       with the quality assurance program manual. The inspectors reviewed the most recent
       audits of the CAP and Quality Assurance Program. The inspectors also evaluated the
       licensee’s safety culture through review of programs such as the employee concerns
       program, safety culture surveys conducted by the licensee, and discussions with site
       staff.

       No findings were identified.

1.3    Conclusions

       Issues were identified by the licensee at appropriate thresholds and entered into the
       CAP. Issues were screened and prioritized commensurate with safety significance.
       Licensee evaluations determined the significance of issues and included appropriate
       remedial corrective actions.

                                                3
2.0   Fire Protection Program at Permanently Shutdown Reactors (IP 64704)

2.1   Inspection Scope

      The inspectors performed walkdowns, reviewed documents, and interviewed plant
      personnel to assess the licensee’s performance in the following areas:

      •   Fire protection program met Technical Specifications, PSDAR, and fire hazard
          analyses requirements;
      •   Changes to the Fire Protection Program did not reduce the effectiveness of the
          program;
      •   Assessments were being performed in accordance with 10 CFR 50.48(f)(2);
      •   Fire protection detection and suppression systems were effectively maintained,
          surveillances were performed, and systems were capable of performing their
          intended function;
      •   Fire barriers were effectively maintained;
      •   Firefighting equipment was properly inventoried, inspected, tested, and maintained;
      •   Administrative controls were in place to minimize the occurrence of a fire; and
      •   Staffing and training requirements were consistent with the Fire Protection Program
          and Emergency Plan.

      The inspectors verified that when issues were identified, licensee personnel
      appropriately documented the issue in the CAP.

2.2   Observations and Findings

      The inspectors walked down the fuel handling building and east radwaste building to
      verify that fire protection equipment aligned with programmatic requirements and
      reviewed surveillance records for fire detection and suppression equipment in these
      areas. The inspectors reviewed current fire brigade training and drill participation records
      for each crew. Evaluations for modifications to the fire protection program for the
      feedwater purity building and cooling towers were reviewed to verify that the changes did
      not reduce the effectiveness of the fire protection program. The most recent internal
      audits of the fire protection program were reviewed to assess the licensee’s ability to
      self-identify issues.

      No findings were identified.

2.3   Conclusions

      An effective decommissioning Fire Protection Program was maintained and
      implemented that reasonably prevented fires; provided the capability to rapidly detect,
      control, and extinguish fires that could result in radiological hazards; and ensured the
      risk of fire-induced hazards to the public, environment, and plant personnel were
      minimized.




                                               4
3.0   Decommissioning Performance and Status Review (IP 71801)

3.1   Inspection Scope

      The inspectors reviewed documents and interviewed plant personnel to assess the
      licensee’s performance in the following areas:

      •   Withdrawals from the Decommissioning Trust Fund (DTF) were consistent with the
          requirements established in 10 CFR 50.82(a)(8).

      The inspectors verified that when issues were identified, licensee personnel
      appropriately documented the issue in the CAP.

3.2   Observations and Findings

      In inspection report 05000255/2023003 (ML23276B452), an unresolved item was
      identified involving withdrawals from the DTF in the amount of approximately $53,500 for
      seven items identified as restart projects. This item was being tracked by NRC to
      determine if those withdrawals were used for legitimate decommissioning activities and
      allowable under NRC regulations (URI 05000255/2023003-01, Review of
      Decommissioning Trust Fund Withdrawals). As the NRC continued its review of
      withdrawals from the DTF, the inspectors identified two instances in which the DTF was
      used for voluntary contributions to community events/support activities, totaling
      approximately $3,500.

      With respect to the above restart expenditures, the licensee had a system in place to
      control the source of payments but had inadvertently used the DTF due to mis-coding
      errors. The licensee promptly arranged for replacement of those funds in the DTF and
      performed additional training of staff. The improper use of the DTF for voluntary
      contributions to community events/support activities reflected non-conservative decision
      making with respect to the DTF. Once brought to its attention during the NRC inspection,
      the licensee re-evaluated and arranged for replacement of those funds in the DTF.

      Violation

      The NRC identified one Severity Level IV non-cited violation (NCV) of 10 CFR
      50.82(a)(8)(i) because HDI used DTF for expenses that were not legitimate
      decommissioning activities. Specifically, HDI used funds for restart activities and
      voluntary contributions to community events/support activities that were not related to
      removing the facility or site safely from service and reducing residual activity to a level
      that permits release of the property for either unrestricted or restricted conditions and
      termination of the license. This violation closes out URI 05000255/2023003-01, Review
      of Decommissioning Trust Fund Withdrawals.

      10 CFR 50.82(a)(8)(i) states, in part, that decommissioning trust funds may be used by
      licensees if the withdrawals are for expenses for legitimate decommissioning activities
      consistent with the definition of decommissioning in 10 CFR 50.2.




                                               5
      10 CFR 50.2 defines decommissioning as removing a facility or site safely from service
      and reducing residual radioactivity to a level that permits—
             (1) Release of the property for unrestricted use and termination of the license; or
             (2) Release of the property under restricted conditions and termination of the
                 license.

      Contrary to the above, between January 2023 and March 2023, HDI used the Palisades
      DTF for expenses that were not legitimate decommissioning activities. Specifically, HDI
      used decommissioning funds for some activities identified as being restart activities; as
      well as voluntary contributions to community events/support activities. These
      expenditures were not related to removing the facility or site safely from service, and
      reducing residual activity to a level that permits release of the property for either
      unrestricted or restricted conditions and termination of the license.

      This violation was determined to be a Severity Level IV violation. The NRC considered
      NRC Enforcement Policy example 6.3.c.1, dated January 14, 2022, regarding a
      significant failure to meet decommissioning as required by regulation or license condition
      for materials sites. Additionally, the NRC considered the legitimacy of use, the dollar
      amount involved compared to the total DTF amount, and programmatic aspects in
      making this determination. The NRC determined that the DTF was illegitimately used,
      $57,000 is a small fraction of the Palisades DTF and did not represent a significant
      failure to meet decommissioning, and that this was not a single failure event, there were
      numerous occurrences. HDI entered this issue into the CAP as PAL-10248 and
      PAL-01605 and initiated corrective actions to restore the funds back into the DTF.

      Since the licensee placed the deficiency into its CAP, the violation was of very low safety
      significance, and because the violation was not willful or repetitive, this violation is being
      treated as an NCV, consistent with Section 2.3.2.a of the NRC Enforcement Policy.
      (NCV 05000255/2023004-01, Improper Use of Decommissioning Trust Fund).

3.3   Conclusions

      One Severity Level IV NCV of 10 CFR 50.82(a)(8)(i) was identified because HDI used
      the DTF for expenses that were not legitimate decommissioning activities.

4.0   Exit Meeting

      The inspectors presented the results of the inspection to Mike Mlynarek and other
      members of the Palisades Nuclear Plant staff at an exit meeting on January 23, 2024.
      The licensee acknowledged the results presented and did not identify any of the
      information discussed as proprietary.

ATTACHMENT: SUPPLEMENTAL INFORMATION




                                                6
                                 SUPPLEMENTAL INFORMATION

                          PARTIAL LIST OF PERSONS CONTACTED

M. Mlynarek, Site Vice President
M. Schultheis, Regulatory Assurance Manager
G. Wright, Radiation Protection Manager
J. Miksa, Regulatory Assurance Engineer
B. Noval, Fleet Licensing Director
S. Summers, Security Manager
J. Borah, Maintenance Manager
D. DeBusscher, Operations Shift Manager
K. Block, Nuclear Oversight Manager

                           INSPECTION PROCEDURES (IPs) USED

IP 40801       Problem Identification and Resolution at Permanently Shutdown Reactors
IP 64704       Fire Protection Program at Permanently Shutdown Reactors
IP 71801       Decommissioning Performance and Status Reviews at Permanently
               Shutdown Plants


ITEMS OPENED, CLOSED, AND DISCUSSED

 Opened                    Type       Summary

 05000255/2023004-01       NCV        Improper Use of Decommissioning Trust Fund

 Closed                    Type       Summary

 05000255/2023004-01       NCV        Improper Use of Decommissioning Trust Fund

 05000255/2023003-01       URI        Review of Decommissioning Trust Fund
                                      Withdrawals

                         PARTIAL LIST OF DOCUMENTS REVIEWED

The following is a partial list of documents reviewed during the inspection. Inclusion on this list
does not imply that the NRC inspectors reviewed the documents in their entirety, but rather that
selected sections of portions of the documents were evaluated as part of the overall inspection
effort. Inclusion of a document on this list does not imply NRC acceptance of the document or
any part of it, unless this is stated in the body of the inspection report.

- PAL-01007, Observation during QA fire protection audit, 2/27/2023
- PAL-01009, South Yard Fencing, 02/28/2023
- Fire Brigade Qualification Matrix, 10/10/2023
- Fire Brigade Training Tracker, 10/10/2023
- Audit 2023-I-01, Fire Protection, 03/15/2023
- TE-PAL-FPP-001, Permanently abandon and remove feedwater purity building fire protection
  headers, fire extinguishers and fire detectors, 02/07/2023



                                                                                    Attachment
- TE-PAL-FPP-003, Drain and Permanently Isolate the Cooling Tower Fire Loop, 04/06/2023
- East Radwaste Pre-Fire Plan
- Refueling and Spent Fuel Pool Area Pre-Fire Plan
- Transformer Area Pre-Fire Plan
- Fire Drill Reports for 09/21/2023, 09/27/2023 and 09/28/2023
- FP-PE-12, Dry Chemical Fire Extinguishers, Revision 14
- FP-PE-14, Carbon Dioxide Fire Extinguishers, Revision 13
- FPIP-4, Fire Protection Systems and Fire Protection Equipment, Revision 43
- WO 52940605, Fire Hose Reel/Rack and Hose Inspection, 03/11/2022
- WO 52979186, Functional Test of Fire Detection Systems Outside Containment, 12/20/2022
- DSP-RA-001, Corrective Action Program, Revision 0 and 1
- DSP-RA-002, Employee Concerns Procedure, Revision 0
- EN-LI-108-01, 10 CFR 21 Evaluations and Reporting
- HSP-101802, Audits, Revision 7
- Master Work Order Database
- MRC Reports for 11/15/2023, 11/27/2023, and 11/29/2023
- Palisades 2022-I-17 QA Program Internal Audit Checklist
- Quality Assurance Program Audit 2022-I-17 Report, 01/26/2023
- PI&R Self-Assessment, 12/05/2022
- PAL-00837, QA Program Audit, 10/25/2022
- PAL-01007, QA Fire Protection Audit, 02/27/2023
- PAL-01018, Part 37 Self-Assessment, 03/07/2023
- PAL-01111, 8 hour Non-Emergency Report to NRC, 05/03/2023
- PAL-01112, Power Failure Phones, 05/03/2023
- PAL-01113, Work Crew Inadvertently Crossed HRA Posting, 05/03/2023
- PAL-01142, EOF to Control Room Radio, 05/17/2023
- PAL-01258, FT-1818 Out of Tolerance, 07/18/2023
- PAL-01422, Operating Experience Reviews, 10/09/2023
- PAL-01538, Self-Assessment on Source Inventory and Control, 11/06/2023
- Post Shutdown Decommissioning Activities Report (PSDAR) including Site-Specific
  Decommissioning Cost Estimate for Palisades Nuclear Plant, 12/23/2020
- Status of Decommissioning Funding for Reactors and Independent Spent Fuel Storage
  Installations Report, 03/31/2023
- PAL-01248, Decommissioning Trust Fund Usage, 07/13/2023
- Master Decommissioning Trust Agreement changes for Indian Point Nuclear Generating Units
  1, 2 and 3, Pilgrim Nuclear Power Station, Palisades Nuclear Plant, and the Non-Qualified
  Trust for Big Rock Point, 11/13/2023
- PAL-01605, NRC Request Charitable Donations Paid out of DTF, 11/30/2023




                                             2
                       LIST OF ACRONYMS USED

ADAMS   Agencywide Document Access and Management System
CAP     Corrective Action Program
CFR     Code of Federal Regulations
DRSS    Division of Radiological Safety and Security
IP      Inspection Procedure
IR      Issue Report
ISFSI   Independent Spent Fuel Storage Installation
NRC     U.S. Nuclear Regulatory Commission
PSDAR   Post Shutdown Activities Report
RP      Radiation Protection
DTF     Decommissioning Trust Funds




                                   3
"
